LST,NDVI,NDBI,UTFVI,Year
37.68643,0.29349548,0.066585466,0.060525715,2016
36.5448,0.43007421,0.00093134254,0.031177245,2016
31.246857,0.6026925,-0.1982288,-0.13308784,2016
34.032562,0.5060953,-0.081320874,-0.040339936,2016
34.770844,0.5138195,-0.0654023,-0.01825064,2016
34.333344,0.44040155,-0.08181464,-0.031225918,2016
31.735626,0.5465977,-0.12210709,-0.11563684,2016
39.077545,0.2801294,0.02877203,0.09396986,2016
36.182465,0.33685973,0.02542551,0.021475347,2016
27.927948,0.6623636,-0.25954747,-0.26774204,2016
39.597076,0.21902624,0.12294997,0.10585738,2016
39.2211,0.2192603,0.08308641,0.09728606,2016
32.542297,0.5527024,-0.13212144,-0.087982,2016
37.08484,0.3853484,6.289144e-05,0.045285493,2016
34.02231,0.4414187,-0.0077954647,-0.040653482,2016
36.47986,0.4008397,-0.035249073,0.029452547,2016
38.223053,0.37339956,0.032816626,0.07371518,2016
35.327972,0.4086728,-0.0037210912,-0.002192632,2016
34.900726,0.40867168,-0.019281032,-0.014461228,2016
34.22397,0.5746601,-0.14595208,-0.034521572,2016
34.96225,0.46620193,-0.015071161,-0.0126760695,2016
38.838287,0.32584682,0.065856494,0.08838839,2016
33.14386,0.55947244,-0.122218005,-0.06823508,2016
39.361237,0.34836754,-0.018143618,0.100499965,2016
34.5726,0.46961012,-0.039588973,-0.024089374,2016
30.952911,0.5867824,-0.18495862,-0.14384826,2016
38.29483,0.3974672,0.043980483,0.07545135,2016
34.545258,0.4819025,-0.031980667,-0.024899976,2016
38.99893,0.27273,0.04215687,0.092143506,2016
34.497406,0.4537138,-0.040804498,-0.026321622,2016
37.139526,0.30469528,0.05616414,0.0466913,2016
34.85971,0.44193473,-0.011247615,-0.015654834,2016
33.66684,0.45251086,-0.0477816,-0.051641144,2016
34.97592,0.49360228,-0.07821812,-0.01228022,2016
38.475983,0.3149059,0.088235885,0.0798043,2016
31.906525,0.52930874,-0.09372589,-0.10966124,2016
36.196136,0.41198435,0.00083742867,0.021844951,2016
38.05899,0.22807683,0.078772016,0.069722205,2016
35.509125,0.4685381,-0.048844315,0.0029201256,2016
35.020355,0.37710232,-0.00037712298,-0.010995846,2016
36.093597,0.3180969,0.042083565,0.01906609,2016
39.159576,0.25137305,0.050786808,0.095867805,2016
36.131195,0.3235585,0.050393697,0.020086836,2016
29.924103,0.6432799,-0.24469398,-0.18317445,2016
34.85971,0.4669492,-0.06828019,-0.015654834,2016
30.200958,0.64498967,-0.23214276,-0.17232816,2016
35.204926,0.50153774,-0.066977285,-0.005695456,2016
31.7117,0.55565387,-0.14383395,-0.11647856,2016
36.96521,0.4036927,0.03195798,0.042195793,2016
36.00473,0.4554949,-0.09349394,0.01664494,2016
36.32263,0.3659858,0.054431118,0.025251424,2016
29.930939,0.6060935,-0.20569783,-0.18290421,2016
36.818237,0.48071283,-0.08885683,0.038372386,2016
39.822662,0.20980404,0.12860382,0.110922486,2016
37.611237,0.39213127,-0.044225294,0.058647446,2016
36.52771,0.3210985,0.08082706,0.03072397,2016
35.909027,0.36993098,0.024625793,0.014024146,2016
36.886597,0.27696067,0.090256855,0.040154506,2016
40.87201,0.23218201,0.0713617,0.13374864,2016
34.18979,0.42933568,-0.006523845,-0.035555787,2016
31.130646,0.59957284,-0.2267191,-0.13731767,2016
36.346558,0.4425599,0.0072808955,0.02589307,2016
29.537872,0.6344298,-0.23309554,-0.19864537,2016
33.830902,0.5051797,-0.15395929,-0.04654122,2016
34.500824,0.514072,-0.12712076,-0.026219944,2016
30.378693,0.5950124,-0.19506153,-0.1654693,2016
34.99301,0.43732697,-0.06712083,-0.011785844,2016
36.985718,0.40866816,-0.07224669,0.042726874,2016
33.36264,0.5395702,-0.088538826,-0.061229963,2016
39.788483,0.2492971,0.056286693,0.110158734,2016
37.32071,0.4966928,-0.097727664,0.05131938,2016
34.88022,0.52098495,-0.08235634,-0.015057679,2016
31.065704,0.5657473,-0.13460305,-0.13969518,2016
38.438385,0.25928602,0.10621891,0.078904234,2016
37.53604,0.45523804,-0.013533424,0.05676165,2016
34.764008,0.33149865,-0.03508123,-0.018450867,2016
31.472443,0.61659026,-0.19341297,-0.12496618,2016
29.045654,0.64498746,-0.25508165,-0.21895804,2016
29.859161,0.6508936,-0.2586992,-0.18574776,2016
29.059326,0.64388734,-0.26937863,-0.21838453,2016
30.901642,0.5449783,-0.1728311,-0.14574604,2016
38.41104,0.32646745,-0.023860889,0.07824853,2016
38.575104,0.21816087,0.05506699,0.0821688,2016
28.604736,0.61550725,-0.24660575,-0.23774725,2016
36.384155,0.40831798,-0.052822053,0.026899666,2016
28.427002,0.64419633,-0.28718355,-0.24548602,2016
38.42813,0.23830454,0.030919472,0.078658454,2016
33.509613,0.54312253,-0.082836084,-0.056575425,2016
29.91043,0.59448284,-0.14783704,-0.18371527,2016
36.7157,0.36977977,-0.06025355,0.03568677,2016
34.582855,0.4684721,-0.026096733,-0.023785729,2016
35.13315,0.3815883,0.032798726,-0.0077501014,2016
38.640045,0.2641793,0.14451028,0.08371138,2016
35.239105,0.5008586,-0.049923383,-0.004719996,2016
31.66043,0.5401486,-0.14955837,-0.118286535,2016
32.412415,0.5387912,-0.1240834,-0.09234175,2016
29.380646,0.6167403,-0.25283757,-0.20505975,2016
40.407166,0.41801545,0.064171925,0.12378329,2016
36.03891,0.31670463,0.016943825,0.017577564,2016
37.99405,0.18726821,0.10897226,0.068132125,2016
38.872467,0.33280867,0.06657729,0.08918995,2016
32.62091,0.5031763,-0.013537842,-0.085360065,2016
32.38507,0.58539873,-0.17153683,-0.09326405,2016
33.253265,0.4969184,-0.059330177,-0.06472051,2016
36.684937,0.32365772,0.057490755,0.034878153,2016
31.212677,0.6146784,-0.22274706,-0.13432865,2016
36.110687,0.4629729,-0.021631718,0.01953033,2016
38.824615,0.28397295,0.049324807,0.08806737,2016
39.638092,0.31184402,0.11189911,0.10678259,2016
34.64096,0.4934041,-0.047323015,-0.022068469,2016
39.210846,0.2773007,0.072098605,0.09704999,2016
35.574066,0.33194828,-0.03319937,0.0047403215,2016
33.789886,0.5047856,-0.037133988,-0.04781156,2016
37.3002,0.4473103,0.0002903507,0.05079779,2016
37.929108,0.31117988,0.040056534,0.066536605,2016
33.56772,0.43558025,-0.03192333,-0.0547465,2016
38.257233,0.33572954,0.027320813,0.07454274,2016
33.434418,0.47424716,-0.04142471,-0.058951706,2016
39.805573,0.2729068,0.099110596,0.11054078,2016
37.11902,0.41896448,-0.0047069383,0.046164606,2016
39.34073,0.37618235,0.105550505,0.10003107,2016
29.00122,0.6178941,-0.20477329,-0.22082563,2016
29.869415,0.64060247,-0.23323241,-0.1853407,2016
31.680939,0.61207783,-0.18839504,-0.117562644,2016
41.3779,0.18482544,0.14675267,0.1443395,2016
35.235687,0.51254797,-0.054475006,-0.004817457,2016
36.117523,0.37406844,0.062311593,0.019715901,2016
38.83145,0.22163369,0.07652474,0.088227905,2016
35.662933,0.4683076,-0.018751206,0.0072203735,2016
33.54721,0.56789285,-0.13539146,-0.05539128,2016
27.787811,0.63799894,-0.24583863,-0.27413538,2016
36.285034,0.36068398,0.0024526333,0.024241414,2016
32.709778,0.46709436,-0.073706366,-0.08241132,2016
37.525787,0.4274568,-0.030002177,0.05650391,2016
37.375397,0.37062317,0.04859506,0.052707482,2016
33.540375,0.5024209,-0.12698595,-0.055606384,2016
36.804565,0.33809078,0.024445307,0.03801517,2016
38.63321,0.23626202,0.10240092,0.083549246,2016
34.34018,0.444637,0.0022341148,-0.031020636,2016
33.089172,0.57815284,-0.17782259,-0.07000058,2016
35.057953,0.43012807,-0.023829281,-0.009911611,2016
28.061249,0.65764636,-0.2617969,-0.26171982,2016
39.59366,0.26025537,0.033109304,0.10578019,2016
35.796234,0.44704115,-0.04411707,0.010917363,2016
35.088715,0.48657113,-0.055859435,-0.009026237,2016
38.017975,0.23694336,0.08385475,0.06871858,2016
35.46469,0.50672346,-0.047864787,0.0016708875,2016
34.712738,0.48485997,-0.078565046,-0.019955084,2016
35.792816,0.3908328,-0.04017558,0.010822913,2016
36.606323,0.3835257,0.04447526,0.032805525,2016
40.219147,0.14643165,0.05389509,0.1196871,2016
36.281616,0.32362765,0.002078431,0.02414949,2016
30.75467,0.6289626,-0.2315161,-0.15122141,2016
32.562805,0.5850811,-0.1308079,-0.08729679,2016
38.284576,0.33383277,0.08856239,0.075203724,2016
37.65909,0.37101272,-0.042001177,0.059843574,2016
35.471527,0.44656458,-0.010726262,0.0018632816,2016
37.97696,0.19140835,0.021513518,0.067712784,2016
37.53604,0.2986039,0.03799973,0.05676165,2016
36.4115,0.259407,0.096361004,0.02763043,2016
35.11606,0.45322597,-0.04442351,-0.0082405405,2016
36.849,0.25590658,0.07420009,0.039175157,2016
35.119476,0.37474987,0.07357524,-0.0081424145,2016
35.122894,0.43669203,-0.017620567,-0.008044308,2016
38.98526,0.31770375,0.17749469,0.09182513,2016
32.309875,0.534733,-0.07753995,-0.095808424,2016
36.384155,0.26637933,0.067603245,0.026899666,2016
35.93637,0.42705128,0.026913784,0.014774369,2016
37.392487,0.3561878,0.09392222,0.05314043,2016
32.92511,0.46843594,-0.075395934,-0.075332284,2016
35.43393,0.45504826,-0.028898468,0.000804195,2016
37.481354,0.30982387,0.016792476,0.05538541,2016
32.104767,0.4819927,-0.08643332,-0.10280924,2016
33.844574,0.38309413,0.027234826,-0.04611846,2016
35.49887,0.27965507,0.06768685,0.0026321174,2016
33.51303,0.52246183,-0.07475718,-0.056467667,2016
35.187836,0.4958266,-0.08400249,-0.006183897,2016
31.199005,0.60063034,-0.1779887,-0.13482572,2016
40.345642,0.26940492,0.066540405,0.12244714,2016
30.85379,0.60513836,-0.18898635,-0.14752299,2016
37.949615,0.26456535,0.033305176,0.06704105,2016
38.014557,0.34366745,0.023433778,0.068634845,2016
39.214264,0.32941887,0.028945006,0.0971287,2016
30.378693,0.59128624,-0.21999596,-0.1654693,2016
36.329468,0.35656646,0.03289015,0.025434839,2016
38.503326,0.4217141,-0.017120834,0.0804578,2016
37.583893,0.19818045,0.08746523,0.057962574,2016
35.673187,0.37594798,-0.013812714,0.007505738,2016
36.585815,0.25854254,0.13274336,0.032263372,2016
34.145355,0.4620711,-0.023893375,-0.036903363,2016
33.07892,0.49384725,-0.065918885,-0.07033227,2016
36.014984,0.2877289,0.1066212,0.016924914,2016
38.725494,0.20900956,0.08566166,0.085733205,2016
39.125397,0.24091235,0.07277798,0.09507796,2016
35.153656,0.452811,-0.012847896,-0.007162204,2016
34.329926,0.5098918,-0.06146775,-0.03132859,2016
34.65805,0.47026956,-0.03787547,-0.021564487,2016
36.042328,0.37708217,-0.006016197,0.01767073,2016
32.45685,0.53406256,-0.06893828,-0.09084633,2016
38.0419,0.17853153,0.099915765,0.069304295,2016
34.528168,0.45349097,-0.07708022,-0.025407255,2016
33.90268,0.519766,-0.05096297,-0.04432553,2016
39.296295,0.26215532,0.0413187,0.09901344,2016
39.245026,0.28546676,0.051251214,0.0978364,2016
31.793732,0.55254817,-0.13121444,-0.11359792,2016
29.055908,0.61906755,-0.2185295,-0.21852785,2016
32.138947,0.5553152,-0.13422595,-0.10163641,2016
30.874298,0.55357826,-0.19174723,-0.14676076,2016
36.91736,0.2883752,0.080394655,0.040954303,2016
38.274323,0.24010283,0.062299,0.07495597,2016
36.97888,0.3332653,0.00060039916,0.042549912,2016
34.89389,0.48086292,-0.06341002,-0.014659966,2016
36.1893,0.29354516,0.086641945,0.021660183,2016
39.23477,0.27385435,0.20267442,0.097600624,2016
36.68152,0.32946602,0.025847342,0.034788225,2016
34.579437,0.4816427,-0.08413351,-0.023886925,2016
35.926117,0.30688328,0.04674952,0.014493169,2016
34.33676,0.5301395,-0.08668284,-0.031123267,2016
29.736115,0.64729655,-0.26409402,-0.19065434,2016
35.621918,0.33506405,0.04086042,0.0060772714,2016
39.077545,0.23645844,0.19652297,0.09396986,2016
33.46176,0.489238,-0.07035226,-0.05808637,2016
37.583893,0.32467818,0.013887448,0.057962574,2016
36.34314,0.29005662,0.05827686,0.025801457,2016
32.43976,0.55585897,-0.16892666,-0.09142101,2016
33.892426,0.4317563,0.043972235,-0.044641484,2016
33.97104,0.46534494,-0.071608976,-0.04222405,2016
36.667847,0.42128262,0.076101944,0.03442834,2016
30.378693,0.6198137,-0.18850571,-0.1654693,2016
28.440674,0.6631186,-0.29328534,-0.2448873,2016
38.810944,0.3091706,0.057702694,0.08774613,2016
36.30896,0.47838038,-0.01365946,0.02488439,2016
35.04428,0.45507,-0.03515385,-0.010305609,2016
37.747955,0.31610328,0.04013655,0.062056914,2016
36.702026,0.51834637,-0.06309707,0.03532755,2016
34.22055,0.36845592,0.01623833,-0.0346249,2016
39.398834,0.19254166,0.12881142,0.10135835,2016
38.704987,0.2922277,0.07657825,0.08524878,2016
34.688812,0.30980682,0.024444615,-0.020658575,2016
38.284576,0.24912441,0.0898761,0.075203724,2016
35.020355,0.45409983,-0.06471593,-0.010995846,2016
35.341644,0.40979704,0.026852367,-0.0018049349,2016
33.776215,0.5821135,-0.14971633,-0.048235692,2016
33.63266,0.5602261,-0.104568206,-0.05270989,2016
36.185883,0.34070548,0.018766785,0.021567773,2016
34.114594,0.5090612,-0.09223558,-0.037838355,2016
40.222565,0.1628982,0.08827815,0.11976191,2016
35.779144,0.39749578,-0.012909192,0.010444929,2016
33.912933,0.5140481,-0.12670925,-0.044009767,2016
28.28003,0.62801164,-0.26028624,-0.25195888,2016
37.683014,0.30399185,0.026290346,0.060440503,2016
34.278656,0.46390405,0.0105527835,-0.032871116,2016
38.182037,0.23264825,0.10167244,0.072720155,2016
32.214172,0.5507824,-0.12233177,-0.099063896,2016
37.611237,0.38600862,0.06487814,0.058647446,2016
37.819733,0.23825063,0.09619969,0.06383702,2016
35.11264,0.36793002,0.0049724476,-0.008338686,2016
34.548676,0.46642932,-0.043819387,-0.024798581,2016
28.331299,0.61489934,-0.18390742,-0.24969327,2016
38.438385,0.28116885,0.025904376,0.078904234,2016
39.80899,0.21380356,0.14871745,0.110617146,2016
34.165863,0.4772944,-0.04593568,-0.036280967,2016
38.875885,0.3121713,-0.0090166265,0.089270025,2016
34.40512,0.49213028,-0.08067547,-0.029074533,2016
37.242096,0.38787735,0.02692139,0.049316835,2016
34.719574,0.3333721,0.0034688306,-0.019754266,2016
38.49991,0.25584787,0.043953557,0.08037616,2016
31.34256,0.56096554,-0.11523472,-0.12962802,2016
32.41925,0.55092233,-0.14833973,-0.092111416,2016
37.01306,0.4624494,-0.04818497,0.04343407,2016
37.05066,0.4749827,-0.031478446,0.044404756,2016
37.97354,0.2496715,0.025705079,0.06762887,2016
32.679016,0.5067342,-0.11766744,-0.08343022,2016
35.259613,0.39855748,-0.023152836,-0.0041356273,2016
35.932953,0.3723072,-0.005587127,0.014680654,2016
36.00473,0.33569372,0.06702733,0.01664494,2016
35.085297,0.40494788,0.085628845,-0.009124535,2016
32.962708,0.5361356,-0.10212453,-0.07410575,2016
34.47348,0.52639264,-0.085747674,-0.027033923,2016
34.329926,0.46846822,-0.06780898,-0.03132859,2016
34.722992,0.4582989,-0.062543124,-0.019653885,2016
36.302124,0.38950846,-0.0068110824,0.024700768,2016
32.911438,0.5339115,-0.074357994,-0.07577899,2016
37.700104,0.34564233,0.05288376,0.06086641,2016
34.432465,0.5275534,-0.10871603,-0.028257316,2016
39.009186,0.16726393,0.086423516,0.09238214,2016
36.312378,0.47802532,-0.0787345,0.024976173,2016
35.65268,0.43216392,-0.06224483,0.0069348444,2016
32.142365,0.43489715,-0.07077154,-0.101519264,2016
38.99893,0.19975577,0.048587147,0.092143506,2016
36.876343,0.18258245,0.06861629,0.039887607,2016
39.378326,0.32000586,0.042781692,0.10089034,2016
33.249847,0.5061197,-0.1323323,-0.06482996,2016
36.94812,0.3022017,0.059132103,0.041752774,2016
36.66443,0.34909657,0.012587156,0.034338325,2016
33.36606,0.56575125,-0.106190324,-0.061121255,2016
32.31671,0.5692103,-0.1826485,-0.09557663,2016
33.42758,0.5413943,-0.09758871,-0.05916826,2016
38.821198,0.27457732,0.0863508,0.08798708,2016
29.332794,0.65923,-0.26467946,-0.2070256,2016
37.16687,0.2691695,0.14079669,0.04739265,2016
37.433502,0.39590546,-0.03581243,0.0541779,2016
36.637085,0.3200836,0.046508655,0.033617612,2016
37.416412,0.2823021,0.064705156,0.0537459,2016
37.464264,0.3806678,0.06303449,0.05495451,2016
34.466644,0.48659328,-0.014835076,-0.02723762,2016
38.98526,0.18866451,0.11375701,0.09182513,2016
34.292328,0.49621135,-0.06689829,-0.032459322,2016
32.42267,0.52211076,-0.09502156,-0.09199629,2016
37.68643,0.26985797,0.0743887,0.060525715,2016
29.13797,0.6038675,-0.23164319,-0.2150961,2016
29.40799,0.6401682,-0.2599738,-0.20393927,2016
31.404083,0.5624446,-0.1584055,-0.12741497,2016
33.755707,0.4952419,-0.082383566,-0.04887253,2016
38.527252,0.24582383,0.09234499,0.08102884,2016
36.131195,0.4682356,-0.09300006,0.020086836,2016
32.408997,0.54639286,-0.09439598,-0.09245695,2016
36.319214,0.47295538,0.0020859633,0.02515969,2016
38.80069,0.29934394,-0.0035781132,0.08750504,2016
35.994476,0.45878297,0.0004011884,0.016364807,2016
37.03015,0.47923484,-0.02861672,0.043875534,2016
36.804565,0.30929902,0.009288903,0.03801517,2016
37.70352,0.427997,-0.012050781,0.06095155,2016
34.931488,0.3849405,-0.03605464,-0.013567862,2016
39.443268,0.33858675,0.09095474,0.10237068,2016
36.968628,0.47431213,-0.034481533,0.042284347,2016
38.17862,0.25573027,0.058655195,0.07263714,2016
35.379242,0.35995156,0.045805264,-0.000740313,2016
35.71762,0.30660236,0.01749418,0.008740425,2016
34.77768,0.3959038,0.008698628,-0.018050492,2016
38.035065,0.26129225,0.07357347,0.06913702,2016
36.254272,0.39766023,0.0558904,0.023413483,2016
31.35965,0.59811795,-0.1842939,-0.1290124,2016
40.174713,0.24160437,0.02719713,0.11871347,2016
34.200043,0.5142489,-0.05430858,-0.035245303,2016
29.872833,0.65099806,-0.24318561,-0.18520507,2016
35.24594,0.38921136,0.03604935,-0.0045251306,2016
35.65268,0.4230566,-0.038046353,0.0069348444,2016
28.970459,0.6684725,-0.28701526,-0.22212194,2016
32.039825,0.56110585,-0.1646719,-0.10504452,2016
37.566803,0.3288806,0.057212792,0.057534024,2016
39.231354,0.27824765,-0.0035498524,0.097522,2016
36.202972,0.30723327,0.05761675,0.022029648,2016
36.250854,0.2522989,0.09681324,0.023321405,2016
32.97638,0.5633364,-0.10085508,-0.073660426,2016
34.31967,0.4902201,-0.07830545,-0.031636726,2016
36.907104,0.3891697,-0.015989516,0.04068785,2016
36.79773,0.38638458,0.014135782,0.037836462,2016
34.934906,0.4344812,-0.03007314,-0.013468697,2016
31.41092,0.5043474,-0.17934959,-0.12716961,2016
33.854828,0.5364118,-0.1419338,-0.045801613,2016
36.421753,0.48447582,-0.120888524,0.027904183,2016
35.580902,0.2634381,0.06808333,0.0049315346,2016
34.15219,0.3257166,0.057336375,-0.036695816,2016
32.357727,0.5065587,-0.08757792,-0.09418791,2016
39.364655,0.30867192,0.01115919,0.10057807,2016
37.272858,0.23223741,0.08072655,0.050101444,2016
38.250397,0.23035946,0.1132996,0.07437735,2016
38.769928,0.2049171,0.15366358,0.08678103,2016
34.278656,0.39084932,0.027053207,-0.032871116,2016
35.75522,0.439176,-0.061761264,0.009782763,2016
35.167328,0.49076727,-0.1168202,-0.006770653,2016
31.74588,0.5657226,-0.1310586,-0.115276486,2016
38.558014,0.3907132,0.018640615,0.081762,2016
35.61508,0.39661202,0.06424899,0.005886499,2016
30.259064,0.62097645,-0.2251997,-0.17007697,2016
37.881256,0.3965639,-0.0011354315,0.065357454,2016
39.77481,0.18329237,0.021624878,0.10985287,2016
39.37149,0.4881309,-0.1929995,0.100734234,2016
29.267853,0.64983827,-0.25806797,-0.20970383,2016
36.435425,0.43096566,-0.03937714,0.028268948,2016
35.051117,0.4593296,-0.08395468,-0.0101085715,2016
39.214264,0.3361525,0.019347701,0.0971287,2016
39.932037,0.22030202,0.048640355,0.11335769,2016
37.36856,0.29918846,0.06797678,0.052534193,2016
37.399323,0.28155935,0.08921176,0.0533135,2016
33.147278,0.53108424,-0.15905589,-0.06812493,2016
39.193756,0.2062519,0.039173223,0.09665628,2016
33.472015,0.55742484,-0.15827383,-0.05776223,2016
39.634674,0.17602876,0.057033658,0.10670557,2016
33.020813,0.5644115,-0.10766065,-0.072215684,2016
38.05899,0.23237486,0.05913597,0.069722205,2016
35.003265,0.46228027,-0.073374584,-0.01148945,2016
32.38849,0.50202405,-0.0747226,-0.09314868,2016
34.16928,0.487901,-0.041755937,-0.03617731,2016
37.631744,0.2847331,0.057745855,0.059160445,2016
38.73575,0.2172477,0.10783364,0.08597522,2016
39.098053,0.29835477,0.12548679,0.094445094,2016
42.054657,0.28627938,0.06775368,0.15810908,2016
32.210754,0.5341587,-0.1309721,-0.09918052,2016
36.606323,0.38373914,0.01022054,0.032805525,2016
34.637543,0.3580689,0.08672742,-0.022169326,2016
31.431427,0.61873513,-0.22197165,-0.12643418,2016
31.116974,0.36877313,-0.0893071,-0.13781738,2016
36.825073,0.35399646,0.029700689,0.038550895,2016
38.56143,0.26681152,0.050172903,0.08184339,2016
35.01352,0.4143624,-0.002127431,-0.01119323,2016
32.13211,0.5659237,-0.1329042,-0.101870775,2016
37.194214,0.30127716,0.04801529,0.04809297,2016
34.059906,0.5231635,-0.07837037,-0.039504737,2016
32.583313,0.5894263,-0.18138841,-0.086612456,2016
36.44568,0.361345,0.038353886,0.028542344,2016
36.02182,0.31442556,0.028488506,0.017111473,2016
37.457428,0.45082253,-0.0047789216,0.05478204,2016
31.407501,0.6124009,-0.19372009,-0.12729228,2016
37.594147,0.33367336,-0.013832402,0.05821952,2016
35.539886,0.37618884,-0.025747312,0.0037831527,2016
35.816742,0.51253045,-0.089410864,0.011483688,2016
30.30008,0.6553324,-0.2522651,-0.1684931,2016
34.1351,0.45685232,-0.074140266,-0.03721484,2016
34.517914,0.50341016,-0.10678716,-0.025711862,2016
37.70694,0.33668235,0.05936475,0.06103667,2016
36.3739,0.4001798,-0.0043150773,0.026625346,2016
31.339142,0.6363485,-0.2066518,-0.12975122,2016
36.582397,0.41363987,0.020468546,0.032172956,2016
33.837738,0.5360514,-0.088480495,-0.0463298,2016
31.991974,0.6126926,-0.2216747,-0.10669738,2016
35.286957,0.41056535,0.036977157,-0.0033575257,2016
40.97113,0.2942577,0.13848266,0.13584435,2016
34.989594,0.4410562,-0.0008490019,-0.011884681,2016
31.438263,0.56860036,-0.18415533,-0.12618925,2016
32.450012,0.53665423,-0.11535497,-0.09107613,2016
32.06375,0.5800804,-0.20289265,-0.10421994,2016
38.22647,0.30003193,0.07063588,0.07379801,2016
35.597992,0.44366738,-0.055334777,0.005409246,2016
31.845001,0.6068721,-0.18791099,-0.11180507,2016
34.637543,0.39955252,0.0016495343,-0.022169326,2016
39.552643,0.20910248,0.044379573,0.1048529,2016
32.005646,0.5914767,-0.16692783,-0.106224634,2016
33.39682,0.5545444,-0.13124856,-0.06014386,2016
33.085754,0.47611317,-0.054164235,-0.07011112,2016
28.973877,0.6267602,-0.2608458,-0.22197777,2016
32.019318,0.54412884,-0.11411415,-0.10575229,2016
37.30362,0.31321195,0.013428349,0.05088476,2016
36.421753,0.4324546,-0.070484124,0.027904183,2016
40.64984,0.21575093,0.04810198,0.12901422,2016
35.621918,0.40222445,0.0068971403,0.0060772714,2016
37.7753,0.37428087,0.055044744,0.06273585,2016
37.464264,0.270519,0.016125951,0.05495451,2016
31.469025,0.4549035,0.026046436,-0.12508836,2016
31.171661,0.6368974,-0.24943286,-0.1358212,2016
36.524292,0.29480726,0.12068113,0.030633265,2016
33.369476,0.515434,-0.14036389,-0.061012566,2016
34.466644,0.48613587,-0.020689817,-0.02723762,2016
33.776215,0.5268251,-0.07566844,-0.048235692,2016
34.753754,0.37276983,0.004280203,-0.018751355,2016
34.00522,0.5734189,-0.16542792,-0.04117648,2016
34.446136,0.5123729,-0.09185612,-0.027849196,2016
32.45685,0.5720814,-0.15553738,-0.09084633,2016
36.667847,0.33087942,0.045046855,0.03442834,2016
36.216675,0.3056489,0.031614132,0.022399658,2016
35.427094,0.4810593,-0.0756105,0.00061139226,2016
30.337677,0.6306734,-0.22410235,-0.16704498,2016
35.28354,0.46139032,-0.02760805,-0.0034547225,2016
37.23181,0.28483218,-0.03143039,0.04905423,2016
32.60382,0.5654544,-0.14016975,-0.08592898,2016
33.342133,0.40162677,0.0030998865,-0.061882697,2016
38.81436,0.25669885,0.04945383,0.08782646,2016
34.716156,0.5165838,-0.061679512,-0.019854665,2016
37.802643,0.34687576,-0.019830491,0.0634138,2016
35.324554,0.47967622,-0.05820032,-0.0022896032,2016
33.909515,0.5396995,-0.10320425,-0.044115,2016
28.88501,0.64975995,-0.24812452,-0.22573729,2016
33.301117,0.543688,-0.14941502,-0.06319057,2016
29.872833,0.6089651,-0.23670383,-0.18520507,2016
35.56723,0.34077394,0.057722457,0.004549035,2016
36.001312,0.37050688,0.00043214898,0.01655158,2016
29.55838,0.61883855,-0.24293968,-0.19781373,2016
35.980804,0.38192433,0.016896697,0.015991049,2016
39.378326,0.27142683,0.06798479,0.10089034,2016
36.589233,0.44065893,-0.0008849665,0.032353774,2016
37.847076,0.26467934,0.013152693,0.06451338,2016
38.373444,0.34372565,-0.007537209,0.077345416,2016
37.11902,0.35201842,0.013465354,0.046164606,2016
41.261658,0.26634398,0.14339434,0.14192896,2016
35.93637,0.50254303,-0.058584813,0.014774369,2016
29.889923,0.6311594,-0.23106785,-0.18452743,2016
35.4476,0.41182917,0.014990358,0.0011895774,2016
34.20688,0.36723548,-0.013890061,-0.03503842,2016
35.38266,0.41186836,0.011306989,-0.00064364134,2016
31.465607,0.6034594,-0.20381083,-0.12521058,2016
40.325134,0.30442724,0.02936572,0.12200085,2016
38.947662,0.26235124,0.05678666,0.090948425,2016
36.165375,0.44560316,0.005014032,0.021012947,2016
37.84024,0.44568232,0.008866961,0.064344384,2016
31.49295,0.45924956,-0.10361166,-0.12423362,2016
35.90219,0.4381189,-0.050076257,0.013836412,2016
35.386078,0.4137084,-0.003541197,-0.0005469884,2016
37.744537,0.36609668,0.0029257634,0.06197198,2016
36.531128,0.4629751,-0.03738188,0.030814659,2016
36.00473,0.27954197,0.1354171,0.01664494,2016
34.394867,0.5355461,-0.16689469,-0.029381324,2016
38.49649,0.29675123,0.006999943,0.08029451,2016
37.77188,0.39664957,-0.0041719764,0.06265104,2016
31.851837,0.5869438,-0.18830243,-0.111566454,2016
34.7435,0.48733702,-0.11942049,-0.019052021,2016
31.923615,0.58381,-0.21140483,-0.109067194,2016
33.304535,0.57784057,-0.1920057,-0.06308146,2016
34.569183,0.42532066,0.01146662,-0.024190629,2016
37.35147,0.27806595,0.109292164,0.05210069,2016
35.218597,0.46039668,0.022332387,-0.005305045,2016
36.466187,0.4476374,-0.06842915,0.02908867,2016
36.667847,0.35991362,-0.0037768304,0.03442834,2016
33.73178,0.535779,-0.14426728,-0.049616493,2016
36.9823,0.43490094,0.034408707,0.042638402,2016
28.676514,0.6500376,-0.29279834,-0.23464917,2016
34.483734,0.41313398,0.04665681,-0.02672853,2016
37.600983,0.2226668,0.120569125,0.058390737,2016
40.376404,0.3175099,0.09050426,0.123115726,2016
32.600403,0.51929456,-0.09073655,-0.08604283,2016
35.574066,0.3733626,0.0070082108,0.0047403215,2016
38.49649,0.39254856,0.053463936,0.08029451,2016
33.68393,0.54510796,-0.14677197,-0.05110758,2016
34.603363,0.47130573,0.022164954,-0.023178978,2016
32.75421,0.595213,-0.18303502,-0.08094294,2016
31.062286,0.559537,-0.10761149,-0.13982059,2016
33.977875,0.4586092,-0.050820194,-0.042014368,2016
37.68985,0.26573384,0.02201883,0.060610913,2016
36.13803,0.4600497,-0.01848954,0.020272199,2016
34.999847,0.5290361,-0.105433576,-0.011588229,2016
37.68985,0.33504528,0.015165088,0.060610913,2016
39.07071,0.27043125,-0.0010181054,0.09381134,2016
37.62491,0.23901173,0.09248667,0.058989506,2016
34.367523,0.33654243,0.10936102,-0.030200327,2016
38.824615,0.18506797,0.09369728,0.08806737,2016
29.924103,0.63730705,-0.23533303,-0.18317445,2016
37.642,0.3670373,0.04284129,0.059416734,2016
30.61795,0.59295934,-0.2411457,-0.15636198,2016
33.824066,0.49682432,-0.05419202,-0.046752732,2016
33.612152,0.48242465,-0.02905248,-0.053352177,2016
37.833405,0.41856444,-0.06263393,0.06417532,2016
38.722076,0.27560398,0.16581596,0.0856525,2016
37.662506,0.28923625,0.037939545,0.059928898,2016
30.091583,0.6341849,-0.22652508,-0.17658927,2016
34.91098,0.45158085,-0.009540416,-0.014163264,2016
32.23468,0.5535886,-0.12317673,-0.098364666,2016
34.114594,0.54146737,-0.088376544,-0.037838355,2016
32.330383,0.39622125,-0.0047222506,-0.09511333,2016
38.19229,0.24988942,0.069806576,0.072969116,2016
29.57547,0.6233051,-0.24506614,-0.19712159,2016
29.821564,0.6418886,-0.24469815,-0.18724269,2016
37.392487,0.2855032,0.040661927,0.05314043,2016
37.7377,0.42272535,0.008695358,0.061802063,2016
35.427094,0.35746723,0.014364883,0.00061139226,2016
39.009186,0.26730353,0.07623283,0.09238214,2016
34.0394,0.42213145,-0.06759907,-0.04013101,2016
32.952454,0.54385823,-0.15548608,-0.07443998,2016
34.654633,0.3690083,0.066664726,-0.021665245,2016
36.7157,0.50119007,-0.052788444,0.03568677,2016
31.028107,0.55883104,-0.15833135,-0.14107619,2016
36.288452,0.43993062,-0.013806983,0.024333319,2016
34.42563,0.51959395,-0.08163243,-0.0284615,2016
39.45694,0.32811147,0.07225107,0.10268171,2016
30.429962,0.5842366,-0.14283177,-0.16350567,2016
38.79727,0.26020214,0.057871222,0.08742465,2016
36.367065,0.4382656,-0.03214766,0.02644238,2016
31.858673,0.31053948,0.07255113,-0.111327946,2016
29.083252,0.6553345,-0.2520449,-0.21738221,2016
30.159943,0.62243646,-0.25679642,-0.17392245,2016
37.44034,0.43089095,-0.05260392,0.054350592,2016
31.957794,0.5500574,-0.14850776,-0.107881024,2016
33.150696,0.5699131,-0.15114057,-0.0680148,2016
38.68448,0.34438276,-0.060240325,0.08476384,2016
38.602448,0.22648343,0.03717793,0.08281894,2016
31.318634,0.5281948,-0.093563154,-0.13049099,2016
36.992554,0.39377552,-0.025243092,0.04290377,2016
36.972046,0.2912769,0.06995083,0.042372886,2016
38.014557,0.24288447,0.047057807,0.068634845,2016
37.382233,0.2760553,0.08533027,0.05288071,2016
33.51303,0.44104767,-0.048499577,-0.056467667,2016
39.446686,0.28016776,0.018054012,0.102448456,2016
39.72696,0.29319838,0.07792586,0.108780675,2016
40.04483,0.2474316,0.057415415,0.11585507,2016
34.764008,0.51931334,-0.07807996,-0.018450867,2016
33.46176,0.49374336,-0.018213326,-0.05808637,2016
37.091675,0.39470464,-0.029989423,0.045461446,2016
35.878265,0.32716897,0.053245477,0.013178779,2016
39.258698,0.17781319,0.10149348,0.09815058,2016
37.734283,0.26478058,0.07294188,0.06171708,2016
37.812897,0.34598595,0.08723641,0.063667774,2016
39.039948,0.26790595,0.0770746,0.09309731,2016
38.486237,0.20631957,0.025413314,0.08004947,2016
35.07846,0.39773148,-0.0419643,-0.009321189,2016
38.489655,0.20352748,0.08764461,0.080131166,2016
28.232178,0.66147,-0.2545848,-0.25408086,2016
28.843994,0.650701,-0.28361762,-0.22748026,2016
36.093597,0.3831365,0.02828706,0.01906609,2016
39.819244,0.20730965,0.109015115,0.11084617,2016
35.594574,0.44653732,-0.017582772,0.00531374,2016
29.565216,0.65515894,-0.26046017,-0.19753678,2016
30.809357,0.57811946,-0.16719265,-0.14917795,2016
38.455475,0.25904724,0.03286583,0.079313576,2016
33.540375,0.4958482,-0.10452844,-0.055606384,2016
32.692688,0.52946174,-0.08730578,-0.08297714,2016
33.38315,0.53425735,-0.07878441,-0.060578033,2016
36.32263,0.42393848,0.017842026,0.025251424,2016
33.622406,0.5209149,-0.07809752,-0.053030934,2016
35.639008,0.41440314,0.039212085,0.0065538837,2016
30.354767,0.5979414,-0.15143065,-0.16638793,2016
39.245026,0.3049111,0.09596908,0.0978364,2016
37.50186,0.36574337,-0.0070658675,0.05590197,2016
35.119476,0.4103995,0.0053628776,-0.0081424145,2016
37.628326,0.3330214,-0.013082882,0.059074983,2016
34.64096,0.41753358,0.029463012,-0.022068469,2016
36.298706,0.3146142,0.03756155,0.024608932,2016
34.08725,0.50869817,-0.05979282,-0.03867088,2016
35.31772,0.43717188,-0.010926531,-0.0024836017,2016
38.978424,0.20231034,0.07224959,0.09166585,2016
38.031647,0.42689973,0.017777437,0.06905336,2016
31.496368,0.5442149,-0.13249059,-0.124111615,2016
33.711273,0.5263582,-0.15493159,-0.05025501,2016
34.15219,0.5593043,-0.15480353,-0.036695816,2016
32.93878,0.6075916,-0.21023598,-0.07488595,2016
36.2782,0.3154072,0.01185986,0.02405755,2016
37.139526,0.45102015,0.0059793587,0.0466913,2016
39.10489,0.21423794,0.042378336,0.0946034,2016
37.87784,0.26507127,0.0380705,0.06527311,2016
36.47644,0.299763,0.06736992,0.029361604,2016
36.691772,0.38036507,-0.011139873,0.035057962,2016
37.980377,0.2671962,0.046401244,0.067796685,2016
40.205475,0.30312228,0.1162483,0.11938775,2016
37.59073,0.27599743,0.029469771,0.058133885,2016
35.24594,0.33602926,0.06764527,-0.0045251306,2016
35.604828,0.35889688,0.06330316,0.005600202,2016
36.849,0.38783568,-0.072038144,0.039175157,2016
38.035065,0.322976,-0.006072221,0.06913702,2016
38.575104,0.34010214,0.035294406,0.0821688,2016
31.923615,0.43379387,0.010542115,-0.109067194,2016
34.148773,0.4237836,0.027965518,-0.03679958,2016
35.08188,0.49159124,-0.049933378,-0.009222852,2016
38.22989,0.23674706,0.06029698,0.073880814,2016
31.332306,0.541416,-0.16251469,-0.1299977,2016
36.10385,0.3380825,0.031048186,0.019344686,2016
38.2128,0.1938979,0.095737614,0.07346663,2016
35.57065,0.36201227,0.010483853,0.0046446873,2016
37.512115,0.4221368,0.007344639,0.056160036,2016
32.514954,0.54312617,-0.11520217,-0.088896945,2016
39.275787,0.3208117,0.13344453,0.098542996,2016
34.770844,0.5032301,-0.08547904,-0.01825064,2016
36.975464,0.3211793,0.035444435,0.042461406,2016
31.923615,0.4528929,-0.030923069,-0.109067194,2016
29.3909,0.64140695,-0.22265136,-0.20463933,2016
37.023315,0.41851106,0.021146525,0.043698996,2016
34.35727,0.45287025,-0.000734251,-0.03050779,2016
38.151276,0.3929951,-0.027084269,0.07197248,2016
28.112549,0.6872167,-0.27003312,-0.2594174,2016
35.478363,0.39231098,-0.0049455394,0.0020556017,2016
36.059418,0.31035948,0.037778724,0.01813629,2016
34.466644,0.4622574,0.012472421,-0.02723762,2016
39.350983,0.24536102,0.09054694,0.10026558,2016
39.484283,0.36770678,0.061557792,0.10330312,2016
33.991547,0.4631534,-0.045162145,-0.041595254,2016
34.13852,0.5167498,-0.06487352,-0.03711099,2016
30.843536,0.6229142,-0.23936732,-0.14790449,2016
39.597076,0.19614111,0.056788567,0.10585738,2016
35.34848,0.37947896,-0.014643082,-0.0016111989,2016
29.0354,0.617634,-0.23665456,-0.21938851,2016
32.16632,0.5895048,-0.16849722,-0.10069889,2016
35.621918,0.4403492,-0.029708104,0.0060772714,2016
34.15561,0.46735185,-0.01973073,-0.036592074,2016
35.782562,0.5046098,-0.06397638,0.010539453,2016
34.049652,0.5027551,-0.048367262,-0.03981778,2016
37.50528,0.31707105,0.008675921,0.055988006,2016
35.857758,0.32696876,0.014454859,0.012614395,2016
38.49991,0.26028553,0.068831354,0.08037616,2016
36.739624,0.49713698,-0.0899397,0.036314752,2016
34.012054,0.54215664,-0.13121174,-0.04096722,2016
38.653717,0.24831344,0.08535777,0.08403547,2016
38.978424,0.17899732,0.03472243,0.09166585,2016
40.024323,0.3455644,0.10545083,0.11540205,2016
29.250763,0.6084238,-0.23080334,-0.21041061,2016
39.788483,0.2348493,0.06678764,0.110158734,2016
36.852417,0.4437826,-0.013094917,0.039264273,2016
35.09897,0.4655685,-0.05549809,-0.008731457,2016
37.819733,0.22225091,0.059424035,0.06383702,2016
38.510162,0.24337617,0.04713944,0.08062103,2016
32.914856,0.48470497,-0.041132398,-0.075667284,2016
36.68152,0.28816974,0.07847233,0.034788225,2016
37.08142,0.2686206,0.0929072,0.045197494,2016
38.759674,0.29236037,0.012851091,0.08653944,2016
36.17563,0.28761223,0.07070367,0.021290438,2016
39.32022,0.3376138,0.089302026,0.099561684,2016
35.63217,0.45314822,-0.06719474,0.0063632936,2016
39.01602,0.26766863,0.0004262809,0.092541166,2016
33.74887,0.5283898,-0.08907398,-0.049084984,2016
34.53842,0.46540055,-0.035370503,-0.025102828,2016
37.679596,0.3155965,-0.0067569367,0.060355272,2016
39.23477,0.25131872,0.07152164,0.097600624,2016
35.68686,0.38225225,0.0072998973,0.007885969,2016
37.577057,0.34613955,-0.034163553,0.0577912,2016
34.89731,0.5149016,-0.112463504,-0.014560588,2016
35.748383,0.41524187,0.018266762,0.00959341,2016
40.66693,0.33077824,0.12129498,0.12938024,2016
34.141937,0.42196742,0.004064857,-0.037007168,2016
36.72937,0.4485989,-0.08631162,0.036045715,2016
37.669342,0.24810565,0.050089177,0.060099494,2016
36.732788,0.4488083,-0.06004364,0.036135413,2016
32.58673,0.53164464,-0.10655574,-0.08649848,2016
35.21176,0.35058725,0.03682929,-0.005500213,2016
36.517456,0.40212885,0.01775843,0.030451804,2016
34.712738,0.37327927,0.018451732,-0.019955084,2016
38.787018,0.3068193,0.15734467,0.0871834,2016
31.144318,0.5825777,-0.18043298,-0.13681841,2016
32.75763,0.53563064,-0.12313286,-0.08083016,2016
33.32846,0.51687783,-0.11441268,-0.0623183,2016
32.207336,0.50465953,-0.085097,-0.099297166,2016
29.937775,0.6194248,-0.21247722,-0.18263412,2016
39.05362,0.26878327,0.043168977,0.09341479,2016
34.80844,0.35073268,0.058284573,-0.017150797,2016
37.652252,0.35935602,0.0677634,0.059672885,2016
38.83487,0.255254,0.014039613,0.088308156,2016
36.17563,0.3824963,0.03491626,0.021290438,2016
41.251404,0.3296981,0.15095463,0.14171566,2016
39.275787,0.1919563,0.07073908,0.098542996,2016
30.641876,0.6143899,-0.1949444,-0.15545906,2016
36.514038,0.41198632,-0.016886115,0.030361047,2016
38.838287,0.26499847,0.09432601,0.08838839,2016
39.07071,0.21098326,0.06273926,0.09381134,2016
37.57364,0.40631709,0.0023815916,0.05770549,2016
30.946075,0.54580736,-0.18754737,-0.14410093,2016
38.048737,0.3515009,0.009989704,0.0694715,2016
40.50287,0.23623626,0.07342716,0.12585367,2016
37.204468,0.3604543,0.0076560774,0.048355326,2016
32.313293,0.5435172,-0.12030185,-0.09569251,2016
34.350433,0.43013155,-0.014299897,-0.030712867,2016
33.369476,0.5150363,-0.1090391,-0.061012566,2016
35.929535,0.47214803,-0.012805882,0.01458692,2016
36.15512,0.412301,-0.05526474,0.020735297,2016
33.150696,0.5279875,-0.10109625,-0.0680148,2016
33.63266,0.5162102,-0.07054663,-0.05270989,2016
39.562897,0.29684162,0.18222678,0.1050849,2016
29.698517,0.6640977,-0.281835,-0.19216168,2016
38.71524,0.27730575,0.15865117,0.085491054,2016
29.838654,0.6294247,-0.252627,-0.18656272,2016
35.088715,0.46558884,-0.05605649,-0.009026237,2016
38.571686,0.3222353,0.035532374,0.08208747,2016
37.01648,0.39738768,0.016099574,0.043522395,2016
37.1156,0.437339,0.038380295,0.046076767,2016
35.204926,0.40684336,0.026593829,-0.005695456,2016
38.32901,0.16484551,0.032916456,0.07627581,2016
34.128265,0.46375087,-0.07318399,-0.037422597,2016
32.72345,0.57141286,-0.22359765,-0.08195908,2016
32.904602,0.50621843,-0.030533316,-0.076002486,2016
35.659515,0.27500355,0.1468297,0.007125215,2016
33.034485,0.5730626,-0.15990992,-0.071771935,2016
37.481354,0.25540003,0.059904378,0.05538541,2016
34.805023,0.5019759,-0.10756747,-0.017250685,2016
35.680023,0.47950485,-0.13158141,0.00769589,2016
33.779633,0.46384978,-0.038141586,-0.048129626,2016
29.79422,0.6260773,-0.22035399,-0.18833229,2016
34.00522,0.5152507,-0.0734452,-0.04117648,2016
39.67569,0.25477615,0.10864974,0.10762903,2016
39.887604,0.34785065,0.15099055,0.11237,2016
37.44034,0.3423399,0.121268444,0.054350592,2016
34.377777,0.49232072,-0.071348965,-0.029893048,2016
28.440674,0.6558038,-0.2853107,-0.2448873,2016
34.53842,0.53185624,-0.08068305,-0.025102828,2016
36.77722,0.3632704,0.046751004,0.037299935,2016
37.330963,0.24967834,0.023411386,0.051579956,2016
35.21518,0.27589926,0.09171656,-0.0054026195,2016
30.809357,0.61530405,-0.20045821,-0.14917795,2016
39.398834,0.3508905,-0.02164541,0.10135835,2016
34.79477,0.46106339,-0.0024298672,-0.017550465,2016
30.053986,0.6674598,-0.24255292,-0.17806117,2016
37.802643,0.45120153,-0.05784355,0.0634138,2016
29.84549,0.65520304,-0.23731168,-0.18629093,2016
39.275787,0.20863457,0.073487446,0.098542996,2016
37.997467,0.39828876,0.079511456,0.06821595,2016
37.84366,0.23788984,0.11897207,0.06442889,2016
36.298706,0.28064865,0.060933016,0.024608932,2016
34.27182,0.4896429,-0.024580147,-0.033077136,2016
37.019897,0.29020026,0.022121472,0.043610703,2016
34.764008,0.40111706,0.0078069507,-0.018450867,2016
38.284576,0.30028364,-0.009523351,0.075203724,2016
39.2211,0.38855407,-0.070034005,0.09728606,2016
36.565308,0.49453703,-0.055737894,0.031720612,2016
39.4877,0.24881835,-0.009644275,0.10338074,2016
36.001312,0.48395732,-0.04387198,0.01655158,2016
37.532623,0.2993825,0.040846925,0.05667575,2016
36.975464,0.3038061,0.004244327,0.042461406,2016
35.11606,0.49614462,-0.058467243,-0.0082405405,2016
32.84308,0.53445774,-0.07417567,-0.078018114,2016
33.742035,0.46147794,-0.07504617,-0.049297523,2016
28.098877,0.6565077,-0.290553,-0.2600302,2016
34.367523,0.5344368,-0.12058781,-0.030200327,2016
35.21176,0.4477488,-0.03542663,-0.005500213,2016
41.059998,0.29842138,0.09141482,0.13771467,2016
39.52188,0.29990774,0.059766408,0.10415616,2016
33.287445,0.58319056,-0.18936321,-0.06362725,2016
33.06183,0.50059825,-0.05833513,-0.070885524,2016
37.529205,0.3958503,0.037252143,0.056589838,2016
34.873383,0.4730077,-0.041262895,-0.015256653,2016
32.05008,0.5412398,-0.13259786,-0.104690984,2016
37.170288,0.42555463,0.012755138,0.047480248,2016
37.836823,0.33198467,0.009456587,0.06425986,2016
33.253265,0.5469123,-0.11806166,-0.06472051,2016
33.636078,0.5157332,-0.048517544,-0.052602917,2016
38.284576,0.31261286,0.09722308,0.075203724,2016
38.02823,0.46370387,-0.031997327,0.06896969,2016
35.06479,0.40652663,0.03014098,-0.009714726,2016
30.850372,0.5850119,-0.21785034,-0.14765012,2016
37.392487,0.44832385,0.0094097685,0.05314043,2016
31.985138,0.56327987,-0.15011024,-0.10693391,2016
39.12198,0.2142741,0.034241848,0.0949989,2016
39.23477,0.36261693,-0.040828142,0.097600624,2016
29.158478,0.65409696,-0.26847538,-0.21424149,2016
36.849,0.27542064,0.024638625,0.039175157,2016
31.691193,0.54339606,-0.13530956,-0.11720105,2016
36.88318,0.24433193,0.10921373,0.040065557,2016
33.437836,0.5407357,-0.12027204,-0.05884346,2016
32.962708,0.564191,-0.14020132,-0.07410575,2016
37.10193,0.33303192,0.061286543,0.045725252,2016
39.21768,0.30133244,-0.022287156,0.09720738,2016
37.45401,0.45574683,-0.12282586,0.05469578,2016
36.7157,0.26953077,0.04127121,0.03568677,2016
38.09317,0.35954732,0.05433048,0.07055692,2016
30.228302,0.61992407,-0.21999353,-0.1712677,2016
31.684357,0.43970835,-0.084714,-0.11744209,2016
28.628662,0.64695203,-0.2516302,-0.23671283,2016
39.662018,0.17648463,0.0491995,0.10732142,2016
30.918732,0.5900104,-0.17485541,-0.14511274,2016
31.062286,0.5850136,-0.17221609,-0.13982059,2016
38.585358,0.23576514,0.051037714,0.08241271,2016
37.365143,0.3948332,0.04582388,0.052447524,2016
31.851837,0.5272254,-0.048086364,-0.111566454,2016
30.949493,0.5538724,-0.12456592,-0.14397457,2016
31.130646,0.6077896,-0.18809922,-0.13731767,2016
29.595978,0.6284857,-0.24577437,-0.19629207,2016
39.77481,0.26399055,0.0036794706,0.10985287,2016
36.517456,0.37274113,0.042702157,0.030451804,2016
39.159576,0.2871522,0.10963203,0.095867805,2016
36.94812,0.37478375,-0.018803189,0.041752774,2016
36.151703,0.43467212,-0.0076495926,0.020642713,2016
33.06183,0.46051624,0.012116657,-0.070885524,2016
36.42859,0.4072505,0.045620296,0.0280866,2016
29.647247,0.65852654,-0.26483518,-0.1942233,2016
35.153656,0.4222014,0.0434979,-0.007162204,2016
33.04474,0.47059694,-0.058528766,-0.071439356,2016
33.133606,0.51554227,-0.10601247,-0.06856567,2016
35.799652,0.2843314,0.04664057,0.011011795,2016
34.275238,0.4270544,-0.010214945,-0.032974113,2016
36.77722,0.3117536,0.05809704,0.037299935,2016
37.160034,0.40063912,0.06304084,0.04721741,2016
34.904144,0.4480852,0.025936116,-0.014361886,2016
37.932526,0.27615845,0.016181566,0.066620715,2016
40.933533,0.23805124,0.2193838,0.13505062,2016
40.157623,0.22691631,0.07104742,0.11833842,2016
33.46176,0.52371264,-0.06141288,-0.05808637,2016
31.776642,0.5502591,-0.1551713,-0.11419683,2016
35.392914,0.23106639,0.07889812,-0.0003537385,2016
36.15854,0.39826173,-0.038842686,0.020827865,2016
30.809357,0.624455,-0.19593015,-0.14917795,2016
30.641876,0.5974751,-0.15253241,-0.15545906,2016
35.55356,0.31166127,0.052976523,0.0041662413,2016
30.75467,0.64055854,-0.23290041,-0.15122141,2016
31.034943,0.54336566,-0.1372812,-0.14082484,2016
34.74008,0.47230136,-0.021517921,-0.019152282,2016
34.52475,0.46769175,0.0025491195,-0.02550877,2016
29.401154,0.6484521,-0.25461668,-0.2042192,2016
38.787018,0.29889506,-0.011432876,0.0871834,2016
36.114105,0.2668384,0.060235392,0.019623125,2016
39.990143,0.20641723,0.0869658,0.11464598,2016
40.290955,0.19880861,0.05849196,0.12125602,2016
30.508575,0.6082492,-0.18335456,-0.1605076,2016
36.281616,0.44118345,-0.08165448,0.02414949,2016
34.042816,0.4488941,-0.06942412,-0.04002658,2016
30.747833,0.61337817,-0.21747886,-0.15147735,2016
32.477356,0.5647143,-0.14025229,-0.09015752,2016
35.88852,0.45495322,-0.10906555,0.013460729,2016
39.433014,0.24136107,0.09487837,0.10213727,2016
31.134064,0.5819487,-0.16570313,-0.13719282,2016
32.880676,0.5438555,-0.10099082,-0.076785445,2016
33.625824,0.540008,-0.17833106,-0.0529239,2016
30.946075,0.6270154,-0.20996913,-0.14410093,2016
28.495361,0.6426058,-0.26573035,-0.24249814,2016
36.17221,0.38191792,0.0039865565,0.02119796,2016
33.66342,0.51304173,-0.092603,-0.051747918,2016
38.370026,0.2944746,-0.004198007,0.07726323,2016
37.549713,0.3404814,0.041999817,0.057105083,2016
35.068207,0.2946682,0.062115673,-0.0096163135,2016
36.773804,0.37112504,0.05290026,0.037210457,2016
35.293793,0.43890733,-0.03710587,-0.0031631887,2016
38.544342,0.30404896,0.085658446,0.08143629,2016
38.537506,0.19017011,0.08968267,0.081273355,2016
39.17325,0.23101543,0.03505362,0.09618336,2016
33.892426,0.482229,-0.048318423,-0.044641484,2016
38.113678,0.2482379,0.0761544,0.07105702,2016
37.057495,0.33186844,0.026252951,0.044581033,2016
35.03061,0.4495786,-0.07083564,-0.010699915,2016
38.017975,0.1998039,0.061046865,0.06871858,2016
35.19809,0.42600903,-0.051179018,-0.005890776,2016
38.37686,0.22031975,0.017815072,0.07742759,2016
39.94229,0.2628009,0.08714206,0.11358531,2016
37.829987,0.20680003,0.05010313,0.064090766,2016
32.815735,0.5236803,-0.058627535,-0.07891637,2016
37.80948,0.2371843,0.071435116,0.063583136,2016
39.080963,0.2597084,0.055139422,0.0940491,2016
30.58377,0.62770694,-0.27920842,-0.1576543,2016
35.406586,0.4589221,-0.01621146,3.253741e-05,2016
35.22885,0.29660603,0.036852043,-0.0050124354,2016
36.305542,0.45035028,-0.014506092,0.024792587,2016
38.711823,0.2258913,0.10092328,0.08541031,2016
35.4476,0.42979765,0.068836644,0.0011895774,2016
33.81723,0.3960206,-0.0019365237,-0.046964325,2016
34.049652,0.47960562,-0.05834524,-0.03981778,2016
34.1727,0.5065265,-0.0721553,-0.03607367,2016
36.801147,0.3955433,0.032492857,0.037925825,2016
33.167816,0.49647865,-0.028608236,-0.06746352,2016
34.651215,0.4651425,-0.062763005,-0.02176602,2016
36.131195,0.44540113,-0.024009123,0.020086836,2016
40.444763,0.27377585,0.035935227,0.124597825,2016
36.958374,0.407128,0.009168174,0.042018633,2016
32.45685,0.57607037,-0.1386161,-0.09084633,2016
36.74646,0.32031015,0.022786675,0.036494028,2016
35.80307,0.48152462,-0.048529625,0.01110621,2016
35.898773,0.40134853,-0.068861276,0.013742518,2016
38.670807,0.23594452,0.11019574,0.08444027,2016
34.128265,0.32972574,0.040712345,-0.037422597,2016
34.62729,0.5721787,-0.11454103,-0.02247201,2016
33.557465,0.53175235,-0.0815569,-0.05506879,2016
32.20392,0.55416477,-0.15853505,-0.09941384,2016
38.20938,0.16584164,0.10281111,0.07338374,2016
33.540375,0.50923836,-0.14140685,-0.055606384,2016
35.724457,0.40227097,-0.029020619,0.008930105,2016
36.10727,0.42916945,0.017144334,0.019437516,2016
37.28653,0.33310378,0.037643522,0.050449744,2016
37.043823,0.39979425,-0.08592057,0.044228416,2016
35.338226,0.45277202,-0.021206304,-0.001901831,2016
35.242523,0.36260515,0.023822686,-0.004622554,2016
32.296204,0.4744222,-0.11458404,-0.096272305,2016
38.335846,0.232912,0.053666614,0.07644053,2016
34.729828,0.47866577,-0.023551963,-0.019453185,2016
38.052155,0.29812986,0.051118046,0.06955509,2016
35.809906,0.33183187,0.028998975,0.011294985,2016
34.4769,0.40652084,-0.040019117,-0.026932105,2016
36.483276,0.50088006,-0.12116308,0.029543474,2016
29.520782,0.6715556,-0.26668775,-0.19933927,2016
36.852417,0.2845233,0.019546054,0.039264273,2016
33.61557,0.46006858,-0.04653381,-0.053245075,2016
38.021393,0.17822282,0.108820006,0.0688023,2016
37.95645,0.30252323,0.08960733,0.06720907,2016
33.150696,0.5396957,-0.14024627,-0.0680148,2016
40.19864,0.17274332,0.049591243,0.119238,2016
35.543304,0.3208303,0.044969704,0.0038789525,2016
37.464264,0.26029652,0.039533634,0.05495451,2016
35.51596,0.44062677,0.016174627,0.0031120386,2016
30.460724,0.61148626,-0.21788213,-0.16233067,2016
30.874298,0.6098626,-0.23116404,-0.14676076,2016
40.311462,0.2467779,0.10735052,0.12170307,2016
35.492035,0.32596272,0.099177144,0.0024400195,2016
30.764923,0.58227843,-0.25611803,-0.1508377,2016
36.51062,0.3223898,-0.0074338517,0.030270273,2016
38.1752,0.4494698,-0.011750117,0.07255411,2016
29.55838,0.6861653,-0.30494893,-0.19781373,2016
38.62979,0.31268784,0.082965046,0.08346816,2016
30.997345,0.6145748,-0.21140775,-0.14220859,2016
34.873383,0.3371703,-0.0070154252,-0.015256653,2016
32.005646,0.42524594,-0.006040231,-0.106224634,2016
34.818695,0.40041554,-0.029112693,-0.016851252,2016
30.01297,0.53536475,-0.11770441,-0.17967111,2016
39.467194,0.27207068,0.029648421,0.10291484,2016
34.261566,0.48129824,-0.039805885,-0.033386316,2016
29.202911,0.6342789,-0.23401485,-0.21239397,2016
39.01944,0.22565514,0.06025479,0.092620656,2016
35.604828,0.33824596,0.09153735,0.005600202,2016
28.577393,0.6335754,-0.25918496,-0.23893157,2016
37.11902,0.31771255,0.050314307,0.046164606,2016
33.256683,0.5958582,-0.18204461,-0.064611085,2016
39.395416,0.29976583,0.034532942,0.10128038,2016
28.857666,0.6378459,-0.27776656,-0.22689873,2016
39.966217,0.3625929,0.08267345,0.11411596,2016
40.824158,0.18116195,0.06604899,0.13273327,2016
38.038483,0.31748354,0.07988605,0.06922066,2016
34.869965,0.4745954,-0.07310512,-0.015356168,2016
37.378815,0.4107523,-0.0060806945,0.052794103,2016
29.992462,0.6327841,-0.2330699,-0.18047772,2016
38.722076,0.29058498,0.088406585,0.0856525,2016
39.494537,0.40296325,0.090865165,0.10353593,2016
34.753754,0.42100182,-0.028282404,-0.018751355,2016
35.0477,0.33655366,0.049057677,-0.01020708,2016
35.95688,0.32921642,0.025800742,0.015336287,2016
36.066254,0.4955667,-0.0956699,0.018322391,2016
39.480865,0.39533108,0.057379883,0.10322549,2016
34.517914,0.47826865,-0.09442661,-0.025711862,2016
32.846497,0.54221797,-0.10950881,-0.07790594,2016
35.119476,0.36607867,0.015080359,-0.0081424145,2016
32.716614,0.47892794,-0.113722116,-0.08218515,2016
37.90518,0.44075808,-0.017660687,0.0659474,2016
38.27774,0.21313556,0.08328768,0.07503857,2016
39.45352,0.2286778,0.055220492,0.10260397,2016
39.039948,0.39079657,0.038907483,0.09309731,2016
34.736664,0.43927744,-0.01854805,-0.019252563,2016
34.596527,0.5387445,-0.082262106,-0.02338115,2016
32.255188,0.3611716,-0.003663342,-0.09766632,2016
35.310883,0.34681082,0.034164444,-0.0026776756,2016
36.606323,0.2314912,0.101175934,0.032805525,2016
39.737213,0.3646137,0.059038278,0.10901065,2016
33.253265,0.609957,-0.1643542,-0.06472051,2016
35.710785,0.5056931,-0.06753649,0.008550674,2016
32.275696,0.605039,-0.20730662,-0.096968874,2016
31.383575,0.54153913,-0.108503625,-0.12815168,2016
39.49112,0.31433785,0.12951782,0.103458345,2016
38.619537,0.3995079,-0.07301,0.08322481,2016
32.74054,0.5092551,-0.06450986,-0.08139432,2016
33.037903,0.5036206,-0.14681502,-0.07166105,2016
37.495026,0.2683921,0.081414014,0.055729844,2016
35.21518,0.31490836,-0.024231404,-0.0054026195,2016
36.84558,0.32508764,0.03661752,0.03908603,2016
38.62979,0.29198065,0.046666306,0.08346816,2016
29.842072,0.6064642,-0.2369781,-0.1864268,2016
35.93979,0.543208,-0.16700846,0.014868067,2016
34.637543,0.42517704,0.02208058,-0.022169326,2016
41.111267,0.26091853,0.03417825,0.13879001,2016
36.910522,0.4302963,0.01891474,0.040776685,2016
37.631744,0.31891885,0.031711936,0.059160445,2016
32.60724,0.53095394,-0.06300507,-0.08581515,2016
35.809906,0.4469954,-0.021018855,0.011294985,2016
33.393402,0.52098703,-0.12105601,-0.06025237,2016
31.147736,0.58364594,-0.13709606,-0.13669366,2016
40.037994,0.23117347,0.08459423,0.11570412,2016
30.262482,0.65024704,-0.25564176,-0.16994482,2016
35.235687,0.36895275,-0.01123831,-0.004817457,2016
33.434418,0.4848219,-0.023765605,-0.058951706,2016
37.026733,0.24819413,0.08421868,0.043787275,2016
34.97934,0.51404876,-0.096695624,-0.012181306,2016
36.045746,0.4529152,-0.04795026,0.017763877,2016
39.426178,0.2389585,0.02681418,0.10198159,2016
31.954376,0.5869282,-0.17881599,-0.107999526,2016
37.433502,0.31819585,0.11324016,0.0541779,2016
36.61316,0.32539394,0.06008057,0.032986104,2016
36.69861,0.43917564,0.04039066,0.035237703,2016
37.53946,0.3561855,-0.03108427,0.05684753,2016
35.167328,0.4876879,-0.10926566,-0.006770653,2016
34.03598,0.46075392,-0.030389028,-0.040235464,2016
37.279694,0.3121672,-0.009705446,0.050275628,2016
38.3461,0.259582,0.041644022,0.07668749,2016
34.955414,0.36847532,-0.0065479246,-0.01287411,2016
31.451935,0.5223691,-0.10460383,-0.1256997,2016
28.102295,0.66397667,-0.21462189,-0.25987694,2016
33.53012,0.5314063,-0.12234205,-0.0559292,2016
37.549713,0.27414575,0.09382568,0.057105083,2016
28.28003,0.6573391,-0.2933113,-0.25195888,2016
35.273285,0.46295586,-0.018336916,-0.0037464257,2016
33.776215,0.51072216,-0.04824873,-0.048235692,2016
36.705444,0.40050426,0.032066215,0.03541738,2016
32.72345,0.58409,-0.22288796,-0.08195908,2016
37.833405,0.22902744,0.097199924,0.06417532,2016
33.721527,0.52295077,-0.08606118,-0.049935654,2016
34.805023,0.37305996,-0.001280388,-0.017250685,2016
34.13852,0.5185618,-0.10202305,-0.03711099,2016
35.23227,0.38095096,0.00024003135,-0.0049149366,2016
35.967133,0.29313034,0.08236491,0.0156170055,2016
38.787018,0.3587557,-0.009137528,0.0871834,2016
36.10385,0.42682293,-0.012333306,0.019344686,2016
35.48178,0.35164455,0.067465104,0.002151734,2016
33.458344,0.5618686,-0.11934115,-0.05819446,2016
35.83383,0.41715312,-0.006828278,0.011955131,2016
38.793854,0.2298022,0.06056145,0.08734425,2016
33.96762,0.469263,-0.04960104,-0.042328924,2016
34.463226,0.35428438,0.03229654,-0.0273395,2016
36.22351,0.31005776,-0.00020979575,0.022584148,2016
33.909515,0.5347093,-0.10288224,-0.044115,2016
38.438385,0.26058725,0.07581613,0.078904234,2016
37.679596,0.21729423,0.10242038,0.060355272,2016
30.2659,0.64227563,-0.2610433,-0.1698127,2016
33.878754,0.4592422,-0.0048083607,-0.045063052,2016
36.784058,0.4193127,0.060158838,0.037478846,2016
36.363647,0.27493963,0.09740018,0.02635087,2016
34.33676,0.4931597,-0.14490134,-0.031123267,2016
39.094635,0.28361678,0.09704905,0.094365925,2016
33.09601,0.5442734,-0.07691186,-0.069779575,2016
29.889923,0.6326757,-0.28850827,-0.18452743,2016
32.634583,0.5284792,-0.15403515,-0.08490536,2016
35.23227,0.33486873,0.07149007,-0.0049149366,2016
35.454437,0.34675053,0.010418177,0.0013821571,2016
34.617035,0.44331697,-0.040637106,-0.022774877,2016
36.790894,0.2853319,0.06859854,0.037657686,2016
34.565765,0.46907383,-0.04485507,-0.024291905,2016
35.960297,0.3309109,0.027429419,0.015429878,2016
35.23227,0.44955033,-0.011094491,-0.0049149366,2016
36.633667,0.37348485,0.008950578,0.03352745,2016
39.47403,0.17794386,0.09159513,0.10307019,2016
34.972504,0.44778824,0.018157428,-0.012379154,2016
34.67514,0.52480704,-0.06876067,-0.021061003,2016
34.832367,0.3771068,0.038571145,-0.016452132,2016
37.819733,0.2986856,0.058107633,0.06383702,2016
38.000885,0.37627625,0.009010796,0.06829976,2016
33.841156,0.5278318,-0.09999666,-0.04622412,2016
31.882599,0.5413465,-0.09256247,-0.110493965,2016
39.06729,0.1814719,0.16189304,0.09373206,2016
39.30655,0.24743412,0.049133934,0.099248484,2016
39.13565,0.38338944,0.041965764,0.09531506,2016
38.90323,0.3113376,0.030629272,0.08991015,2016
36.37732,0.50010914,-0.07148051,0.026716802,2016
28.478271,0.6352913,-0.26534867,-0.24324377,2016
27.965546,0.67349267,-0.24628404,-0.26603764,2016
33.861664,0.46586686,-0.06033316,-0.04559049,2016
29.438751,0.61983234,-0.26305768,-0.20268123,2016
36.39099,0.3207113,0.045267463,0.02708246,2016
37.55655,0.41197038,-0.031682506,0.057276707,2016
33.687347,0.53102845,-0.052339554,-0.051000934,2016
35.861176,0.38888055,-0.0046281186,0.012708504,2016
36.2782,0.3446982,0.063590325,0.02405755,2016
37.99405,0.46516165,-0.0443465,0.068132125,2016
37.11902,0.27712014,0.03743556,0.046164606,2016
32.460266,0.5420089,-0.18250896,-0.090731464,2016
33.181488,0.4679102,-0.056964155,-0.06702369,2016
36.20639,0.44808617,-0.024494797,0.022121971,2016
38.216217,0.33730936,0.02941262,0.073549494,2016
38.527252,0.19954687,0.15081577,0.08102884,2016
29.719025,0.689317,-0.33274063,-0.19133902,2016
35.273285,0.39694288,-0.0041342354,-0.0037464257,2016
35.83725,0.28505206,0.06674454,0.012049365,2016
37.751373,0.2798967,0.064960636,0.062141836,2016
38.821198,0.38906965,0.06342609,0.08798708,2016
36.784058,0.2717655,0.058113217,0.037478846,2016
35.09555,0.35165507,0.025032729,-0.008829698,2016
35.457855,0.3215568,0.021546679,0.001478419,2016
35.181,0.45726815,-0.032133363,-0.0063794064,2016
33.222504,0.44084948,-0.048817657,-0.065706365,2016
36.722534,0.39098755,-0.024784189,0.035866275,2016
35.90219,0.45662397,0.0028321112,0.013836412,2016
34.565765,0.48083004,-0.1354301,-0.024291905,2016
31.62967,0.5497522,-0.1370097,-0.11937413,2016
32.241516,0.61281836,-0.20337276,-0.09813178,2016
29.3909,0.6607457,-0.2902455,-0.20463933,2016
34.44272,0.4863758,-0.028691547,-0.027951196,2016
34.965668,0.38377488,0.0067119454,-0.012577078,2016
41.220642,0.2692638,0.2038136,0.14107515,2016
35.574066,0.41135406,0.011061816,0.0047403215,2016
33.359222,0.56074244,-0.15533337,-0.061338697,2016
28.922607,0.61923957,-0.24659528,-0.2241439,2016
36.852417,0.32784206,0.0063404124,0.039264273,2016
35.806488,0.42320588,-0.049929883,0.011200607,2016
37.816315,0.43055946,-0.058333453,0.063752405,2016
34.852875,0.41290104,0.04465168,-0.01585404,2016
36.066254,0.35124138,0.0038239718,0.018322391,2016
39.480865,0.18043168,0.07813137,0.10322549,2016
33.728363,0.5168442,-0.05297486,-0.049722858,2016
36.87976,0.37845513,0.110289715,0.03997659,2016
33.81723,0.54389936,-0.07718235,-0.046964325,2016
37.207886,0.4102462,0.04765552,0.048442744,2016
35.33481,0.40979892,-0.044374175,-0.0019987458,2016
30.580353,0.5721389,-0.2428149,-0.15778369,2016
37.50186,0.3319291,0.033560958,0.05590197,2016
28.368896,0.6244357,-0.25131127,-0.24803704,2016
34.029144,0.4739571,-0.09322037,-0.04044443,2016
31.749298,0.61871034,-0.19636472,-0.11515642,2016
32.70294,0.551921,-0.14050294,-0.08263757,2016
34.531586,0.48307756,-0.06991521,-0.02530576,2016
38.89981,0.29828689,0.0627708,0.08983018,2016
33.95395,0.5657582,-0.1397043,-0.042748626,2016
33.215668,0.45994473,-0.06301072,-0.065925695,2016
40.055084,0.19305967,0.08396947,0.11608141,2016
34.84262,0.42918402,-0.0809331,-0.016152998,2016
36.12094,0.30739775,0.06647902,0.019808661,2016
35.714203,0.4309408,0.006094617,0.008645559,2016
35.594574,0.47933972,-0.05125634,0.00531374,2016
33.475433,0.5061795,-0.09392061,-0.057654228,2016
33.051575,0.44005853,-0.025563428,-0.07121775,2016
29.435333,0.60498685,-0.17724842,-0.20282088,2016
33.91977,0.46617618,-0.0037851352,-0.043799367,2016
37.348053,0.36127314,0.0019175732,0.052013937,2016
37.82657,0.20096368,0.05619458,0.0640062,2016
35.539886,0.4645049,0.012429904,0.0037831527,2016
32.583313,0.5221736,-0.11663563,-0.086612456,2016
35.31772,0.39201826,-0.05541597,-0.0024836017,2016
33.977875,0.3631108,0.066525765,-0.042014368,2016
39.265533,0.30936062,0.14647937,0.09830759,2016
35.71762,0.36430335,0.017990986,0.008740425,2016
36.285034,0.41620728,0.017311966,0.024241414,2016
38.947662,0.3546387,0.12463116,0.090948425,2016
34.681976,0.5014649,-0.048872646,-0.02085975,2016
39.214264,0.25797135,0.02711835,0.0971287,2016
36.237183,0.32820895,0.033695903,0.022952914,2016
38.875885,0.251592,0.08412351,0.089270025,2016
33.082336,0.5128231,-0.067891404,-0.07022168,2016
36.784058,0.41849837,0.00580204,0.037478846,2016
31.1409,0.6012844,-0.19302174,-0.13694319,2016
37.68643,0.30281925,-0.018428463,0.060525715,2016
30.631622,0.5897516,-0.19574352,-0.15584585,2016
31.715118,0.55663365,-0.15747447,-0.116358235,2016
37.207886,0.23875265,0.061179932,0.048442744,2016
38.400787,0.3803899,-0.0020602646,0.0780024,2016
36.54138,0.3493996,0.030077193,0.031086624,2016
40.277252,0.3539242,0.02199823,0.12095708,2016
35.457855,0.42857602,-0.04950052,0.001478419,2016
35.65268,0.4355948,-0.043170586,0.0069348444,2016
33.81723,0.47859287,-0.06353939,-0.046964325,2016
36.025238,0.390185,0.019814521,0.017204726,2016
34.15219,0.36828718,0.033601504,-0.036695816,2016
35.454437,0.50699514,-0.09025142,0.0013821571,2016
33.24301,0.5261666,-0.11828838,-0.065048926,2016
36.859253,0.34011275,0.019760372,0.03944245,2016
38.34268,0.24382633,0.17627975,0.076605186,2016
34.74008,0.4236567,0.012005123,-0.019152282,2016
32.84308,0.58243626,-0.1495837,-0.078018114,2016
38.66739,0.24852799,0.06752929,0.08435933,2016
34.316254,0.5168681,-0.08951533,-0.031739477,2016
36.524292,0.42859793,-0.011122479,0.030633265,2016
31.2742,0.574369,-0.15189113,-0.13209717,2016
37.542877,0.39722118,0.07292063,0.056933396,2016
35.727875,0.3238312,0.06867875,0.009024917,2016
33.926605,0.52802473,-0.10383198,-0.043589048,2016
31.588654,0.5476624,-0.10558139,-0.12082756,2016
30.696564,0.64087373,-0.22479409,-0.15340056,2016
39.361237,0.303184,0.058966376,0.100499965,2016
33.458344,0.5143426,-0.06862447,-0.05819446,2016
39.21768,0.29455948,0.055608273,0.09720738,2016
40.205475,0.19256017,0.10236345,0.11938775,2016
30.429962,0.6663248,-0.29128367,-0.16350567,2016
35.994476,0.479945,-0.11314693,0.016364807,2016
34.28891,0.5081808,-0.07583397,-0.03256224,2016
36.40808,0.32820278,0.006375481,0.027539145,2016
37.901764,0.27367628,0.025533203,0.06586317,2016
38.503326,0.21970783,0.11423237,0.0804578,2016
31.87918,0.6058936,-0.21446145,-0.110613026,2016
36.82849,0.25332344,0.06090881,0.038640127,2016
34.032562,0.507075,-0.1186627,-0.040339936,2016
37.498444,0.2413209,0.124597006,0.055815917,2016
37.409576,0.29566956,0.043849416,0.053572986,2016
36.555054,0.32477906,0.098925486,0.031449005,2016
32.429504,0.42867795,-0.057769705,-0.091766104,2016
38.31192,0.32399997,0.11646376,0.07586376,2016
38.04532,0.37040114,-0.056295358,0.069387905,2016
37.676178,0.31628114,0.015190637,0.06027003,2016
34.261566,0.48739284,-0.10912203,-0.033386316,2016
35.45102,0.2593427,0.09026571,0.0012858765,2016
38.335846,0.24559802,0.05196397,0.07644053,2016
35.95688,0.43485406,-0.022928895,0.015336287,2016
37.13611,0.28504577,0.03967626,0.046603557,2016
28.409912,0.62679446,-0.26092234,-0.24623524,2016
38.284576,0.5120791,-0.0690217,0.075203724,2016
36.9823,0.4268886,-0.053055245,0.042638402,2016
30.310333,0.62013,-0.19801919,-0.16809781,2016
39.685944,0.2771359,0.042394172,0.1078596,2016
34.869965,0.4868474,-0.041307595,-0.015356168,2016
36.20981,0.31359577,0.021851026,0.022214277,2016
35.63559,0.48597336,-0.09294319,0.0064585977,2016
32.450012,0.50610375,-0.14597481,-0.09107613,2016
34.770844,0.37371612,0.08198461,-0.01825064,2016
31.978302,0.584812,-0.21435194,-0.10717053,2016
38.722076,0.2807936,0.079132274,0.0856525,2016
37.819733,0.21646865,0.09027486,0.06383702,2016
28.10913,0.66939116,-0.26017466,-0.25957057,2016
36.924194,0.33351275,0.08989458,0.041131858,2016
36.028656,0.41947567,0.00030723598,0.017297963,2016
37.918854,0.24482036,0.070482954,0.06628418,2016
37.091675,0.46811086,-0.017768655,0.045461446,2016
36.565308,0.31179357,0.013017917,0.031720612,2016
34.18637,0.46637762,-0.073743366,-0.03565932,2016
34.124847,0.4787955,-0.06612202,-0.037526503,2016
29.8284,0.61918646,-0.22265704,-0.1869706,2016
29.92752,0.62418026,-0.24405539,-0.18303932,2016
38.61612,0.2642895,0.11595338,0.08314367,2016
36.582397,0.40454018,0.024261175,0.032172956,2016
36.329468,0.40941438,0.017488072,0.025434839,2016
30.269318,0.6085947,-0.19479802,-0.1696806,2016
29.178986,0.66026914,-0.260076,-0.21338809,2016
34.699066,0.4980837,-0.05983013,-0.02035696,2016
38.223053,0.25762534,0.04277753,0.07371518,2016
38.000885,0.2637555,0.011201579,0.06829976,2016
33.154114,0.4598176,-0.061599202,-0.06790469,2016
37.32071,0.2843707,0.055539295,0.05131938,2016
32.685852,0.4262108,-0.09983644,-0.08320363,2016
36.08676,0.36747262,0.035105888,0.01888027,2016
38.6127,0.4205724,-0.04450616,0.08306251,2016
32.11844,0.5646794,-0.18612291,-0.10233981,2016
36.903687,0.34993824,0.047790855,0.040599003,2016
34.904144,0.3538321,0.016498128,-0.014361886,2016
37.95645,0.27188483,0.061158612,0.06720907,2016
36.961792,0.2832442,0.031242196,0.04210722,2016
38.472565,0.28913727,0.050919995,0.07972255,2016
36.84558,0.37561375,0.05020119,0.03908603,2016
36.466187,0.4014324,0.012450745,0.02908867,2016
32.778137,0.5571556,-0.15923063,-0.08015393,2016
33.54721,0.515605,-0.10840741,-0.05539128,2016
29.654083,0.61426616,-0.25402236,-0.19394802,2016
30.440216,0.6552131,-0.2551708,-0.16311374,2016
38.657135,0.18337601,0.099145934,0.08411646,2016
31.127228,0.61245906,-0.16281189,-0.13744256,2016
38.38028,0.23971394,0.08939378,0.07750975,2016
38.585358,0.35429698,0.12741086,0.08241271,2016
36.890015,0.40322354,-0.043902766,0.040243436,2016
31.81424,0.5803491,-0.14355737,-0.11288009,2016
36.486694,0.4639565,-0.021116177,0.029634383,2016
38.11026,0.3583679,0.083658814,0.0709737,2016
34.128265,0.46266976,-0.10263789,-0.037422597,2016
38.643463,0.3345268,0.06440787,0.083792426,2016
31.069122,0.6412749,-0.22833933,-0.1395698,2016
38.44522,0.2724637,0.09559501,0.07906801,2016
32.019318,0.5506768,-0.10256529,-0.10575229,2016
37.45401,0.23190476,0.048522178,0.05469578,2016
33.796722,0.5249208,-0.064799525,-0.04759962,2016
36.45935,0.5064674,-0.09522136,0.028906628,2016
39.398834,0.48301515,-0.056253433,0.10135835,2016
30.539337,0.6039883,-0.19814686,-0.15933864,2016
34.545258,0.44347978,-0.04204298,-0.024899976,2016
33.49936,0.38916212,-0.007107279,-0.056898836,2016
30.324005,0.6299806,-0.24317436,-0.16757116,2016
38.100006,0.37387842,0.0356723,0.070723675,2016
36.90027,0.36107457,-0.0023446511,0.040510137,2016
34.18979,0.443305,-0.070529774,-0.035555787,2016
37.871002,0.28702745,-0.0010328273,0.06510439,2016
32.145813,0.5059846,-0.15700808,-0.1014011,2016
36.59607,0.30330253,0.030425902,0.032534525,2016
31.72879,0.59264725,-0.22785795,-0.115877196,2016
33.167816,0.5004222,-0.040627886,-0.06746352,2016
35.358734,0.44030458,0.044945005,-0.0013207352,2016
38.742584,0.41954488,0.0124949645,0.0861365,2016
30.330841,0.62073463,-0.19610718,-0.167308,2016
36.29187,0.39022264,-0.037343588,0.024425207,2016
34.200043,0.52992284,-0.10403389,-0.035245303,2016
38.64688,0.20756793,0.11012811,0.08387346,2016
35.43051,0.33561856,0.017911626,0.00070780294,2016
32.55597,0.5501797,-0.103870176,-0.0875251,2016
32.60382,0.5079719,-0.051872663,-0.08592898,2016
37.611237,0.30566671,0.09765069,0.058647446,2016
36.473022,0.3183246,0.034038354,0.029270643,2016
40.273834,0.17416534,0.11123303,0.120882474,2016
31.619415,0.5481818,-0.14524165,-0.11973714,2016
36.784058,0.34867108,0.03133477,0.037478846,2016
33.93686,0.46189886,-0.06428315,-0.043273732,2016
40.068756,0.24178292,0.09317417,0.11638301,2016
38.0795,0.26083323,0.07096174,0.07022321,2016
38.71866,0.26195434,0.104214884,0.08557179,2016
36.565308,0.43622798,-0.040500987,0.031720612,2016
37.980377,0.27924907,0.026944557,0.067796685,2016
30.597443,0.6433226,-0.23760752,-0.15713702,2016
33.707855,0.4703794,-0.11417841,-0.050361507,2016
35.0101,0.47168845,-0.036728784,-0.011291951,2016
34.671722,0.44020474,-0.05860039,-0.02116166,2016
34.15561,0.34302267,0.07236773,-0.036592074,2016
34.873383,0.26886642,0.060767684,-0.015256653,2016
38.390533,0.40182164,0.034075685,0.077756144,2016
33.355804,0.50154763,-0.03530606,-0.061447453,2016
40.7182,0.39700225,0.06546497,0.13047647,2016
38.544342,0.2861832,0.0018968708,0.08143629,2016
36.985718,0.35623756,0.009572824,0.042726874,2016
41.791473,0.30730182,0.13105848,0.15280724,2016
36.39441,0.417845,0.0033689481,0.02717383,2016
33.912933,0.43727314,0.008238204,-0.044009767,2016
35.891937,0.31067392,0.074463524,0.013554676,2016
36.332886,0.43404162,-0.0054643145,0.025526518,2016
37.10193,0.37096286,0.10561732,0.045725252,2016
33.906097,0.49788505,-0.038772333,-0.044220254,2016
37.105347,0.4013134,-0.010795251,0.045813154,2016
35.546722,0.37333077,-0.0002483779,0.003974734,2016
33.04474,0.45929775,-0.044315245,-0.071439356,2016
31.51004,0.56258345,-0.15301254,-0.12362388,2016
33.509613,0.48285344,-0.009497643,-0.056575425,2016
38.452057,0.3295806,0.0018230007,0.07923174,2016
30.354767,0.61051315,-0.21686178,-0.16638793,2016
35.710785,0.45519873,-0.03433641,0.008550674,2016
39.737213,0.22085418,0.1174951,0.10901065,2016
28.95337,0.6506673,-0.25133002,-0.2228433,2016
31.619415,0.5963766,-0.23286174,-0.11973714,2016
37.60782,0.25758404,0.07491498,0.05856189,2016
38.37686,0.23610038,0.052456226,0.07742759,2016
35.420258,0.305184,0.10514642,0.00041851512,2016
38.73575,0.26782337,0.07116336,0.08597522,2016
37.293365,0.39813474,0.042091545,0.050623797,2016
35.673187,0.2699181,0.07860245,0.007505738,2016
36.011566,0.4381562,-0.013432251,0.016831607,2016
38.22647,0.32133675,0.009347925,0.07379801,2016
34.200043,0.52690804,-0.08405693,-0.035245303,2016
36.199554,0.4800432,-0.10187944,0.021937309,2016
37.84024,0.35522008,0.06645694,0.064344384,2016
37.82657,0.347944,-0.016003666,0.0640062,2016
38.32901,0.36756703,0.0554182,0.07627581,2016
37.953033,0.33545905,0.090734206,0.06712507,2016
30.067657,0.6371782,-0.31151423,-0.1775255,2016
33.6019,0.4780304,-0.048326828,-0.053673618,2016
28.146729,0.64231914,-0.27758598,-0.25788805,2016
35.75522,0.46159545,-0.04277089,0.009782763,2016
38.575104,0.2775191,0.034471948,0.0821688,2016
32.685852,0.5321829,-0.06977962,-0.08320363,2016
36.989136,0.3500881,-0.03149908,0.04281533,2016
28.314209,0.6740287,-0.2620613,-0.25044757,2016
39.64151,0.24266875,0.027450424,0.10685961,2016
35.191254,0.54847264,-0.109138645,-0.006086171,2016
32.47052,0.43855178,-0.10418274,-0.090387024,2016
28.167236,0.64151037,-0.2771824,-0.25697222,2016
35.509125,0.4317127,-0.0031777183,0.0029201256,2016
35.235687,0.49707803,-0.06906272,-0.004817457,2016
36.271362,0.3469143,0.032681134,0.023873618,2016
34.84262,0.47679982,-0.1006888,-0.016152998,2016
36.213226,0.48844814,-0.12514785,0.022306565,2016
34.20688,0.44861215,-0.005790047,-0.03503842,2016
37.983795,0.18438207,0.09679868,0.06788056,2016
36.640503,0.31862026,0.0844959,0.03370776,2016
33.188324,0.48501712,-0.058585335,-0.06680391,2016
39.392,0.15032427,0.0562309,0.1012024,2016
35.779144,0.33315,0.06063994,0.010444929,2016
34.931488,0.55754757,-0.1317393,-0.013567862,2016
36.32263,0.4914063,-0.026806377,0.025251424,2016
34.69223,0.4439018,-0.040436897,-0.020558016,2016
32.761047,0.5797559,-0.1621101,-0.08071739,2016
38.6127,0.38333535,0.075543374,0.08306251,2016
28.12622,0.6480953,-0.24534437,-0.25880522,2016
39.583405,0.19692,0.067043334,0.105548546,2016
37.160034,0.35520333,0.057454906,0.04721741,2016
30.97342,0.6060328,-0.20716178,-0.1430909,2016
30.631622,0.61899126,-0.21867108,-0.15584585,2016
39.72696,0.26097506,0.031571306,0.108780675,2016
33.28061,0.48214328,-0.0329506,-0.063845724,2016
36.725952,0.42438608,0.01741204,0.035956003,2016
37.31729,0.5333196,-0.103340514,0.051232487,2016
31.2742,0.5591437,-0.1935772,-0.13209717,2016
35.779144,0.49318033,-0.029706983,0.010444929,2016
34.0018,0.49053454,-0.0361909,-0.04128114,2016
35.60141,0.4511185,-0.011350564,0.005504733,2016
36.91736,0.2915971,0.02623376,0.040954303,2016
37.93936,0.26886705,0.015929148,0.06678889,2016
35.187836,0.38185814,0.04630541,-0.006183897,2016
33.205414,0.52868044,-0.14720003,-0.066254854,2016
36.20981,0.42937535,0.011787098,0.022214277,2016
39.063873,0.3766947,-0.004309354,0.09365276,2016
33.981293,0.5154329,-0.12313634,-0.041909557,2016
37.795807,0.32297435,-0.02156522,0.0632444,2016
35.76889,0.41275722,0.021071209,0.010161253,2016
29.158478,0.6470254,-0.25221902,-0.21424149,2016
35.31772,0.36171278,0.06703279,-0.0024836017,2016
28.697021,0.67138255,-0.23079926,-0.23376684,2016
35.98764,0.41214937,-0.028504392,0.016177963,2016
38.113678,0.28691867,0.045491107,0.07105702,2016
33.595062,0.53163296,-0.1374088,-0.05388802,2016
37.28311,0.3265976,0.0437697,0.050362695,2016
32.43634,0.5733807,-0.17284949,-0.091536015,2016
36.288452,0.38826865,0.0023591856,0.024333319,2016
35.697113,0.42422646,-0.08379798,0.008170951,2016
37.80948,0.33612332,-0.031601023,0.063583136,2016
34.702484,0.4898436,-0.10670654,-0.020256462,2016
40.03116,0.2497308,0.1651135,0.11555311,2016
39.098053,0.24607353,0.08645727,0.094445094,2016
36.842163,0.3536167,0.034265436,0.03899688,2016
36.79773,0.39758614,-0.079777196,0.037836462,2016
31.933868,0.52057415,-0.095683485,-0.10871108,2016
39.754303,0.24412198,0.072294034,0.10939368,2016
36.363647,0.32906732,0.06489231,0.02635087,2016
31.356232,0.59581375,-0.20967379,-0.12913547,2016
34.230804,0.47018805,-0.040654033,-0.034314975,2016
32.255188,0.55496705,-0.13966492,-0.09766632,2016
36.869507,0.502852,-0.078647435,0.039709594,2016
36.78064,0.31930572,0.03712263,0.037389398,2016
37.105347,0.33388123,-0.0010779115,0.045813154,2016
32.846497,0.51836616,-0.060043287,-0.07790594,2016
36.168793,0.40332693,-0.04047248,0.02110546,2016
38.626373,0.20806858,0.10165034,0.083387055,2016
33.943695,0.49902567,-0.13240586,-0.043063626,2016
37.55655,0.23686175,0.07678822,0.057276707,2016
35.779144,0.44735792,-0.02445382,0.010444929,2016
39.06729,0.23751774,0.10840235,0.09373206,2016
31.469025,0.6165976,-0.2581571,-0.12508836,2016
37.62491,0.32756037,0.11901453,0.058989506,2016
32.374817,0.571552,-0.20540307,-0.09361032,2016
37.70694,0.3372137,-0.003977334,0.06103667,2016
29.842072,0.6381094,-0.2645893,-0.1864268,2016
36.001312,0.54819846,-0.11159214,0.01655158,2016
39.128815,0.2515967,0.08260401,0.09515701,2016
32.846497,0.52964985,-0.047997274,-0.07790594,2016
38.017975,0.36290812,0.08113518,0.06871858,2016
39.00235,0.30403545,-0.0028378805,0.09222306,2016
37.173706,0.2772037,0.035550773,0.047567826,2016
37.457428,0.4317915,-0.027690748,0.05478204,2016
30.033478,0.6469969,-0.25160885,-0.1788656,2016
35.932953,0.45345396,-0.029438006,0.014680654,2016
28.047577,0.67508495,-0.32547796,-0.26233485,2016
32.40558,0.5180518,-0.12699749,-0.09257218,2016
38.39737,0.31986117,0.020345999,0.07792033,2016
30.105255,0.63283455,-0.23850968,-0.17605492,2016
36.19272,0.2958331,0.067245506,0.021752575,2016
37.10193,0.43016276,-0.015778549,0.045725252,2016
36.469604,0.285907,0.08736779,0.029179664,2016
37.399323,0.24405336,0.061672132,0.0533135,2016
28.286865,0.63044405,-0.25643936,-0.25165632,2016
33.46176,0.45768404,-0.079444736,-0.05808637,2016
35.119476,0.33152032,0.08463902,-0.0081424145,2016
29.684845,0.663663,-0.2786245,-0.19271074,2016
35.38266,0.4417639,-0.014060245,-0.00064364134,2016
39.935455,0.3462887,0.08294793,0.11343358,2016
35.9227,0.4062472,-0.012720071,0.0143994,2016
36.018402,0.371794,-0.008106569,0.017018203,2016
39.730377,0.208158,0.20174776,0.10885735,2016
36.68152,0.22475298,0.08516084,0.034788225,2016
34.528168,0.44530207,-0.02229215,-0.025407255,2016
38.09317,0.29996705,0.037055608,0.07055692,2016
38.05899,0.32290873,-0.021731768,0.069722205,2016
39.26895,0.260846,0.042866886,0.09838607,2016
38.017975,0.39004606,0.055487726,0.06871858,2016
34.347015,0.4796775,-0.0072725113,-0.030815437,2016
34.063324,0.48993057,-0.040234867,-0.039400432,2016
38.81778,0.22996572,0.08904108,0.08790678,2016
38.113678,0.31451097,0.053552683,0.07105702,2016
34.72641,0.5182861,-0.07047757,-0.019553525,2016
39.904694,0.28171453,0.15291168,0.11275014,2016
32.966125,0.537729,-0.08682356,-0.07399438,2016
35.403168,0.3814646,0.01531918,-6.40036e-05,2016
38.14444,0.29019228,0.028276695,0.07180617,2016
31.626251,0.6064014,-0.18266754,-0.11949511,2016
34.05307,0.5193951,-0.094782025,-0.039713413,2016
40.414,0.26921412,0.14735283,0.1239315,2016
33.369476,0.5451381,-0.15473962,-0.061012566,2016
35.809906,0.37107542,0.004994721,0.011294985,2016
37.310455,0.22512794,0.092221424,0.051058654,2016
36.42517,0.25704485,0.051831253,0.0279954,2016
35.543304,0.39928365,0.020639598,0.0038789525,2016
30.23172,0.64616466,-0.22402583,-0.17113528,2016
41.456512,0.26294494,0.14170285,0.14596207,2016
36.937866,0.46750832,-0.027233988,0.041486766,2016
33.201996,0.56252897,-0.1655172,-0.066364616,2016
36.49695,0.5102376,-0.06548667,0.02990701,2016
36.83191,0.29427677,0.015009315,0.03872934,2016
30.682892,0.60381186,-0.17078565,-0.1539145,2016
38.082916,0.38929674,-0.07469828,0.07030666,2016
36.69861,0.43791535,-0.078003414,0.035237703,2016
28.269775,0.6760144,-0.25795624,-0.25241297,2016
35.58432,0.45951343,-0.06584207,0.0050271135,2016
38.017975,0.22231068,0.07316473,0.06871858,2016
33.321625,0.48224825,-0.06748068,-0.06253623,2016
37.949615,0.32060963,0.084125526,0.06704105,2016
37.057495,0.24704215,0.037639856,0.044581033,2016
39.08438,0.2508973,0.04133615,0.094128326,2016
31.161407,0.51484936,-0.1437253,-0.13619494,2016
38.588776,0.26769015,0.037872218,0.08249399,2016
32.292786,0.47067904,-0.06714341,-0.09638834,2016
38.636627,0.1948413,0.114884056,0.08363032,2016
37.97696,0.33263385,-0.02888646,0.067712784,2016
33.707855,0.44766733,-0.12105069,-0.050361507,2016
38.93399,0.20404938,0.06124812,0.09062921,2016
37.14978,0.38568297,0.011102002,0.046954427,2016
36.705444,0.43117028,-0.012220601,0.03541738,2016
38.657135,0.3017623,0.036961183,0.08411646,2016
35.73471,0.44707203,0.009830828,0.009214487,2016
37.112183,0.43516183,-0.0012461968,0.045988914,2016
38.585358,0.33548138,0.075490944,0.08241271,2016
31.397247,0.57693666,-0.15238434,-0.12766044,2016
33.871918,0.5494315,-0.12643073,-0.045273963,2016
38.055573,0.31061542,0.07730417,0.069638655,2016
34.986176,0.2689746,0.093876585,-0.011983537,2016
33.89926,0.5017486,-0.07660935,-0.044430826,2016
30.385529,0.5740947,-0.19797546,-0.1652071,2016
30.898224,0.6289765,-0.20212525,-0.14587277,2016
38.31534,0.2026929,0.1294678,0.075946204,2016
30.228302,0.636365,-0.22047631,-0.1712677,2016
34.244476,0.48911414,-0.08816406,-0.03390203,2016
37.600983,0.30962476,0.04837327,0.058390737,2016
37.515533,0.3631641,0.070177324,0.05624603,2016
36.52771,0.44673154,-0.031875435,0.03072397,2016
36.09018,0.35580665,0.0017876412,0.018973188,2016
33.24301,0.5642256,-0.12809122,-0.065048926,2016
35.286957,0.47513008,-0.05008328,-0.0033575257,2016
35.276703,0.34299573,0.052558526,-0.0036491726,2016
36.22351,0.54685235,-0.15064308,0.022584148,2016
32.95587,0.48408082,-0.06526879,-0.07432855,2016
39.10489,0.29343784,0.007764664,0.0946034,2016
29.821564,0.64041793,-0.23085406,-0.18724269,2016
33.6019,0.54059005,-0.1028282,-0.053673618,2016
40.01065,0.19110323,0.075648196,0.11509978,2016
35.187836,0.4748876,-0.071235314,-0.006183897,2016
28.409912,0.6417771,-0.25089383,-0.24623524,2016
35.24936,0.28368303,0.08410531,-0.0044277264,2016
36.69861,0.47804055,-0.07863749,0.035237703,2016
36.26111,0.37591866,0.05029367,0.023597589,2016
38.86905,0.3015016,0.10977048,0.08910986,2016
38.038483,0.37593716,-0.0067248484,0.06922066,2016
37.348053,0.27334192,0.043944977,0.052013937,2016
33.54721,0.37551114,-0.020012332,-0.05539128,2016
38.089752,0.3640921,0.08445075,0.07047351,2016
40.86859,0.25662702,0.15480179,0.13367619,2016
38.92032,0.22521749,0.088434,0.09030977,2016
36.05258,0.34248254,0.050254863,0.01795012,2016
34.196625,0.48763922,-0.07392839,-0.035348777,2016
35.11606,0.4382941,0.025730133,-0.0082405405,2016
33.22592,0.5015959,-0.051875807,-0.06559674,2016
33.53012,0.51297146,-0.10003637,-0.0559292,2016
29.907013,0.6748649,-0.28812757,-0.18385054,2016
35.714203,0.51241416,-0.18853842,0.008645559,2016
30.604279,0.6008943,-0.20779152,-0.15687856,2016
30.040314,0.65419084,-0.24492007,-0.17859733,2016
30.641876,0.63310206,-0.25194827,-0.15545906,2016
36.756714,0.29560292,0.03909858,0.036762815,2016
35.6185,0.45781964,-0.004685875,0.005981894,2016
35.762054,0.4418255,0.025557248,0.009972044,2016
30.019806,0.55580163,-0.18356873,-0.17940249,2016
38.41446,0.23407833,0.05805766,0.07833055,2016
28.061249,0.63899356,-0.25170913,-0.26171982,2016
38.35977,0.21425578,0.07408152,0.07701657,2016
34.07016,0.55745673,-0.12886189,-0.039191883,2016
38.506744,0.19827549,0.0876163,0.08053942,2016
39.395416,0.24300192,0.072827086,0.10128038,2016
30.949493,0.62155694,-0.23112889,-0.14397457,2016
36.271362,0.40538624,0.05487314,0.023873618,2016
35.994476,0.5099841,-0.042078145,0.016364807,2016
35.19467,0.45491782,-0.019824669,-0.005988464,2016
34.056488,0.5071749,-0.039411474,-0.039609063,2016
39.026276,0.18990703,0.08014692,0.09277959,2016
33.63266,0.4817921,-0.08791835,-0.05270989,2016
33.789886,0.44572833,-0.0007545362,-0.04781156,2016
33.492523,0.502117,-0.12845315,-0.057114553,2016
35.775726,0.41772366,-0.008288847,0.0103503885,2016
28.9021,0.6284699,-0.23900796,-0.22501251,2016
35.040863,0.47544405,-0.01232776,-0.0104041565,2016
37.611237,0.2819223,0.11650183,0.058647446,2016
35.204926,0.3851154,-0.0373896,-0.005695456,2016
35.546722,0.30615914,0.06066684,0.003974734,2016
34.145355,0.4644482,-0.021736937,-0.036903363,2016
31.581818,0.52923083,-0.17544937,-0.12107017,2016
37.867584,0.42486355,-0.021767046,0.06502001,2016
37.4711,0.40198147,0.035697732,0.055126917,2016
36.520874,0.2923897,0.07978848,0.030542543,2016
33.930023,0.56896716,-0.1489274,-0.04348392,2016
37.450592,0.2774418,0.17078651,0.054609507,2016
39.06729,0.22444323,0.04237558,0.09373206,2016
34.705902,0.45060113,-0.09126674,-0.020155983,2016
38.438385,0.26548046,0.04741107,0.078904234,2016
35.66977,0.4627667,-0.008962414,0.007410635,2016
36.380737,0.42506036,0.045850404,0.026808243,2016
32.128693,0.50955737,-0.10026461,-0.101987995,2016
35.577484,0.32197043,0.014731044,0.004835937,2016
38.947662,0.2665174,0.044535454,0.090948425,2016
37.782135,0.30225182,0.03256827,0.06290543,2016
35.6185,0.3246201,0.1324929,0.005981894,2016
41.69919,0.31641254,0.11779004,0.1509323,2016
39.713287,0.32113084,0.10331639,0.10847386,2016
36.14145,0.35037643,-0.037098885,0.020364854,2016
32.97638,0.48155192,-0.03600837,-0.073660426,2016
37.262604,0.2641116,0.07684101,0.04984005,2016
38.27774,0.26958802,0.09293477,0.07503857,2016
34.114594,0.5510119,-0.14590374,-0.037838355,2016
30.313751,0.62152284,-0.2018894,-0.1679661,2016
37.18396,0.330629,-0.026260253,0.04783047,2016
27.910858,0.6568806,-0.28412822,-0.26851827,2016
34.182953,0.48970523,-0.092519954,-0.035762876,2016
33.91977,0.52269983,-0.061277043,-0.043799367,2016
33.977875,0.4250537,0.004246383,-0.042014368,2016
36.825073,0.33904517,-0.037612725,0.038550895,2016
33.20883,0.5277957,-0.12749451,-0.066145115,2016
32.795227,0.5330766,-0.114651926,-0.07959105,2016
34.292328,0.46443358,-0.04834446,-0.032459322,2016
33.707855,0.57119477,-0.14364539,-0.050361507,2016
33.037903,0.50392586,-0.10912867,-0.07166105,2016
28.86792,0.63464844,-0.24866043,-0.22646293,2016
37.04724,0.38336593,0.0066214516,0.044316594,2016
34.965668,0.40196884,-0.03268852,-0.012577078,2016
35.259613,0.49806046,-0.07114854,-0.0041356273,2016
35.943207,0.2631805,0.08163117,0.014961746,2016
39.214264,0.48069918,-0.04444433,0.0971287,2016
38.38028,0.2681749,0.06781312,0.07750975,2016
36.520874,0.3602143,0.010337867,0.030542543,2016
41.025818,0.32864156,0.06469851,0.13699627,2016
36.551636,0.35287383,0.044832774,0.031358436,2016
33.2601,0.47976917,-0.036641408,-0.06450168,2016
39.398834,0.23874278,0.0873624,0.10135835,2016
37.597565,0.22134691,0.09466639,0.058305133,2016
36.842163,0.339282,-0.006194569,0.03899688,2016
33.889008,0.3313691,0.03721371,-0.044746842,2016
34.16928,0.5043914,-0.0353304,-0.03617731,2016
35.83383,0.4422133,-0.02912406,0.011955131,2016
33.454926,0.55809015,-0.15091105,-0.05830257,2016
38.74942,0.25328597,0.05528838,0.08629772,2016
29.876251,0.633606,-0.23472585,-0.18506949,2016
30.980255,0.59239507,-0.1609586,-0.14283867,2016
35.054535,0.55584717,-0.20313501,-0.010010081,2016
37.55313,0.43284878,-0.08443979,0.057190903,2016
38.687897,0.2274916,0.11614521,0.0848447,2016
35.28012,0.44949687,0.016958436,-0.003551938,2016
29.158478,0.6242956,-0.20450933,-0.21424149,2016
40.321716,0.16408648,0.077572316,0.12192643,2016
32.57306,0.4899936,-0.046905316,-0.08695452,2016
38.308502,0.2847275,0.04119207,0.07578131,2016
35.611664,0.49136853,-0.051306054,0.005791085,2016
35.577484,0.37903827,0.054946978,0.004835937,2016
35.14682,0.42515805,-0.0127523625,-0.0073580933,2016
38.06241,0.307415,0.03580044,0.06980575,2016
32.716614,0.5069779,-0.13197714,-0.08218515,2016
37.97696,0.39031225,-0.07741697,0.067712784,2016
38.503326,0.28885376,0.021392198,0.0804578,2016
30.987091,0.5793631,-0.20063467,-0.14258656,2016
38.055573,0.35232618,0.09280064,0.069638655,2016
36.298706,0.5090128,-0.07505518,0.024608932,2016
36.633667,0.41668293,-0.010096949,0.03352745,2016
36.49353,0.4998828,-0.028870042,0.02981615,2016
36.599487,0.39077467,0.039672915,0.032624874,2016
35.662933,0.48546916,-0.088884324,0.0072203735,2016
38.807526,0.24947378,0.09645301,0.08766578,2016
34.750336,0.435284,-0.014445518,-0.018851558,2016
38.81778,0.29076287,0.034897465,0.08790678,2016
38.14444,0.25316805,0.039733153,0.07180617,2016
35.608246,0.43816152,-0.02080188,0.0056956527,2016
39.029694,0.42235184,-0.00616388,0.092859045,2016
37.35489,0.26155,0.068013206,0.05218742,2016
38.78018,0.36857256,0.09755945,0.0870225,2016
37.204468,0.26314571,0.061577003,0.048355326,2016
34.02231,0.4972741,-0.033615552,-0.040653482,2016
37.871002,0.4074827,-0.018439636,0.06510439,2016
37.238678,0.28116804,0.03248431,0.049229577,2016
39.108307,0.35945147,0.04764024,0.09468252,2016
37.734283,0.244224,0.042480875,0.06171708,2016
31.89627,0.5874017,-0.15892804,-0.11001797,2016
33.629242,0.5087403,-0.10718181,-0.052816883,2016
34.504242,0.32938993,0.037840255,-0.026118288,2016
37.512115,0.4491004,-0.03377958,0.056160036,2016
32.651672,0.48626608,-0.040949874,-0.084337525,2016
39.901276,0.25970927,0.11396474,0.11267414,2016
33.738617,0.5004531,-0.13178115,-0.049403824,2016
35.539886,0.4253246,0.006559891,0.0037831527,2016
37.901764,0.23415111,0.09283029,0.06586317,2016
33.304535,0.431376,-0.0298554,-0.06308146,2016
37.727448,0.27936053,0.014431293,0.06154707,2016
31.171661,0.6378698,-0.23966524,-0.1358212,2016
32.214172,0.5624,-0.121761255,-0.099063896,2016
40.543884,0.26699468,0.10180488,0.126738,2016
41.230896,0.31142563,0.16181971,0.14128876,2016
35.085297,0.50327617,-0.040888034,-0.009124535,2016
37.953033,0.41424593,-0.018021705,0.06712507,2016
32.631165,0.55795324,-0.12836115,-0.08501901,2016
37.566803,0.2804829,0.056439046,0.057534024,2016
34.517914,0.46129668,-0.026674094,-0.025711862,2016
37.01648,0.41252908,0.0017640007,0.043522395,2016
38.305084,0.19314535,0.0954974,0.075698845,2016
36.19272,0.48976353,-0.07386329,0.021752575,2016
35.878265,0.3432378,0.056395344,0.013178779,2016
38.475983,0.27146176,0.01586168,0.0798043,2016
27.92453,0.6597075,-0.26231977,-0.26789722,2016
31.968048,0.593573,-0.1675991,-0.10752566,2016
37.187378,0.34593457,0.06052312,0.04791799,2016
33.73178,0.51399434,-0.16950925,-0.049616493,2016
36.237183,0.4126662,0.048497032,0.022952914,2016
38.35977,0.3127361,0.11326183,0.07701657,2016
35.16391,0.47553158,-0.051254813,-0.0068685124,2016
33.80014,0.43621713,0.0012869604,-0.047493685,2016
40.560974,0.30090922,0.12888087,0.12710594,2016
36.855835,0.3493133,-0.03584955,0.03935337,2016
32.863586,0.34397194,0.061115507,-0.0773454,2016
35.697113,0.4584223,-0.0030013572,0.008170951,2016
35.304047,0.5456776,-0.18667784,-0.0028718244,2016
31.52713,0.6015847,-0.1954454,-0.1230148,2016
38.83487,0.2287467,0.11848138,0.088308156,2016
36.05258,0.39640483,0.0054765176,0.01795012,2016
34.015472,0.54114276,-0.12665088,-0.040862616,2016
29.951447,0.60437536,-0.2360254,-0.18209428,2016
37.307037,0.31243372,-0.009678544,0.050971717,2016
38.83145,0.32735598,0.006225889,0.088227905,2016
34.25473,0.44133726,-0.008478006,-0.03359254,2016
35.392914,0.4005304,-0.021145394,-0.0003537385,2016
35.06137,0.41802344,-0.024513971,-0.009813159,2016
34.91098,0.21634059,-0.11452855,-0.014163264,2016
35.676605,0.42026785,-0.045979828,0.0076008234,2016
30.269318,0.64656174,-0.25440082,-0.1696806,2016
37.508698,0.30602753,0.006981813,0.05607403,2016
33.24301,0.5332997,-0.1537042,-0.065048926,2016
36.09018,0.24989396,0.104605384,0.018973188,2016
36.07309,0.4728831,-0.049398903,0.018508421,2016
40.362732,0.255176,0.10685394,0.1228187,2016
34.849457,0.43139315,-0.02282,-0.015953673,2016
35.427094,0.510901,-0.07097786,0.00061139226,2016
28.963623,0.6158173,-0.22863637,-0.22241038,2016
30.341095,0.614142,-0.22617283,-0.16691351,2016
32.949036,0.55932856,-0.15355898,-0.07455144,2016
33.15753,0.5096925,-0.084007725,-0.067794606,2016
34.53842,0.43519214,-0.0045406586,-0.025102828,2016
33.844574,0.44154796,-0.015422694,-0.04611846,2016
33.437836,0.52159363,-0.10071863,-0.05884346,2016
37.11902,0.23006926,0.0739712,0.046164606,2016
40.140533,0.19039406,0.043185603,0.11796305,2016
29.161896,0.60215825,-0.29276508,-0.21409918,2016
34.88022,0.44590124,0.011812848,-0.015057679,2016
32.867004,0.47764772,-0.058059968,-0.07723336,2016
33.301117,0.5224688,-0.17310765,-0.06319057,2016
38.875885,0.45090416,0.0024613717,0.089270025,2016
34.4393,0.3605548,0.04738776,-0.028053215,2016
34.282074,0.4897861,-0.11856751,-0.032768138,2016
38.7836,0.2889801,0.10870178,0.08710296,2016
33.906097,0.5163764,-0.078661755,-0.044220254,2016
38.287994,0.30778897,0.0053267125,0.075286284,2016
37.228394,0.37152418,0.02667026,0.048966922,2016
36.168793,0.29996866,0.040670708,0.02110546,2016
33.55063,0.49525237,-0.0755863,-0.055283763,2016
36.9823,0.30301085,0.05361533,0.042638402,2016
34.688812,0.5172697,-0.06235183,-0.020658575,2016
34.548676,0.498798,-0.050791923,-0.024798581,2016
35.36557,0.4455937,0.018117288,-0.0011271863,2016
34.654633,0.42558354,-0.03415908,-0.021665245,2016
34.89731,0.4838131,-0.04739058,-0.014560588,2016
37.566803,0.32300055,0.043981954,0.057534024,2016
35.563812,0.28445476,0.052311,0.004453364,2016
37.23526,0.26821542,0.076173484,0.0491423,2016
32.532043,0.5078705,-0.047654446,-0.08832492,2016
35.153656,0.37048167,0.0029105307,-0.007162204,2016
36.168793,0.44754115,-0.020318916,0.02110546,2016
37.457428,0.45308134,-0.10219867,0.05478204,2016
36.27478,0.36489865,0.06048427,0.023965593,2016
34.750336,0.502552,-0.05880024,-0.018851558,2016
34.67514,0.43286097,0.02508048,-0.021061003,2016
39.241608,0.24746443,0.038571354,0.09775782,2016
35.950043,0.37559772,-0.021788662,0.015149052,2016
38.39395,0.38731325,0.08449192,0.07783824,2016
34.62387,0.47608072,-0.12468494,-0.022572948,2016
33.407074,0.46705452,-0.10326221,-0.059818458,2016
30.88797,0.5659572,-0.14706814,-0.14625317,2016
36.64392,0.49024692,-0.04015118,0.03379789,2016
37.74112,0.26802745,0.044383623,0.06188703,2016
37.146362,0.2528252,0.069905,0.046866734,2016
38.072662,0.2705786,0.09074433,0.07005627,2016
39.614166,0.19570914,0.12539352,0.10624312,2016
31.786896,0.609428,-0.22366348,-0.11383741,2016
39.395416,0.30940077,0.06854672,0.10128038,2016
35.857758,0.3436425,0.08401035,0.012614395,2016
35.799652,0.36387268,0.071020566,0.011011795,2016
37.38907,0.3120477,0.07854103,0.053053875,2016
38.458893,0.31619555,0.00471206,0.0793954,2016
34.193207,0.41390672,-0.019137518,-0.035452273,2016
39.897858,0.38884482,0.011147802,0.11259813,2016
38.551178,0.29111913,0.102550015,0.081599176,2016
36.319214,0.3920531,-0.081613265,0.02515969,2016
37.204468,0.42302126,0.02713974,0.048355326,2016
34.999847,0.37965328,-0.00563664,-0.011588229,2016
38.469147,0.39049056,0.10897707,0.07964078,2016
37.14978,0.24592814,0.09514185,0.046954427,2016
34.887054,0.3543635,0.058623113,-0.014858784,2016
37.970123,0.4227502,-0.021034624,0.06754494,2016
36.346558,0.4548815,-0.010319954,0.02589307,2016
31.02127,0.5684224,-0.109596245,-0.14132763,2016
34.787933,0.48680338,-0.05087469,-0.017750416,2016
32.43634,0.42695066,-0.027721718,-0.091536015,2016
34.934906,0.47940624,-0.039671704,-0.013468697,2016
31.79715,0.49713236,-0.07811195,-0.11347822,2016
29.449005,0.64098376,-0.26193193,-0.20226248,2016
39.579987,0.35522813,0.07981088,0.105471306,2016
37.812897,0.42148355,0.018542856,0.063667774,2016
34.295746,0.3466431,0.04682263,-0.032356426,2016
37.665924,0.22608455,0.07694,0.060014203,2016
39.142487,0.30800074,0.029532488,0.09547306,2016
39.50821,0.4604738,0.026671734,0.103846155,2016
33.762543,0.5291214,-0.08539829,-0.048660167,2016
36.062836,0.4822668,-0.052902028,0.01822935,2016
38.88614,0.3859243,0.07893078,0.08951018,2016
37.693268,0.3490502,-0.015509814,0.060696095,2016
38.301666,0.20544362,0.09112184,0.07561636,2016
33.16095,0.50395817,-0.054907467,-0.067684546,2016
31.718536,0.586277,-0.16259904,-0.11623794,2016
38.24698,0.3597026,-0.044219114,0.07429463,2016
34.818695,0.40445456,-0.0058563016,-0.016851252,2016
32.156067,0.57015073,-0.13668418,-0.101049885,2016
31.701447,0.617873,-0.2106794,-0.116839685,2016
36.766968,0.36062598,0.012853023,0.03703145,2016
31.079376,0.5904192,-0.21128753,-0.13919383,2016
31.721954,0.6131674,-0.21731713,-0.11611766,2016
35.796234,0.34618497,-0.03086811,0.010917363,2016
39.45694,0.36092296,0.102362566,0.10268171,2016
34.599945,0.43088928,-0.063059635,-0.023280054,2016
33.557465,0.5370075,-0.093237005,-0.05506879,2016
32.16632,0.5108259,-0.08482826,-0.10069889,2016
35.358734,0.3673142,-0.0070344596,-0.0013207352,2016
33.20883,0.49178767,-0.033984657,-0.066145115,2016
30.204376,0.6220176,-0.19611773,-0.1721955,2016
38.906647,0.37549347,-0.051838152,0.0899901,2016
38.7836,0.26335177,0.13087362,0.08710296,2016
33.47885,0.5598941,-0.15172282,-0.05754625,2016
33.71469,0.48280096,-0.043916244,-0.05014854,2016
30.306915,0.6598451,-0.25180078,-0.16822954,2016
37.310455,0.2373523,0.0923749,0.051058654,2016
38.568268,0.27249482,0.06496226,0.08200613,2016
28.591064,0.6757825,-0.2907235,-0.23833913,2016
37.631744,0.23060116,0.064158425,0.059160445,2016
33.188324,0.5173604,-0.11281799,-0.06680391,2016
36.185883,0.4424823,-0.028567072,0.021567773,2016
36.315796,0.45497337,-0.013524344,0.025067942,2016
38.134186,0.31079206,0.028422788,0.07155658,2016
39.77481,0.23492573,0.059125934,0.10985287,2016
33.88559,0.42004305,-0.05805143,-0.044852223,2016
32.15265,0.5787096,-0.19861951,-0.10116693,2016
37.324127,0.2567063,0.038806606,0.051406253,2016
34.25473,0.3411261,0.03069757,-0.03359254,2016
33.181488,0.535642,-0.080872424,-0.06702369,2016
36.937866,0.38166162,-0.04735784,0.041486766,2016
37.177124,0.22570688,0.06010677,0.047655392,2016
34.196625,0.29303613,0.048085835,-0.035348777,2016
35.604828,0.33669734,0.063825585,0.005600202,2016
36.941284,0.38072369,-0.031613953,0.04157545,2016
34.54184,0.3758494,0.074572645,-0.025001392,2016
31.530548,0.5829621,-0.16226125,-0.12289306,2016
37.901764,0.16572973,0.08413458,0.06586317,2016
36.45935,0.372744,-0.011949675,0.028906628,2016
35.90219,0.45894077,-0.0154071655,0.013836412,2016
38.493073,0.32682556,0.0110210655,0.08021285,2016
36.568726,0.43742925,0.012313777,0.031811114,2016
36.722534,0.38819578,-0.012924697,0.035866275,2016
37.9086,0.29127145,0.007580256,0.06603162,2016
34.432465,0.50694835,-0.11311381,-0.028257316,2016
30.638458,0.63896865,-0.21953966,-0.15558797,2016
39.983307,0.32834914,-0.030694578,0.114494614,2016
38.407623,0.37434593,-0.023691412,0.07816651,2016
35.3519,0.30832282,0.04440935,-0.0015143589,2016
38.46573,0.3010968,0.11485787,0.079559006,2016
36.59607,0.42927185,-0.05529382,0.032534525,2016
39.115143,0.33278725,0.10805121,0.09484074,2016
33.711273,0.53607434,-0.09118003,-0.05025501,2016
38.352936,0.2106304,0.091307856,0.07685206,2016
36.438843,0.434785,-0.018170534,0.028360097,2016
40.622498,0.22197258,0.12667257,0.12842795,2016
35.690277,0.42457396,0.019833615,0.007980982,2016
35.150238,0.3954085,0.028696666,-0.007260139,2016
34.84262,0.4619572,-0.012659251,-0.016152998,2016
35.56723,0.28418466,0.07217267,0.004549035,2016
35.324554,0.44203588,-0.017900927,-0.0022896032,2016
30.658966,0.5375387,-0.054541614,-0.15481499,2016
35.509125,0.4046089,-0.011615733,0.0029201256,2016
36.028656,0.33275285,0.042910527,0.017297963,2016
36.083344,0.40516338,0.018046629,0.018787336,2016
31.469025,0.5905961,-0.1946096,-0.12508836,2016
31.650177,0.60077804,-0.2075072,-0.118648835,2016
40.055084,0.23844537,0.03845219,0.11608141,2016
33.554047,0.51976466,-0.1388085,-0.055176266,2016
36.927612,0.30699015,0.099703364,0.04122061,2016
30.036896,0.57632256,-0.20469914,-0.17873146,2016
34.750336,0.44575423,-0.047402646,-0.018851558,2016
31.892853,0.5096789,-0.13698933,-0.110136926,2016
37.693268,0.46455884,-0.023169447,0.060696095,2016
33.677094,0.46217185,0.011283967,-0.05132094,2016
38.11026,0.27588388,0.10729538,0.0709737,2016
36.45935,0.29084387,0.05259819,0.028906628,2016
35.639008,0.43143687,-0.08580031,0.0065538837,2016
28.242432,0.677887,-0.25479716,-0.25362554,2016
36.910522,0.425387,0.05669044,0.040776685,2016
38.7836,0.44600648,-0.022676418,0.08710296,2016
34.750336,0.37354755,0.054582838,-0.018851558,2016
33.02423,0.57715994,-0.15309495,-0.072104715,2016
37.43692,0.32200703,0.10563147,0.054264255,2016
35.11264,0.34126243,0.053755585,-0.008338686,2016
31.017853,0.5614258,-0.12580599,-0.1414534,2016
37.799225,0.312031,0.01657313,0.06332911,2016
35.31772,0.3637331,0.01213751,-0.0024836017,2016
32.73712,0.4964468,-0.07751696,-0.08150723,2016
38.858795,0.20046349,0.09002183,0.0888695,2016
36.821655,0.40069497,0.01870297,0.03846165,2016
33.304535,0.5307148,-0.11282786,-0.06308146,2016
39.039948,0.21481356,0.013574796,0.09309731,2016
34.81186,0.38796404,0.0018785609,-0.01705093,2016
33.97104,0.48548225,-0.08426399,-0.04222405,2016
37.57364,0.45992133,0.017355608,0.05770549,2016
37.7377,0.28292906,0.058923908,0.061802063,2016
36.719116,0.40472952,0.039197586,0.03577653,2016
38.520416,0.23218338,0.10881315,0.080865756,2016
36.650757,0.41793975,0.007778772,0.033978105,2016
34.5726,0.47215754,-0.03461064,-0.024089374,2016
34.080414,0.57311815,-0.15993917,-0.03887922,2016
31.7117,0.609865,-0.17479989,-0.11647856,2016
36.756714,0.42111054,-0.05223601,0.036762815,2016
37.06775,0.3087782,0.044280373,0.044845328,2016
35.068207,0.4041211,0.008505769,-0.0096163135,2016
30.392365,0.60015863,-0.2160111,-0.16494502,2016
34.77426,0.42889914,-0.06504555,-0.018150557,2016
35.389496,0.41251242,0.02342475,-0.00045035413,2016
35.04428,0.41349912,0.029613713,-0.010305609,2016
36.100433,0.33394063,0.06294169,0.019251838,2016
39.82608,0.1859809,0.11260522,0.11099879,2016
32.313293,0.5187481,-0.069482855,-0.09569251,2016
34.60678,0.34372002,0.05118485,-0.023077924,2016
35.724457,0.36831516,0.039974954,0.008930105,2016
35.608246,0.3980515,-0.00945312,0.0056956527,2016
39.6586,0.3300665,0.09911084,0.107244484,2016
37.194214,0.41346997,-0.0571,0.04809297,2016
36.182465,0.33079866,0.053376716,0.021475347,2016
35.891937,0.3347068,0.050053928,0.013554676,2016
38.017975,0.40352786,0.022659943,0.06871858,2016
29.896759,0.62083983,-0.23387644,-0.18425658,2016
37.416412,0.26161104,0.047660783,0.0537459,2016
38.26065,0.3201077,0.020816814,0.07462542,2016
37.583893,0.4176055,-0.02758183,0.057962574,2016
29.578888,0.6108666,-0.2340575,-0.19698326,2016
38.568268,0.22613245,0.042229485,0.08200613,2016
34.931488,0.47802553,-0.04068007,-0.013567862,2016
36.86267,0.44486633,0.04996553,0.039531514,2016
34.97934,0.49767265,-0.043740917,-0.012181306,2016
38.670807,0.30344874,0.06767187,0.08444027,2016
37.310455,0.26823717,0.029845987,0.051058654,2016
31.386993,0.58130246,-0.120475814,-0.12802884,2016
38.250397,0.33060116,0.011229901,0.07437735,2016
36.57556,0.35055694,-0.0036283873,0.031992067,2016
39.197174,0.20107341,0.16749208,0.096735045,2016
35.167328,0.4914124,-0.06165478,-0.006770653,2016
34.193207,0.5242566,-0.08354427,-0.035452273,2016
33.6019,0.5084555,-0.11099306,-0.053673618,2016
36.216675,0.23777722,0.0939686,0.022399658,2016
36.8114,0.319889,-0.00726082,0.03819381,2016
36.702026,0.3035562,0.03672297,0.03532755,2016
37.255768,0.38435987,-0.0020065203,0.04966571,2016
36.62683,0.30771023,0.04196854,0.033347066,2016
39.750885,0.36854276,0.049354486,0.109317094,2016
38.370026,0.31115884,0.04385222,0.07726323,2016
32.986633,0.57376283,-0.1769572,-0.073326685,2016
37.01306,0.37832025,-0.05129509,0.04343407,2016
37.26944,0.30408478,0.026081532,0.05001433,2016
37.01306,0.33044204,0.07013887,0.04343407,2016
36.55847,0.42646712,0.050446924,0.03153956,2016
36.151703,0.4065357,0.0062201233,0.020642713,2016
37.361725,0.2946041,0.038115367,0.052360836,2016
35.102386,0.4942294,-0.07826848,-0.0086332355,2016
31.793732,0.5633326,-0.2293662,-0.11359792,2016
39.65518,0.3294443,-0.01963813,0.10716754,2016
36.59607,0.43224546,0.018000914,0.032534525,2016
37.669342,0.25968125,0.06161352,0.060099494,2016
35.693695,0.3400522,0.03419895,0.008075976,2016
29.37381,0.6317201,-0.2360117,-0.20534019,2016
38.708405,0.2856058,0.07698513,0.085329555,2016
33.489105,0.5102417,-0.062828034,-0.057222445,2016
37.204468,0.3509501,-0.020822361,0.048355326,2016
36.042328,0.35549703,0.033253383,0.01767073,2016
30.24881,0.5846071,-0.2143491,-0.1704736,2016
34.10434,0.55381286,-0.11141413,-0.038150396,2016
39.392,0.30641985,-0.023063203,0.1012024,2016
36.148285,0.47908857,-0.04679435,0.020550111,2016
34.128265,0.39942005,0.0022342391,-0.037422597,2016
39.720123,0.2238804,0.05701652,0.1086273,2016
39.046783,0.39716405,0.041204922,0.09325608,2016
35.809906,0.36491787,0.05353274,0.011294985,2016
37.156616,0.37502557,-0.018654365,0.047129765,2016
34.736664,0.4768233,-0.0811384,-0.019252563,2016
32.914856,0.50618863,-0.16442065,-0.075667284,2016
30.658966,0.58809,-0.16344905,-0.15481499,2016
35.389496,0.42606884,-0.018744469,-0.00045035413,2016
29.00122,0.6419849,-0.23513834,-0.22082563,2016
35.73813,0.33792034,-0.006317304,0.009309245,2016
39.03311,0.4140712,0.0077644982,0.092938475,2016
34.27182,0.40308934,0.004680257,-0.033077136,2016
37.74112,0.24847315,0.03882704,0.06188703,2016
37.72403,0.3570759,-0.033321027,0.06146204,2016
31.725372,0.57634324,-0.12607612,-0.11599742,2016
30.604279,0.59889376,-0.18841076,-0.15687856,2016
38.1752,0.28095078,0.051493406,0.07255411,2016
37.3378,0.33095396,0.04117553,0.051753595,2016
34.664886,0.46163312,-0.027360037,-0.021363035,2016
39.785065,0.22807427,0.11123632,0.11008229,2016
33.63266,0.50734067,-0.08093161,-0.05270989,2016
37.525787,0.31647858,0.037299003,0.05650391,2016
38.240143,0.24479233,0.07948273,0.07412915,2016
31.653595,0.55131185,-0.094039895,-0.118528046,2016
36.47644,0.22152105,0.05279896,0.029361604,2016
37.46768,0.2399523,0.08749762,0.05504072,2016
35.656097,0.42428422,-0.026641443,0.007030039,2016
38.517,0.19280225,0.05867107,0.080784194,2016
28.030487,0.62281984,-0.25322297,-0.26310447,2016
33.68393,0.51340777,-0.060564715,-0.05110758,2016
31.516876,0.38832095,-0.06908386,-0.12338017,2016
34.805023,0.46150917,-0.101484545,-0.017250685,2016
31.05545,0.56100976,-0.16343862,-0.1400715,2016
31.431427,0.57803017,-0.14039,-0.12643418,2016
37.92569,0.3722628,0.04827015,0.06645248,2016
31.927032,0.5237906,-0.1858111,-0.10894846,2016
31.011017,0.6605757,-0.2704381,-0.14170502,2016
38.086334,0.31535855,0.059164885,0.07039009,2016
34.941742,0.48197773,-0.012231467,-0.013270424,2016
37.549713,0.20803419,0.053916205,0.057105083,2016
40.082428,0.1792801,0.048558105,0.11668441,2016
31.793732,0.57917583,-0.15385589,-0.11359792,2016
34.261566,0.42131653,0.0049343146,-0.033386316,2016
37.894928,0.26340988,0.052784305,0.06569466,2016
28.440674,0.64158285,-0.27828655,-0.2448873,2016
34.24106,0.4516676,-0.0058881915,-0.034005236,2016
40.01065,0.22894387,0.016795315,0.11509978,2016
35.782562,0.5073616,-0.06491789,0.010539453,2016
34.4769,0.43759722,-0.03571765,-0.026932105,2016
38.657135,0.37965176,-0.047745608,0.08411646,2016
33.71811,0.4830998,-0.05353701,-0.050042085,2016
31.369904,0.56144226,-0.16769698,-0.12864336,2016
35.97397,0.33261856,0.047733005,0.015804064,2016
32.62091,0.5230413,-0.07270728,-0.085360065,2016
33.01056,0.5536534,-0.08481871,-0.07254874,2016
36.722534,0.39547688,0.019831942,0.035866275,2016
32.67218,0.53421175,-0.103227615,-0.08365691,2016
35.97397,0.43577984,-0.03353167,0.015804064,2016
33.837738,0.55939686,-0.14679961,-0.0463298,2016
34.69565,0.4337089,-0.02887485,-0.020457478,2016
41.289,0.30364075,0.10205631,0.14249721,2016
32.412415,0.5339706,-0.10312773,-0.09234175,2016
33.284027,0.5202716,-0.13852893,-0.063736476,2016
38.46231,0.29442367,0.030388873,0.079477206,2016
36.267944,0.38985166,0.035649396,0.023781626,2016
28.300537,0.64026576,-0.28640965,-0.25105166,2016
31.54422,0.61258197,-0.20719045,-0.12240638,2016
36.00815,0.29441008,0.04380991,0.016738283,2016
39.402252,0.2750376,0.016174054,0.101436295,2016
37.09851,0.34065154,0.055850126,0.045637332,2016
32.901184,0.5580924,-0.13233437,-0.07611427,2016
35.796234,0.4339245,-0.001176928,0.010917363,2016
31.834747,0.55626696,-0.15585743,-0.11216318,2016
36.743042,0.39314312,0.026118597,0.036404397,2016
29.924103,0.590636,-0.18908559,-0.18317445,2016
36.684937,0.22660093,0.1195043,0.034878153,2016
34.866547,0.47303578,-0.03106514,-0.015455704,2016
35.11606,0.4466213,-0.06439716,-0.0082405405,2016
33.98471,0.43854532,-0.024520878,-0.04180477,2016
36.749878,0.23741959,0.07214177,0.03658364,2016
34.278656,0.49562997,-0.073681675,-0.032871116,2016
40.895935,0.26100644,0.10139908,0.13425542,2016
33.571136,0.52771294,-0.12615561,-0.054639116,2016
30.546173,0.5654535,-0.15571375,-0.1590792,2016
32.545715,0.41616032,-0.0041442225,-0.08786774,2016
35.324554,0.3371641,0.0037699137,-0.0022896032,2016
33.24643,0.40727305,0.014966084,-0.06493943,2016
32.562805,0.5557184,-0.17449509,-0.08729679,2016
40.04483,0.19031617,0.06925684,0.11585507,2016
37.481354,0.322926,0.021985963,0.05538541,2016
37.97696,0.24625923,0.10712916,0.067712784,2016
33.7352,0.46828368,-0.04759299,-0.049510147,2016
37.279694,0.26183963,0.031205783,0.050275628,2016
38.28116,0.35155556,0.03277081,0.07512116,2016
32.244934,0.6462495,-0.25243267,-0.09801538,2016
34.25473,0.40707183,-0.0013018184,-0.03359254,2016
35.256195,0.32563296,0.053982537,-0.0042329747,2016
30.235138,0.6198075,-0.19914764,-0.17100288,2016
33.824066,0.50235057,-0.05255846,-0.046752732,2016
37.508698,0.36446896,-0.010933177,0.05607403,2016
37.04724,0.33682954,0.029622316,0.044316594,2016
38.452057,0.2998741,0.029550582,0.07923174,2016
35.659515,0.32003802,0.05061495,0.007125215,2016
38.19229,0.28340957,0.13969003,0.072969116,2016
39.23477,0.28705826,0.045244183,0.097600624,2016
38.219635,0.19624987,0.10513363,0.073632345,2016
36.674683,0.36570546,0.012908169,0.034608316,2016
36.616577,0.33740932,0.01669721,0.033076372,2016
38.06241,0.27045047,0.073532514,0.06980575,2016
35.792816,0.35981873,0.04861079,0.010822913,2016
34.705902,0.42289332,0.042530295,-0.020155983,2016
36.397827,0.29585445,0.07899893,0.027265185,2016
42.406708,0.26477882,0.13424489,0.16509826,2016
38.438385,0.2762532,0.049982596,0.078904234,2016
37.344635,0.33642235,0.008001745,0.051927175,2016
35.454437,0.31477803,-0.00019473792,0.0013821571,2016
36.110687,0.38341135,-0.03040242,0.01953033,2016
39.501373,0.22798666,0.0081695095,0.10369107,2016
33.636078,0.51918334,-0.08969703,-0.052602917,2016
33.301117,0.52297884,-0.11572584,-0.06319057,2016
34.873383,0.4407952,0.023218207,-0.015256653,2016
28.102295,0.66680944,-0.2834674,-0.25987694,2016
39.30655,0.23465417,0.14004216,0.099248484,2016
39.0878,0.34079644,0.05848968,0.09420754,2016
34.637543,0.49672583,-0.043987513,-0.022169326,2016
39.600494,0.1807374,0.05555302,0.10593455,2016
37.730865,0.41383064,0.013322369,0.061632082,2016
34.67514,0.34992352,-0.030691413,-0.021061003,2016
40.034576,0.19888426,0.06529851,0.115628615,2016
40.304626,0.18587242,0.090112165,0.12155411,2016
34.275238,0.37907317,0.023010857,-0.032974113,2016
34.702484,0.35817608,0.06465375,-0.020256462,2016
28.139893,0.6579578,-0.21584351,-0.25819364,2016
27.883514,0.6832017,-0.2723796,-0.26976225,2016
35.7518,0.46738362,0.0057439767,0.009688096,2016
34.210297,0.33932304,-0.0025205754,-0.03493501,2016
40.07901,0.17530085,0.06936342,0.116609074,2016
32.42267,0.5635556,-0.1319443,-0.09199629,2016
36.99939,0.4424878,0.021701097,0.0430806,2016
30.447052,0.60826516,-0.23512954,-0.1628526,2016
31.37674,0.5167966,-0.1448208,-0.12839748,2016
39.966217,0.27458817,0.06240462,0.11411596,2016
37.006226,0.3464705,0.010680413,0.043257367,2016
34.596527,0.36041665,0.052649304,-0.02338115,2016
28.48169,0.6576382,-0.25687426,-0.24309458,2016
38.29483,0.4080789,0.03770011,0.07545135,2016
35.87143,0.3657042,0.019912813,0.012990722,2016
37.293365,0.2822242,0.02386479,0.050623797,2016
36.483276,0.25635678,0.02820515,0.029543474,2016
35.943207,0.3353039,0.056241892,0.014961746,2016
35.823578,0.423247,-0.07785753,0.011672319,2016
35.556976,0.40297905,0.027278287,0.0042619673,2016
36.503784,0.4106897,-0.0010081603,0.030088676,2016
39.28946,0.18161309,0.0567981,0.09885668,2016
36.3739,0.47766978,-0.0484789,0.026625346,2016
30.990509,0.5693119,-0.17881927,-0.14246054,2016
35.909027,0.28477243,0.072294645,0.014024146,2016
38.76651,0.28480738,0.099152125,0.086700514,2016
36.619995,0.40402597,0.019485675,0.03316662,2016
28.66626,0.64448667,-0.2979647,-0.23509079,2016
38.120514,0.25099394,0.060568534,0.0712236,2016
37.057495,0.47172523,-0.017152742,0.044581033,2016
38.62979,0.2503757,0.09542575,0.08346816,2016
30.036896,0.6411831,-0.24693377,-0.17873146,2016
29.18924,0.6527094,-0.26626012,-0.21296184,2016
33.321625,0.49053684,-0.07051324,-0.06253623,2016
32.460266,0.54032856,-0.1705625,-0.090731464,2016
33.034485,0.57013303,-0.12229415,-0.071771935,2016
39.49112,0.23791,0.05001719,0.103458345,2016
30.276154,0.60418427,-0.24218701,-0.1694165,2016
40.5849,0.28081778,0.12513681,0.12762052,2016
34.57602,0.47381222,-0.05438713,-0.023988139,2016
39.914948,0.17616071,0.043442924,0.11297807,2016
30.505157,0.64865065,-0.23301336,-0.16063763,2016
34.45981,0.42715383,-0.027407316,-0.027441397,2016
37.228394,0.27525955,0.07836371,0.048966922,2016
34.634125,0.44182777,-0.06072462,-0.0222702,2016
33.065247,0.54329586,-0.10781994,-0.07077482,2016
36.432007,0.35216382,-0.010175661,0.028177783,2016
37.409576,0.39517558,-0.044272784,0.053572986,2016
31.752716,0.5804239,-0.15908656,-0.11503638,2016
34.20688,0.47277883,-0.069586895,-0.03503842,2016
39.03653,0.20727234,0.062373146,0.0930179,2016
37.542877,0.2914049,0.10881852,0.056933396,2016
40.977966,0.2918823,0.12622441,0.13598852,2016
28.016815,0.6577328,-0.25987348,-0.26372087,2016
38.19229,0.45202118,0.013108837,0.072969116,2016
33.05841,0.4382894,-0.057699088,-0.07099625,2016
37.580475,0.26954466,0.07162205,0.057876896,2016
39.40909,0.18212855,0.053125184,0.10159216,2016
37.935944,0.18554759,0.10092951,0.06670481,2016
35.714203,0.43835557,-0.0036167176,0.008645559,2016
37.57022,0.39185596,-0.015225367,0.057619765,2016
34.38803,0.4146223,0.021734303,-0.029585952,2016
33.694183,0.5227346,-0.15542787,-0.050787706,2016
30.542755,0.6572069,-0.24510787,-0.15920891,2016
35.139984,0.34541428,0.018506581,-0.0075540594,2016
37.26944,0.36147007,0.01759713,0.05001433,2016
33.742035,0.47405252,-0.051566795,-0.049297523,2016
40.16104,0.16271895,0.12637527,0.118413456,2016
35.24936,0.29186252,0.024819318,-0.0044277264,2016
37.41983,0.30656406,0.044391055,0.05383233,2016
31.61258,0.5799895,-0.21086334,-0.11997928,2016
34.651215,0.314236,0.08419409,-0.02176602,2016
30.183868,0.6367054,-0.23126344,-0.17299192,2016
36.062836,0.49067396,-0.059832327,0.01822935,2016
38.26065,0.26086435,0.045469023,0.07462542,2016
39.012604,0.19759092,0.060115963,0.09246166,2016
36.9823,0.20236371,0.127957,0.042638402,2016
38.216217,0.29222384,0.05059164,0.073549494,2016
38.404205,0.24855225,0.052441962,0.07808446,2016
30.826447,0.6144318,-0.19708285,-0.14854087,2016
31.284454,0.60271716,-0.18008913,-0.1317261,2016
30.419708,0.4951351,-0.11165532,-0.16389787,2016
34.764008,0.36755735,0.04512641,-0.018450867,2016
38.452057,0.37326956,0.11299499,0.07923174,2016
38.551178,0.24293144,0.058228143,0.081599176,2016
39.12198,0.1813888,0.05978823,0.0949989,2016
37.79239,0.31280342,0.06712196,0.06315968,2016
30.730743,0.4823237,-0.05409924,-0.15211771,2016
35.577484,0.48684403,-0.054820172,0.004835937,2016
37.901764,0.3399359,0.09902932,0.06586317,2016
29.852325,0.6387771,-0.2563469,-0.18601929,2016
31.486115,0.5499258,-0.08168658,-0.1244777,2016
30.351349,0.6747142,-0.27112702,-0.16651928,2016
29.476349,0.65790033,-0.26037905,-0.20114718,2016
33.256683,0.48212656,-0.070150435,-0.064611085,2016
32.627747,0.60552,-0.17081685,-0.085132666,2016
33.31137,0.5415572,-0.16856314,-0.062863305,2016
35.8851,0.36552876,-0.022145756,0.0133667635,2016
38.31534,0.4129878,0.057142664,0.075946204,2016
31.093048,0.62994695,-0.23244397,-0.13869292,2016
36.623413,0.37488535,0.018590817,0.03325685,2016
39.183502,0.32516813,0.06396034,0.09641988,2016
37.70352,0.27512476,0.050963406,0.06095155,2016
38.636627,0.17295,0.05995404,0.08363032,2016
36.20639,0.25630343,0.076709114,0.022121971,2016
35.63217,0.29978302,0.035243586,0.0063632936,2016
39.166412,0.22749136,-0.0009750942,0.09602561,2016
36.14145,0.46259922,-0.024264157,0.020364854,2016
31.260529,0.59590816,-0.21743272,-0.13259229,2016
38.88272,0.36991817,0.016298644,0.089430146,2016
29.865997,0.6046234,-0.22349755,-0.18547636,2016
35.727875,0.47338262,-0.029342383,0.009024917,2016
31.581818,0.55944735,-0.17035677,-0.12107017,2016
32.50128,0.57856286,-0.18765189,-0.089355,2016
40.304626,0.21977526,0.060715534,0.12155411,2016
35.86801,0.23256442,0.084010094,0.012896667,2016
36.42517,0.40288335,0.053180434,0.0279954,2016
39.23477,0.31217694,0.008742024,0.097600624,2016
36.82849,0.30915102,0.009508703,0.038640127,2016
33.861664,0.56424016,-0.108986214,-0.04559049,2016
35.724457,0.46497038,-0.0756761,0.008930105,2016
35.33139,0.36226255,-0.0033660948,-0.0020956795,2016
31.766388,0.561021,-0.16045083,-0.114556484,2016
35.341644,0.43854734,-0.04236052,-0.0018049349,2016
32.64142,0.5738789,-0.14700595,-0.08467816,2016
34.80844,0.42337108,-0.054828376,-0.017150797,2016
35.65268,0.3974867,-0.038878288,0.0069348444,2016
39.392,0.24207787,0.05461659,0.1012024,2016
36.199554,0.31345114,0.06468469,0.021937309,2016
35.22885,0.29181835,0.08210671,-0.0050124354,2016
30.614532,0.5945996,-0.21140905,-0.15649107,2016
38.86905,0.26521218,0.11328022,0.08910986,2016
31.94754,0.53110754,-0.14198881,-0.10823661,2016
37.375397,0.22552024,0.06547189,0.052707482,2016
30.867462,0.6446349,-0.24325943,-0.14701472,2016
37.272858,0.44016394,0.03935173,0.050101444,2016
33.97104,0.51408905,-0.07920009,-0.04222405,2016
37.669342,0.27573374,0.010158461,0.060099494,2016
35.41684,0.41524473,0.009884719,0.00032204864,2016
33.26352,0.51020813,-0.06728652,-0.0643923,2016
33.44467,0.5226044,-0.09237571,-0.05862704,2016
34.948578,0.53725934,-0.103972495,-0.013072228,2016
33.174652,0.5288526,-0.092509456,-0.06724355,2016
37.26944,0.40383005,-0.04853428,0.05001433,2016
34.111176,0.51163423,-0.109627075,-0.03794235,2016
36.346558,0.46025744,0.01017612,0.02589307,2016
35.53305,0.32757258,0.10016296,0.0035914981,2016
38.240143,0.20338753,0.10572852,0.07412915,2016
35.967133,0.32087567,0.020438815,0.0156170055,2016
36.7157,0.41469046,0.020609898,0.03568677,2016
29.883087,0.6386381,-0.23963432,-0.18479839,2016
36.572144,0.41319248,0.013895573,0.0319016,2016
31.72879,0.5932584,-0.15100808,-0.115877196,2016
38.9169,0.33321032,0.11973065,0.09022987,2016
33.813812,0.45408508,-0.022989137,-0.047070157,2016
28.905518,0.64965296,-0.25981984,-0.22486766,2016
39.11856,0.3819194,0.030020734,0.09491983,2016
39.668854,0.2296852,0.05948015,0.10747525,2016
38.05899,0.19387396,0.102536865,0.069722205,2016
31.807404,0.5897154,-0.19978143,-0.11311927,2016
28.416748,0.6489401,-0.27884406,-0.24593544,2016
35.546722,0.48502225,-0.039389636,0.003974734,2016
35.53305,0.3650149,0.035862755,0.0035914981,2016
32.795227,0.55339205,-0.11175268,-0.07959105,2016
34.95883,0.38820708,0.003912061,-0.01277508,2016
30.553009,0.60550076,-0.20935543,-0.15881985,2016
30.084747,0.66547686,-0.2598445,-0.1768566,2016
35.673187,0.48045495,-0.039988674,0.007505738,2016
34.517914,0.5132892,-0.093959846,-0.025711862,2016
36.66443,0.40410635,-0.0075618904,0.034338325,2016
37.45401,0.31793258,0.1955396,0.05469578,2016
36.12436,0.40426165,0.03721637,0.019901404,2016
36.380737,0.25936013,0.115267366,0.026808243,2016
38.000885,0.3225614,0.013281152,0.06829976,2016
35.813324,0.4412181,-0.08547211,0.011389346,2016
34.924652,0.5020561,-0.03857752,-0.0137662515,2016
38.31534,0.22758368,0.09833408,0.075946204,2016
35.392914,0.37084383,-0.043763433,-0.0003537385,2016
35.39633,0.47444218,-0.03554284,-0.00025714154,2016
37.53604,0.31079182,0.012555799,0.05676165,2016
37.566803,0.41218916,0.018333606,0.057534024,2016
31.421173,0.5704602,-0.22073108,-0.12680177,2016
32.87726,0.538448,-0.16345565,-0.07689739,2016
37.92227,0.26818943,0.042504136,0.066368334,2016
34.866547,0.48166943,-0.011825292,-0.015455704,2016
35.345062,0.4684891,-0.03137717,-0.0017080575,2016
37.75821,0.43470272,0.0076990025,0.06231163,2016
32.87726,0.5640616,-0.14939746,-0.07689739,2016
37.70694,0.29688117,0.075541705,0.06103667,2016
31.639923,0.5800659,-0.22666742,-0.11901137,2016
38.39737,0.41141316,-0.018139882,0.07792033,2016
36.688354,0.35528803,0.016914757,0.034968067,2016
37.16687,0.34988526,0.023563271,0.04739265,2016
36.876343,0.4441905,0.013186644,0.039887607,2016
32.726868,0.5878697,-0.21487956,-0.08184609,2016
38.370026,0.31064668,0.030195,0.07726323,2016
31.83133,0.3965443,-0.0026571476,-0.1122826,2016
38.957916,0.23990737,0.15701945,0.09118769,2016
34.79135,0.43290657,-0.0947128,-0.017650431,2016
33.41391,0.49566182,-0.070799544,-0.05960164,2016
36.63025,0.4183135,-0.019296413,0.033437267,2016
29.55838,0.6408779,-0.22782785,-0.19781373,2016
33.1644,0.5517002,-0.15516101,-0.06757353,2016
35.21518,0.49025238,-0.041647144,-0.0054026195,2016
38.489655,0.29967695,0.15172689,0.080131166,2016
37.62149,0.3449991,0.04608662,0.058904015,2016
35.844086,0.29278028,0.06803261,0.01223778,2016
32.781555,0.5724093,-0.1869323,-0.080041304,2016
37.929108,0.35626644,-0.008956417,0.066536605,2016
29.329376,0.6402036,-0.24443299,-0.20716627,2016
35.208344,0.36835158,0.010495495,-0.005597825,2016
35.932953,0.42738116,-0.07152058,0.014680654,2016
38.913483,0.23435915,0.098345794,0.09014996,2016
38.86905,0.21922123,0.12810141,0.08910986,2016
28.591064,0.6649861,-0.2647518,-0.23833913,2016
36.59607,0.45825556,-0.015531338,0.032534525,2016
36.22693,0.30093879,0.052942626,0.022676365,2016
34.22397,0.47983983,-0.023246398,-0.034521572,2016
36.99939,0.3516175,0.029362662,0.0430806,2016
39.91153,0.26413786,0.052324876,0.11290211,2016
34.008636,0.53847694,-0.08134609,-0.041071836,2016
29.66092,0.6301756,-0.24406959,-0.19367284,2016
30.723907,0.61237836,-0.20866469,-0.15237404,2016
34.31967,0.5057903,-0.056506813,-0.031636726,2016
37.812897,0.33884734,-0.008891053,0.063667774,2016
37.77188,0.36348993,0.056217857,0.06265104,2016
37.50528,0.27242255,0.034959324,0.055988006,2016
40.53705,0.2604642,0.15490901,0.12659073,2016
39.344147,0.25940663,0.11399266,0.10010925,2016
34.801605,0.38898313,-0.031213857,-0.017350592,2016
39.72696,0.3002954,0.042679973,0.108780675,2016
35.509125,0.44844645,0.010584296,0.0029201256,2016
32.52179,0.53139806,-0.15656644,-0.08866806,2016
38.270905,0.22976269,0.100865774,0.07487335,2016
35.16391,0.4520502,-0.03692168,-0.0068685124,2016
36.148285,0.44588414,-0.08648053,0.020550111,2016
28.239014,0.64831877,-0.24200885,-0.25377727,2016
37.242096,0.29664832,0.046937928,0.049316835,2016
37.23526,0.44963437,-0.060095474,0.0491423,2016
36.876343,0.30390665,0.0676897,0.039887607,2016
31.909943,0.51969784,-0.09981654,-0.10954238,2016
39.477448,0.4332211,0.058470655,0.10314785,2016
35.457855,0.35433453,0.0031375638,0.001478419,2016
28.95337,0.6471441,-0.24895966,-0.2228433,2016
31.472443,0.55648905,-0.15094423,-0.12496618,2016
32.726868,0.50869864,-0.06394768,-0.08184609,2016
40.390076,0.29440606,0.13514152,0.12341254,2016
38.93741,0.22390415,0.082162425,0.09070904,2016
35.440765,0.40703514,0.029144164,0.0009969233,2016
34.13852,0.52602875,-0.11937651,-0.03711099,2016
39.0878,0.30265182,0.059773564,0.09420754,2016
38.223053,0.33737865,0.071081206,0.07371518,2016
39.603912,0.18461889,0.08875059,0.10601172,2016
33.506195,0.43062884,-0.005725647,-0.056683205,2016
33.998383,0.5665118,-0.13809799,-0.041385826,2016
32.3714,0.6106492,-0.19562693,-0.093725786,2016
35.139984,0.51087683,-0.09752546,-0.0075540594,2016
37.963287,0.41984987,0.0205986,0.06737703,2016
38.95108,0.17466298,0.08953475,0.0910282,2016
39.299713,0.28583705,0.012378143,0.099091806,2016
36.20639,0.463009,-0.0385366,0.022121971,2016
36.271362,0.4433428,-0.013096769,0.023873618,2016
35.406586,0.37985623,0.0147902975,3.253741e-05,2016
32.6756,0.49489906,-0.09276501,-0.083543554,2016
28.12622,0.6494418,-0.29920128,-0.25880522,2016
33.273773,0.5127874,-0.044993583,-0.06406429,2016
35.24594,0.37590697,0.048630875,-0.0045251306,2016
34.05307,0.42942035,0.0021754156,-0.039713413,2016
38.154694,0.27817175,0.07647427,0.072055615,2016
30.481232,0.658531,-0.24628001,-0.16154866,2016
36.770386,0.22468366,0.14591672,0.03712096,2016
33.98813,0.52795565,-0.12736167,-0.0417,2016
34.364105,0.45195118,0.013468367,-0.030302795,2016
36.657593,0.34912586,0.08475444,0.03415825,2016
29.192657,0.61972624,-0.2463565,-0.21281983,2016
35.09897,0.41326863,0.024020191,-0.008731457,2016
32.82599,0.5659547,-0.2137294,-0.07857935,2016
28.382568,0.6415629,-0.27889553,-0.24743587,2016
36.435425,0.4159388,-0.03894448,0.028268948,2016
34.00522,0.38343182,-0.0010619482,-0.04117648,2016
36.05258,0.31051397,0.09340331,0.01795012,2016
36.93103,0.30554825,0.007813753,0.04130934,2016
36.78064,0.4492976,-0.07204001,0.037389398,2016
35.406586,0.49542868,-0.02400311,3.253741e-05,2016
32.566223,0.5017773,-0.054994978,-0.08718268,2016
37.980377,0.34260613,0.0058469675,0.067796685,2016
32.600403,0.5801382,-0.16594782,-0.08604283,2016
36.93103,0.3720877,-0.002532211,0.04130934,2016
33.20883,0.48324698,-0.033277113,-0.066145115,2016
35.427094,0.30686995,0.023611361,0.00061139226,2016
36.09018,0.4236987,-0.048631065,0.018973188,2016
38.017975,0.27614078,0.08145173,0.06871858,2016
34.746918,0.34232736,-0.0036082654,-0.01895178,2016
38.660553,0.23653713,0.074945144,0.08419743,2016
35.31772,0.3370096,0.014737586,-0.0024836017,2016
34.548676,0.5008144,-0.086920165,-0.024798581,2016
38.356354,0.40368372,0.09310226,0.07693432,2016
37.18396,0.3281825,0.0170995,0.04783047,2016
33.728363,0.44501686,-0.044836972,-0.049722858,2016
39.005768,0.2237833,0.15100303,0.09230261,2016
35.143402,0.41615087,0.049474407,-0.007456067,2016
37.474518,0.19203764,0.11326914,0.055213097,2016
37.009644,0.24694243,0.13905694,0.043345727,2016
38.1752,0.3832155,-0.0416576,0.07255411,2016
34.25815,0.47390854,-0.03874294,-0.033489417,2016
39.0878,0.33521938,-0.047527786,0.09420754,2016
35.28012,0.4371072,0.002037544,-0.003551938,2016
35.522797,0.39700195,-0.0135730775,0.0033038778,2016
37.412994,0.19816265,0.12898578,0.05365945,2016
37.36856,0.30732942,0.048766658,0.052534193,2016
35.327972,0.33241504,-0.051223684,-0.002192632,2016
39.063873,0.22814368,0.06608672,0.09365276,2016
33.704437,0.47184494,-0.09584028,-0.050468024,2016
36.59607,0.3987507,0.036158133,0.032534525,2016
34.285492,0.49820346,-0.11355147,-0.03266518,2016
35.639008,0.32221192,0.02476513,0.0065538837,2016
30.970001,0.60707265,-0.19323547,-0.14321706,2016
34.986176,0.5156294,-0.12512387,-0.011983537,2016
38.31192,0.21038675,0.09430044,0.07586376,2016
40.390076,0.21249844,0.08610597,0.12341254,2016
37.313873,0.24330068,0.0771621,0.05114558,2016
30.63504,0.6126269,-0.2088517,-0.1557169,2016
39.180084,0.2923741,0.10440432,0.09634105,2016
30.118927,0.6447623,-0.27458122,-0.17552108,2016
38.441803,0.3314524,0.076543316,0.07898613,2016
39.43985,0.19400603,0.08129177,0.10229289,2016
36.736206,0.45291907,0.010911735,0.03622509,2016
28.197998,0.65571064,-0.2668137,-0.25560096,2016
38.99893,0.37784657,-0.034791324,0.092143506,2016
34.234222,0.31149513,0.1120698,-0.03421171,2016
33.519867,0.47875452,-0.072055906,-0.056252215,2016
28.68335,0.6573901,-0.30078995,-0.23435491,2016
31.698029,0.577703,-0.11178433,-0.116960116,2016
32.60382,0.5425094,-0.1331253,-0.08592898,2016
35.90219,0.3071298,0.033196222,0.013836412,2016
36.302124,0.35937682,0.017110638,0.024700768,2016
35.054535,0.42207432,-0.017720591,-0.010010081,2016
34.463226,0.5319303,-0.06843282,-0.0273395,2016
30.153107,0.5959865,-0.21091554,-0.17418858,2016
35.355316,0.43225545,0.04209944,-0.0014175377,2016
34.309418,0.46696797,-0.04822472,-0.031945046,2016
34.88022,0.31165338,0.07230312,-0.015057679,2016
37.457428,0.35924095,0.104298726,0.05478204,2016
36.233765,0.4487709,-0.026796553,0.022860749,2016
32.241516,0.53043056,-0.08999037,-0.09813178,2016
37.559967,0.23609616,0.06922828,0.057362493,2016
36.63025,0.46948054,-0.044691604,0.033437267,2016
38.622955,0.25220752,0.09903115,0.08330594,2016
29.783966,0.5927437,-0.21079363,-0.1887414,2016
41.196716,0.34026593,0.07848884,0.14057632,2016
33.923187,0.5547937,-0.15311962,-0.043694194,2016
31.22293,0.60860604,-0.23223117,-0.13395612,2016
34.179535,0.46725988,-0.008533918,-0.035866454,2016
31.058868,0.5721448,-0.18681702,-0.13994603,2016
37.836823,0.3884234,-0.02220859,0.06425986,2016
38.537506,0.2800718,0.03841642,0.081273355,2016
32.29962,0.5581603,-0.15186614,-0.0961563,2016
34.798187,0.47622398,-0.027608944,-0.017450519,2016
37.01306,0.36312872,-0.042294484,0.04343407,2016
34.446136,0.47981212,-0.08428339,-0.027849196,2016
37.72061,0.2089198,0.05442005,0.061377,2016
30.091583,0.5978988,-0.15590377,-0.17658927,2016
36.500366,0.35514954,-0.010984206,0.029997852,2016
35.68344,0.3656698,-0.010668207,0.007790939,2016
33.34897,0.528257,-0.1076769,-0.06166503,2016
39.986725,0.23318458,0.05370816,0.114570305,2016
36.469604,0.42719263,-0.053672586,0.029179664,2016
36.237183,0.32484937,0.023349589,0.022952914,2016
37.399323,0.3752492,0.08588341,0.0533135,2016
38.80069,0.2290901,0.08107484,0.08750504,2016
35.86801,0.41403997,-0.0529328,0.012896667,2016
31.287872,0.64719224,-0.26887113,-0.13160247,2016
32.15265,0.56440294,-0.090797745,-0.10116693,2016
38.089752,0.22972941,0.06119761,0.07047351,2016
36.640503,0.38821515,-0.021005604,0.03370776,2016
39.648346,0.17829157,0.09844068,0.1070136,2016
38.906647,0.2677037,0.19405384,0.0899901,2016
36.927612,0.36186415,0.051573016,0.04122061,2016
36.821655,0.24073763,0.06947366,0.03846165,2016
38.66397,0.16856599,0.10485665,0.08427839,2016
38.01114,0.48744333,-0.06437269,0.06855109,2016
34.7435,0.30316725,0.04578156,-0.019052021,2016
36.616577,0.42880294,0.07358433,0.033076372,2016
37.03015,0.3999446,0.10261685,0.043875534,2016
35.70395,0.36356243,0.025291765,0.008360849,2016
39.597076,0.23207335,0.096951485,0.10585738,2016
36.555054,0.3661777,0.09705481,0.031449005,2016
31.84842,0.489483,-0.09248525,-0.111685745,2016
34.6102,0.47856283,-0.008747158,-0.022976888,2016
38.15811,0.25224152,0.098984584,0.072138734,2016
33.49594,0.5190181,-0.07133748,-0.057006683,2016
33.048157,0.58456403,-0.13670409,-0.07132854,2016
29.766876,0.61982936,-0.23340209,-0.18942389,2016
36.490112,0.42578074,-0.047447775,0.029725276,2016
33.878754,0.46847448,-0.103043385,-0.045063052,2016
36.674683,0.27675006,0.07946555,0.034608316,2016
29.671173,0.654037,-0.26072672,-0.19326033,2016
38.400787,0.22934109,0.047922816,0.0780024,2016
38.2128,0.282176,0.03306731,0.07346663,2016
36.2406,0.40448114,0.010167959,0.023045063,2016
29.756622,0.6094223,-0.21373315,-0.18983376,2016
37.10193,0.2911633,0.039798874,0.045725252,2016
35.980804,0.45379132,-0.012604909,0.015991049,2016
37.170288,0.28794852,0.093681514,0.047480248,2016
33.68393,0.4842844,-0.09253029,-0.05110758,2016
32.060333,0.59141886,-0.20506527,-0.10433767,2016
37.443756,0.466612,-0.020336406,0.05443691,2016
38.85196,0.21674344,0.0676583,0.08870918,2016
31.161407,0.5655483,-0.12969337,-0.13619494,2016
38.944244,0.31386557,0.14011769,0.090868644,2016
36.907104,0.31936282,0.04962287,0.04068785,2016
39.49112,0.30587995,0.039338004,0.103458345,2016
28.358643,0.69188327,-0.3351548,-0.2484883,2016
37.33438,0.45795247,-0.02155576,0.051666785,2016
35.06479,0.45369402,-0.053468835,-0.009714726,2016
37.25235,0.44291583,-0.070413,0.049578514,2016
32.750793,0.526883,-0.08765614,-0.08105575,2016
31.315216,0.58738166,-0.25031087,-0.13061439,2016
36.937866,0.27634954,0.056364115,0.041486766,2016
32.05008,0.5372593,-0.1539178,-0.104690984,2016
33.089172,0.5263328,-0.09841085,-0.07000058,2016
39.443268,0.3039425,0.10791494,0.10237068,2016
35.092133,0.5049948,-0.07453662,-0.008927958,2016
31.17508,0.50849134,-0.12823242,-0.13569666,2016
30.744415,0.6321399,-0.23383819,-0.15160537,2016
31.704865,0.5595444,-0.14847556,-0.11671928,2016
36.69861,0.358469,-0.012036398,0.035237703,2016
41.52487,0.28681368,0.13199387,0.14736801,2016
37.618073,0.3313117,0.030678282,0.058818508,2016
33.58481,0.52176505,-0.07595822,-0.054209787,2016
32.60382,0.55123806,-0.18762326,-0.08592898,2016
39.805573,0.24577959,0.050331697,0.11054078,2016
38.568268,0.2648585,0.078903586,0.08200613,2016
36.329468,0.39573973,-0.0035986358,0.025434839,2016
33.824066,0.4443756,-0.004499762,-0.046752732,2016
36.213226,0.26813057,0.067257054,0.022306565,2016
30.553009,0.62373364,-0.21926711,-0.15881985,2016
39.60733,0.17985773,0.04989995,0.10608886,2016
36.623413,0.40016103,-0.012222538,0.03325685,2016
39.535553,0.15809979,0.047025505,0.104465954,2016
38.9545,0.31575212,0.038689353,0.09110796,2016
39.750885,0.19630685,0.06865867,0.109317094,2016
34.77426,0.3391603,-0.009025063,-0.018150557,2016
29.835236,0.6413465,-0.24916615,-0.18669865,2016
37.966705,0.19952914,0.09318511,0.06746099,2016
34.384613,0.33232898,0.04744566,-0.029688297,2016
31.137482,0.5564621,-0.20443608,-0.13706799,2016
34.056488,0.42403463,0.008240801,-0.039609063,2016
38.99893,0.263292,0.07123367,0.092143506,2016
30.211212,0.6270278,-0.2389678,-0.17193025,2016
34.38803,0.46179944,-0.14632165,-0.029585952,2016
40.725037,0.21472706,0.1054723,0.13062242,2016
33.36606,0.50703585,-0.040628128,-0.061121255,2016
35.122894,0.4465832,-0.06912968,-0.008044308,2016
35.909027,0.43736744,0.03261702,0.014024146,2016
40.824158,0.1494426,0.075984925,0.13273327,2016
35.762054,0.4343661,0.031859968,0.009972044,2016
33.46518,0.40622115,0.0225539,-0.0579783,2016
33.472015,0.42769936,-0.035806138,-0.05776223,2016
31.783478,0.5729475,-0.14432143,-0.11395719,2016
35.977386,0.38990986,0.023479238,0.015897565,2016
38.585358,0.17241704,0.1137295,0.08241271,2016
31.134064,0.5506815,-0.13606432,-0.13719282,2016
36.524292,0.4080621,-0.013879168,0.030633265,2016
37.163452,0.4623413,0.012689615,0.047305036,2016
27.627167,0.689664,-0.3067162,-0.28154415,2016
40.294373,0.1868186,0.04194779,0.12133056,2016
34.69223,0.49023908,-0.1587742,-0.020558016,2016
35.611664,0.44188747,0.0075044124,0.005791085,2016
36.056,0.32134867,0.02806389,0.018043213,2016
34.70932,0.45545906,-0.07255827,-0.020055523,2016
32.330383,0.5223545,-0.11439928,-0.09511333,2016
31.865509,0.6113314,-0.21281993,-0.111089535,2016
36.985718,0.38175774,-0.018452322,0.042726874,2016
34.67856,0.401796,0.017878713,-0.020960366,2016
35.563812,0.4769671,-0.10333086,0.004453364,2016
36.185883,0.47102118,-0.093844816,0.021567773,2016
37.997467,0.43536645,-0.013487015,0.06821595,2016
30.740997,0.63984567,-0.22913034,-0.15173341,2016
38.339264,0.25876024,0.110577725,0.076522864,2016
29.168732,0.61768633,-0.22769196,-0.21381465,2016
34.99643,0.40037045,-0.01786793,-0.011687027,2016
29.657501,0.6286859,-0.24739774,-0.1938104,2016
35.454437,0.42420325,-0.0013377,0.0013821571,2016
38.49991,0.27839825,0.10083195,0.08037616,2016
37.088257,0.36899516,0.011189803,0.045373477,2016
33.591644,0.55621564,-0.13155793,-0.053995255,2016
29.079834,0.6310388,-0.23773411,-0.2175253,2016
39.668854,0.48400623,-0.010416232,0.10747525,2016
39.64151,0.22281602,0.076087095,0.10685961,2016
36.014984,0.4918775,-0.058067393,0.016924914,2016
28.112549,0.63864803,-0.23084702,-0.2594174,2016
38.168365,0.41568136,-0.028733289,0.07238801,2016
34.367523,0.38147977,0.027409282,-0.030200327,2016
36.87976,0.32564157,0.062017094,0.03997659,2016
33.119934,0.55777246,-0.10622667,-0.06900676,2016
36.39441,0.3987186,0.022032766,0.02717383,2016
35.379242,0.5025017,-0.066664346,-0.000740313,2016
37.426666,0.2707405,0.03225246,0.054005146,2016
31.482697,0.55382854,-0.10972378,-0.124599785,2016
33.290863,0.46569902,-0.016173335,-0.06351805,2016
28.389404,0.6792694,-0.3248033,-0.24713549,2016
37.816315,0.4057852,-0.028462525,0.063752405,2016
33.660004,0.48061213,-0.052649375,-0.05185472,2016
34.30258,0.5240482,-0.1024045,-0.032150697,2016
34.62387,0.37473348,-0.003854002,-0.022572948,2016
31.253693,0.63091356,-0.22255746,-0.13284002,2016
36.650757,0.3506297,0.07052888,0.033978105,2016
37.361725,0.369082,0.090958714,0.052360836,2016
30.385529,0.6277947,-0.23808618,-0.1652071,2016
42.85446,0.19532448,0.120211855,0.17382152,2016
31.144318,0.5459897,-0.12662852,-0.13681841,2016
36.56189,0.47390032,-0.037381366,0.031630095,2016
30.648712,0.6156506,-0.17533076,-0.15520135,2016
35.676605,0.38566002,0.06330625,0.0076008234,2016
33.981293,0.5276658,-0.06767131,-0.041909557,2016
31.058868,0.46093592,-0.06369628,-0.13994603,2016
32.03299,0.43111235,-0.024539856,-0.10528035,2016
30.559845,0.64495605,-0.24396865,-0.15856065,2016
38.120514,0.22156157,0.10739155,0.0712236,2016
35.160492,0.31155053,0.043926507,-0.00696639,2016
33.36264,0.3261308,0.015480928,-0.061229963,2016
35.915863,0.39546794,-0.055929027,0.014211809,2016
39.026276,0.31046522,0.16646533,0.09277959,2016
39.443268,0.28267965,0.06306561,0.10237068,2016
37.799225,0.31201643,0.10176718,0.06332911,2016
37.019897,0.2860025,0.03182061,0.043610703,2016
30.457306,0.5776559,-0.1776421,-0.16246112,2016
35.621918,0.4540947,-0.04590565,0.0060772714,2016
36.849,0.48432383,-0.15020642,0.039175157,2016
37.80948,0.39371184,-0.022820638,0.063583136,2016
34.418793,0.49727464,-0.040580165,-0.028665762,2016
34.446136,0.4437959,-0.051109,-0.027849196,2016
37.071167,0.37937966,-0.013565665,0.044933394,2016
29.565216,0.6544648,-0.24413137,-0.19753678,2016
38.301666,0.22602026,0.045375854,0.07561636,2016
32.244934,0.5554453,-0.13284816,-0.09801538,2016
35.085297,0.3874966,-0.047102243,-0.009124535,2016
39.35782,0.32028446,0.118977025,0.10042185,2016
34.815277,0.4907993,-0.03285853,-0.01695108,2016
38.472565,0.24359553,0.030468376,0.07972255,2016
34.75717,0.3303713,0.04210687,-0.018651173,2016
39.385162,0.25900483,0.08520697,0.1010464,2016
36.168793,0.3588461,0.03769588,0.02110546,2016
36.507202,0.4684833,-0.07803158,0.030179484,2016
38.828033,0.20420384,0.08633377,0.08814765,2016
36.370483,0.33478633,0.019233722,0.026533872,2016
37.795807,0.28934887,0.049174115,0.0632444,2016
27.95871,0.6690377,-0.28529757,-0.2663472,2016
35.6185,0.39575824,-0.011538583,0.005981894,2016
37.35147,0.46811822,-0.029777046,0.05210069,2016
35.594574,0.31733716,0.107889764,0.00531374,2016
31.465607,0.61520076,-0.22546959,-0.12521058,2016
37.74112,0.37822294,-0.019249994,0.06188703,2016
34.333344,0.5007616,-0.111259356,-0.031225918,2016
37.642,0.29998666,0.04089931,0.059416734,2016
34.76059,0.46235305,-0.06344307,-0.01855101,2016
36.196136,0.41658866,-0.018308872,0.021844951,2016
38.964752,0.20126235,0.08656906,0.091347136,2016
34.196625,0.50161916,-0.14440691,-0.035348777,2016
32.92169,0.6032376,-0.18486896,-0.07544393,2016
31.636505,0.6213032,-0.22556272,-0.119132265,2016
36.72937,0.4079564,0.074842565,0.036045715,2016
31.506622,0.5262465,-0.0779494,-0.12374578,2016
36.951538,0.39849812,-0.0014757935,0.04184141,2016
36.06967,0.34707814,-0.007519496,0.018415416,2016
37.228394,0.29839098,0.034102537,0.048966922,2016
30.559845,0.65506446,-0.24822083,-0.15856065,2016
37.82657,0.3810491,0.033053476,0.0640062,2016
35.122894,0.465876,-0.100284845,-0.008044308,2016
36.455933,0.4854089,-0.029569862,0.028815582,2016
35.7894,0.32696208,0.047299664,0.010728444,2016
34.822113,0.38741478,-0.004467121,-0.016751442,2016
34.452972,0.4990614,-0.06305892,-0.027645256,2016
35.235687,0.37874344,-0.0037017637,-0.004817457,2016
34.72641,0.5324151,-0.17008802,-0.019553525,2016
28.611572,0.640681,-0.27476165,-0.23745152,2016
33.724945,0.48265254,-0.037688393,-0.049829245,2016
38.021393,0.22959837,0.07374085,0.0688023,2016
38.619537,0.30078998,0.019727133,0.08322481,2016
32.52179,0.49356413,-0.13312261,-0.08866806,2016
32.22101,0.49076605,-0.014252083,-0.098830715,2016
31.431427,0.5568318,-0.17924787,-0.12643418,2016
36.606323,0.41595897,0.00041255297,0.032805525,2016
39.730377,0.307893,0.15131062,0.10885735,2016
35.714203,0.45772442,0.028738087,0.008645559,2016
32.2005,0.565703,-0.19720273,-0.09953054,2016
36.66443,0.38784292,-0.03141348,0.034338325,2016
31.417755,0.58685076,-0.19092454,-0.12692437,2016
36.77722,0.46238157,0.0028243936,0.037299935,2016
37.730865,0.3269486,0.05922358,0.061632082,2016
35.71762,0.49077666,-0.04276913,0.008740425,2016
39.183502,0.24023741,0.036192186,0.09641988,2016
34.329926,0.46191168,-0.07905319,-0.03132859,2016
35.762054,0.36368045,-0.0016542441,0.009972044,2016
33.290863,0.488639,-0.07600714,-0.06351805,2016
33.571136,0.48931777,-0.04405668,-0.054639116,2016
34.196625,0.23994519,0.06706773,-0.035348777,2016
32.92169,0.56649727,-0.19400653,-0.07544393,2016
34.076996,0.3353695,-0.0003370999,-0.03898342,2016
39.159576,0.26025906,0.10077664,0.095867805,2016
36.691772,0.20880868,0.06565744,0.035057962,2016
33.981293,0.40148833,-0.011980081,-0.041909557,2016
36.353394,0.31483647,0.057946987,0.026076242,2016
38.53067,0.41926077,0.029736914,0.08111036,2016
37.652252,0.4358645,-0.094675444,0.059672885,2016
35.051117,0.32590193,0.035549242,-0.0101085715,2016
33.974457,0.5023273,-0.10134129,-0.042119198,2016
30.491486,0.5940576,-0.19852069,-0.16115804,2016
30.676056,0.51409245,-0.11518818,-0.15417163,2016
35.174164,0.43425423,-0.006290686,-0.0065749916,2016
32.928528,0.547399,-0.14678288,-0.07522067,2016
36.838745,0.4404872,0.024174055,0.038907718,2016
36.35681,0.39035073,0.022626981,0.026167803,2016
32.80548,0.5019929,-0.07013937,-0.07925361,2016
39.2211,0.27106422,0.14632267,0.09728606,2016
31.075958,0.58035004,-0.1931427,-0.13931912,2016
30.604279,0.5622934,-0.14143158,-0.15687856,2016
34.890472,0.37563646,0.0030668247,-0.0147593655,2016
33.04474,0.51323855,-0.11337183,-0.071439356,2016
36.13803,0.3271851,0.06416484,0.020272199,2016
33.612152,0.5042117,0.01043613,-0.053352177,2016
39.685944,0.35902488,0.05174985,0.1078596,2016
40.51654,0.23861048,0.09736017,0.12614866,2016
33.205414,0.5119979,-0.038051765,-0.066254854,2016
33.119934,0.5333428,-0.07068031,-0.06900676,2016
34.66147,0.44953543,-0.099240445,-0.021463752,2016
36.469604,0.26799732,0.049398422,0.029179664,2016
39.32022,0.19206157,-0.050883625,0.099561684,2016
35.70395,0.36232173,0.034992676,0.008360849,2016
35.604828,0.40425467,0.035570554,0.005600202,2016
37.44034,0.26001045,0.045584507,0.054350592,2016
36.88318,0.2641548,0.050909393,0.040065557,2016
33.554047,0.55279917,-0.11695614,-0.055176266,2016
38.356354,0.26981476,0.060172416,0.07693432,2016
32.696106,0.5785836,-0.15635732,-0.08286393,2016
36.00473,0.36438167,0.04441476,0.01664494,2016
39.009186,0.23368186,0.052152544,0.09238214,2016
35.109222,0.33986968,0.01744927,-0.00843685,2016
36.99597,0.3835647,0.01825308,0.042992193,2016
38.02823,0.4367574,-0.04381378,0.06896969,2016
40.202057,0.32187375,0.1695549,0.11931288,2016
31.287872,0.62943214,-0.23083386,-0.13160247,2016
37.495026,0.27935517,0.050073955,0.055729844,2016
39.952545,0.17020111,0.054498248,0.11381281,2016
35.242523,0.40037927,0.023953803,-0.004622554,2016
32.661926,0.48093578,-0.1293148,-0.08399711,2016
33.91635,0.5006272,-0.119172215,-0.043904554,2016
37.898346,0.24838492,0.07721051,0.06577892,2016
35.63217,0.36325023,0.009467264,0.0063632936,2016
34.651215,0.23190439,0.08864657,-0.02176602,2016
38.896393,0.20757973,0.046030793,0.0897502,2016
36.127777,0.31632754,0.08927659,0.019994128,2016
32.692688,0.54733825,-0.1320208,-0.08297714,2016
29.872833,0.62872875,-0.23183513,-0.18520507,2016
34.343597,0.53545356,-0.13950342,-0.030918026,2016
34.401703,0.32042158,0.018520894,-0.029176775,2016
39.333893,0.29567844,0.081433564,0.09987466,2016
38.609283,0.20678794,0.034616023,0.08298133,2016
37.348053,0.3055132,0.020480178,0.052013937,2016
38.89981,0.30792794,0.08195996,0.08983018,2016
38.9169,0.286856,0.11143764,0.09022987,2016
36.00473,0.46000248,-0.043299053,0.01664494,2016
33.974457,0.5186866,-0.13340154,-0.042119198,2016
34.285492,0.41481584,-0.024501186,-0.03266518,2016
36.893433,0.48707387,-0.16100809,0.040332355,2016
30.874298,0.63496345,-0.24815607,-0.14676076,2016
34.446136,0.48109025,-0.028167037,-0.027849196,2016
36.110687,0.3332011,0.046451986,0.01953033,2016
38.39737,0.2681348,0.055471614,0.07792033,2016
34.446136,0.26739004,0.102383696,-0.027849196,2016
37.074585,0.28205544,0.102294646,0.045021445,2016
37.190796,0.32228738,0.019058455,0.048005488,2016
39.94229,0.21553959,0.08748261,0.11358531,2016
33.806976,0.5539755,-0.103411,-0.04728188,2016
38.22989,0.34250605,0.02091462,0.073880814,2016
30.857208,0.54312325,-0.11845587,-0.14739588,2016
38.964752,0.20322062,0.06909652,0.091347136,2016
36.503784,0.35005876,0.052905258,0.030088676,2016
34.08383,0.4724418,-0.03505609,-0.038775038,2016
29.99588,0.62573713,-0.2351642,-0.18034321,2016
31.199005,0.56336254,-0.16040084,-0.13482572,2016
36.00473,0.32175592,0.07002515,0.01664494,2016
39.132233,0.26630852,0.057025213,0.09523604,2016
38.332428,0.36168793,-0.055652343,0.07635818,2016
36.514038,0.4109549,-0.0012836752,0.030361047,2016
36.6781,0.44808948,0.013202639,0.034698278,2016
36.684937,0.36515602,0.06367139,0.034878153,2016
33.270355,0.49974272,-0.07066438,-0.0641736,2016
37.614655,0.21797197,0.10048024,0.058732983,2016
36.838745,0.43420708,-0.046587087,0.038907718,2016
32.35089,0.58447284,-0.21283154,-0.094419114,2016
39.275787,0.4279149,-0.007618559,0.098542996,2016
34.982758,0.43309215,0.0021019161,-0.012082412,2016
34.029144,0.49989074,-0.10183147,-0.04044443,2016
37.84366,0.24941954,0.0643836,0.06442889,2016
34.10434,0.52003735,-0.06531061,-0.038150396,2016
38.708405,0.2876407,0.03150012,0.085329555,2016
30.296661,0.6237185,-0.23207814,-0.16862492,2016
36.432007,0.42731985,-0.011138701,0.028177783,2016
34.79135,0.3934532,0.017565724,-0.017650431,2016
32.019318,0.62187874,-0.19913876,-0.10575229,2016
39.49112,0.40733945,0.03869042,0.103458345,2016
38.065826,0.2665038,0.1040201,0.06988927,2016
35.645844,0.41577327,0.0068939063,0.0067444006,2016
27.999725,0.64155376,-0.26126668,-0.26449218,2016
35.88852,0.43660048,-0.0064297677,0.013460729,2016
37.75479,0.32964015,-0.03636221,0.062226743,2016
37.949615,0.3582739,0.013996656,0.06704105,2016
33.28061,0.5339206,-0.12884848,-0.063845724,2016
33.065247,0.4769994,-0.015424122,-0.07077482,2016
36.599487,0.26845825,0.037378147,0.032624874,2016
38.48282,0.41984862,0.04636121,0.07996777,2016
35.645844,0.25192478,0.0819444,0.0067444006,2016
34.764008,0.5418905,-0.14545663,-0.018450867,2016
30.590607,0.59835786,-0.16118143,-0.1573956,2016
40.390076,0.19410102,0.07275044,0.12341254,2016
32.86017,0.58446604,-0.20215152,-0.07745746,2016
38.383698,0.40536815,0.04464708,0.077591896,2016
34.9144,0.40160942,-0.06393491,-0.014063981,2016
39.97989,0.38176,0.018379718,0.11441891,2016
36.346558,0.33494088,0.096565865,0.02589307,2016
37.01306,0.47552735,-0.04444433,0.04343407,2016
28.12622,0.64865893,-0.27935666,-0.25880522,2016
33.724945,0.3980297,-0.00808566,-0.049829245,2016
34.82895,0.4758466,-0.053386535,-0.016551882,2016
37.054077,0.40901205,-0.0005894291,0.044492904,2016
36.4115,0.3531902,-0.0044120876,0.02763043,2016
35.208344,0.48925778,-0.04380346,-0.005597825,2016
36.45935,0.40545428,0.052806474,0.028906628,2016
29.934357,0.5778732,-0.19989638,-0.18276915,2016
37.187378,0.3651831,0.040142167,0.04791799,2016
38.308502,0.2930351,0.021555038,0.07578131,2016
39.696198,0.2878631,0.062027156,0.10809005,2016
33.5643,0.30456984,0.0285635,-0.05485391,2016
32.798645,0.5347696,-0.16276796,-0.07947855,2016
36.849,0.2773589,0.019098561,0.039175157,2016
40.92328,0.15993653,0.13264483,0.1348339,2016
36.79431,0.22848879,0.057690125,0.03774708,2016
35.710785,0.407897,0.013542361,0.008550674,2016
33.78647,0.5270623,-0.090505965,-0.04791756,2016
39.74405,0.2935251,0.009035838,0.1091639,2016
34.805023,0.34715083,0.034899022,-0.017250685,2016
35.560394,0.44775763,-0.061725933,0.0043576746,2016
37.898346,0.34398398,-0.049238294,0.06577892,2016
37.13611,0.3305944,0.05777058,0.046603557,2016
34.429047,0.49726513,-0.08909596,-0.028359398,2016
35.946625,0.40890348,0.06755475,0.015055408,2016
33.06183,0.5454606,-0.10040532,-0.070885524,2016
32.31671,0.54607236,-0.1045182,-0.09557663,2016
31.995392,0.5205585,-0.0892671,-0.106579155,2016
34.429047,0.45333767,-0.05770617,-0.028359398,2016
38.981842,0.2301119,0.13586347,0.091745496,2016
31.61258,0.5293876,-0.18296394,-0.11997928,2016
36.254272,0.48071462,-0.018005902,0.023413483,2016
39.72696,0.3203253,-0.040437143,0.108780675,2016
34.306,0.43733945,-0.059406973,-0.03204786,2016
35.95346,0.31264603,0.04232197,0.015242678,2016
38.828033,0.23357,0.07033854,0.08814765,2016
33.335297,0.38320282,0.019241093,-0.06210045,2016
36.03891,0.43470237,0.014958426,0.017577564,2016
35.11264,0.48110226,-0.10353304,-0.008338686,2016
38.722076,0.3742701,0.03874181,0.0856525,2016
33.653168,0.5120382,-0.040696975,-0.05206838,2016
39.402252,0.26944318,0.06038768,0.101436295,2016
33.588226,0.53552717,-0.088568576,-0.05410251,2016
37.72061,0.2761584,0.10381715,0.061377,2016
37.341217,0.32747176,0.093887135,0.051840395,2016
33.1131,0.56460583,-0.19742145,-0.06922746,2016
32.55255,0.5310217,-0.11026108,-0.08763929,2016
35.020355,0.5159245,-0.05675576,-0.010995846,2016
31.116974,0.5538666,-0.13962261,-0.13781738,2016
33.526703,0.5211265,-0.14130078,-0.05603685,2016
36.018402,0.41279134,-0.0066769132,0.017018203,2016
32.761047,0.56814915,-0.15691268,-0.08071739,2016
31.49295,0.60222,-0.22218437,-0.12423362,2016
38.44522,0.22747266,0.09372695,0.07906801,2016
29.042236,0.63716376,-0.26767612,-0.21910149,2016
31.84842,0.51132846,-0.09940963,-0.111685745,2016
37.82657,0.46001914,-0.023637872,0.0640062,2016
34.818695,0.4666678,0.0012081314,-0.016851252,2016
35.457855,0.53668195,-0.10791779,0.001478419,2016
31.24002,0.5795666,-0.19712266,-0.1333358,2016
39.275787,0.2550006,0.018070253,0.098542996,2016
38.537506,0.20765191,0.08285573,0.081273355,2016
36.69519,0.28788304,0.07086397,0.035147842,2016
33.000305,0.47601393,-0.025872901,-0.072882004,2016
36.907104,0.42085996,-0.039573565,0.04068785,2016
36.920776,0.28473544,0.14206935,0.041043088,2016
32.648254,0.5433874,-0.10855242,-0.08445105,2016
38.05899,0.26900902,0.059453595,0.069722205,2016
34.630707,0.49293512,-0.051498212,-0.022371097,2016
34.77426,0.46666762,-0.023357756,-0.018150557,2016
36.606323,0.3960709,0.026913784,0.032805525,2016
32.381653,0.5524383,-0.121870436,-0.093379445,2016
29.544708,0.6164106,-0.27084604,-0.19836803,2016
34.934906,0.40513128,0.031410698,-0.013468697,2016
29.616486,0.57410043,-0.19875857,-0.1954637,2016
39.932037,0.2588442,0.025323283,0.11335769,2016
38.858795,0.27406535,0.0629161,0.0888695,2016
35.597992,0.37599075,0.04270136,0.005409246,2016
31.000763,0.6095185,-0.16435423,-0.14208266,2016
37.566803,0.40594026,-0.0026112003,0.057534024,2016
36.168793,0.45128164,-0.048862796,0.02110546,2016
37.7753,0.28957787,-0.00037479078,0.06273585,2016
38.37686,0.25514746,0.057091177,0.07742759,2016
31.414337,0.5820138,-0.14715262,-0.12704697,2016
35.673187,0.40394267,-0.025169583,0.007505738,2016
37.245514,0.2932161,0.04520798,0.049404077,2016
33.205414,0.43237,-0.10149348,-0.066254854,2016
38.09317,0.1989912,0.070889056,0.07055692,2016
30.293243,0.6388074,-0.24403693,-0.16875678,2016
33.810394,0.52182025,-0.11987747,-0.047176007,2016
37.549713,0.322767,0.030653533,0.057105083,2016
29.496857,0.6660721,-0.28743616,-0.2003121,2016
31.048615,0.59481746,-0.19804332,-0.14032249,2016
29.872833,0.63271207,-0.22709455,-0.18520507,2016
38.05899,0.28032136,0.13450962,0.069722205,2016
36.473022,0.45046443,-0.08203503,0.029270643,2016
34.18637,0.40729183,0.0165303,-0.03565932,2016
34.767426,0.35849896,0.016576,-0.018350745,2016
35.324554,0.30064827,0.074833505,-0.0022896032,2016
38.082916,0.30002946,0.017837577,0.07030666,2016
40.424255,0.33049202,0.059161775,0.12415372,2016
36.637085,0.43081346,-0.014727389,0.033617612,2016
30.272736,0.61017823,-0.21443753,-0.16954854,2016
29.99588,0.602133,-0.18375938,-0.18034321,2016
33.793304,0.5130036,-0.07370623,-0.04770558,2016
36.134613,0.4884434,-0.05180622,0.020179527,2016
33.454926,0.49657178,-0.03437482,-0.05830257,2016
39.091217,0.30120975,0.021960007,0.09428674,2016
33.96762,0.52616864,-0.08385704,-0.042328924,2016
37.28311,0.28028786,0.10438035,0.050362695,2016
31.400665,0.56414205,-0.1163099,-0.1275377,2016
32.64142,0.5636934,-0.12709586,-0.08467816,2016
32.75421,0.51728237,-0.064514026,-0.08094294,2016
32.13553,0.58304024,-0.20393465,-0.10175358,2016
31.243439,0.5947848,-0.15271826,-0.1332118,2016
38.407623,0.37061763,0.12137346,0.07816651,2016
33.895844,0.5027439,-0.077403024,-0.044536144,2016
41.165955,0.4341404,0.04114514,0.13993411,2016
35.45102,0.41059119,-0.011416363,0.0012858765,2016
38.02823,0.35281557,0.12479115,0.06896969,2016
35.41684,0.37054265,0.009214388,0.00032204864,2016
40.072174,0.28680784,0.049280345,0.11645838,2016
36.097015,0.4307255,0.022831388,0.019158972,2016
39.480865,0.26042342,0.02777291,0.10322549,2016
36.749878,0.26879907,0.048634376,0.03658364,2016
35.844086,0.46384254,-0.093024425,0.01223778,2016
37.289948,0.39552242,-0.051346164,0.050536778,2016
41.654755,0.27198097,0.19863926,0.15002659,2016
28.73462,0.63456976,-0.25584453,-0.23215254,2016
35.99106,0.35749587,0.028592005,0.016271394,2016
36.134613,0.24215226,0.07601617,0.020179527,2016
29.572052,0.6330227,-0.24173029,-0.19725996,2016
35.70053,0.35221177,0.025035685,0.00826591,2016
38.072662,0.24360746,0.027260454,0.07005627,2016
35.78598,0.47325075,-0.053158674,0.010633957,2016
33.2977,0.49560168,-0.10747898,-0.06329971,2016
31.414337,0.47507474,-0.11696084,-0.12704697,2016
34.015472,0.42847246,-0.05445576,-0.040862616,2016
39.545807,0.3284189,0.11658535,0.10469816,2016
33.93686,0.47535223,0.0012546199,-0.043273732,2016
34.586273,0.36145774,0.0366556,-0.023684554,2016
36.927612,0.36700156,0.07539209,0.04122061,2016
37.33438,0.23136136,0.05337168,0.051666785,2016
31.506622,0.5716804,-0.15230037,-0.12374578,2016
37.13269,0.29322967,0.03056883,0.0465158,2016
36.818237,0.37793624,-0.022651607,0.038372386,2016
33.089172,0.48782533,-0.15830289,-0.07000058,2016
34.55893,0.5016251,-0.070561126,-0.024494516,2016
38.2128,0.38710618,0.006467586,0.07346663,2016
41.17279,0.38180655,0.05306815,0.1400769,2016
36.766968,0.3709589,-0.008218561,0.03703145,2016
31.899689,0.51003075,-0.059364572,-0.10989903,2016
33.68393,0.44603148,0.01248568,-0.05110758,2016
30.93924,0.6007955,-0.14396888,-0.14435372,2016
36.91736,0.3746497,-0.032806408,0.040954303,2016
35.444183,0.30838513,0.08824602,0.0010932597,2016
35.4476,0.44285727,-0.024311578,0.0011895774,2016
37.669342,0.33532202,0.016844412,0.060099494,2016
40.88568,0.36085692,0.042495426,0.13403831,2016
37.683014,0.36221978,0.019222073,0.060440503,2016
36.401245,0.24358727,0.08914714,0.027356522,2016
39.27237,0.18163978,0.115364164,0.09846454,2016
37.549713,0.4213771,0.018156044,0.057105083,2016
30.696564,0.5798618,-0.21406268,-0.15340056,2016
32.289368,0.4447339,-0.007936204,-0.0965044,2016
39.918365,0.39086214,0.080343045,0.11305402,2016
32.583313,0.57123256,-0.15436667,-0.086612456,2016
29.100372,0.6216726,-0.22106226,-0.216666,2016
38.082916,0.23262039,0.03306449,0.07030666,2016
38.927155,0.27557743,0.11844848,0.09046952,2016
38.96817,0.27785537,0.034371745,0.091426834,2016
38.879303,0.2789863,0.15015364,0.08935009,2016
35.823578,0.35257182,0.0051060123,0.011672319,2016
31.533966,0.56744736,-0.13839565,-0.12277135,2016
37.99063,0.2577127,0.13580394,0.06804829,2016
33.16095,0.4800933,-0.11538273,-0.067684546,2016
37.426666,0.40968356,0.030459862,0.054005146,2016
40.46869,0.21039872,0.062206108,0.12511538,2016
32.798645,0.5526511,-0.123533316,-0.07947855,2016
36.066254,0.3105502,0.07459191,0.018322391,2016
33.745453,0.41370696,0.01410397,-0.049191244,2016
38.14444,0.43122703,0.01455666,0.07180617,2016
35.898773,-0.010865788,-0.20032541,0.013742518,2016
33.656586,0.49514073,-0.053429626,-0.051961537,2016
33.91635,0.40384707,0.03099256,-0.043904554,2016
34.22055,0.4887182,-0.012247414,-0.0346249,2016
38.103424,0.42938706,0.0040760655,0.07080703,2016
38.257233,0.262463,0.063551135,0.07454274,2016
37.310455,0.28235558,0.04821433,0.051058654,2016
32.019318,0.5717034,-0.15395528,-0.10575229,2016
32.528625,0.5282041,-0.105914205,-0.08843928,2016
34.65805,0.5266088,-0.0984746,-0.021564487,2016
36.71228,0.31069744,0.039664924,0.03559699,2016
37.481354,0.37765595,0.008659742,0.05538541,2016
33.841156,0.5149419,-0.06273372,-0.04622412,2016
37.847076,0.2347602,0.11863282,0.06451338,2016
34.548676,0.50585955,-0.05552194,-0.024798581,2016
37.693268,0.3932537,0.03319133,0.060696095,2016
38.2128,0.22823001,0.10775511,0.07346663,2016
35.994476,0.38980356,0.046940524,0.016364807,2016
30.122345,0.6461336,-0.2534743,-0.1753877,2016
37.443756,0.28202438,0.018495493,0.05443691,2016
37.18396,0.387018,0.038911663,0.04783047,2016
36.380737,0.4872875,-0.018365102,0.026808243,2016
33.871918,0.5434418,-0.12337206,-0.045273963,2016
32.730286,0.5386781,-0.15653102,-0.08173311,2016
31.633087,0.6043167,-0.18858467,-0.11925319,2016
39.9628,0.32402027,0.039679594,0.114040196,2016
38.913483,0.24316931,0.07131969,0.09014996,2016
34.07016,0.5363845,-0.13175164,-0.039191883,2016
36.807983,0.4355727,0.014006502,0.038104497,2016
37.416412,0.46825242,-0.031469677,0.0537459,2016
35.857758,0.41980737,-0.06507714,0.012614395,2016
38.930573,0.2586371,0.04425508,0.09054937,2016
38.824615,0.37233096,-0.0034678846,0.08806737,2016
29.753204,0.6781374,-0.2623937,-0.18997043,2016
39.183502,0.34845737,0.0065681147,0.09641988,2016
31.892853,0.5872485,-0.15928918,-0.110136926,2016
38.59561,0.21002668,0.05763877,0.082656495,2016
35.358734,0.45795113,-0.004555682,-0.0013207352,2016
40.41742,0.29453984,0.15220885,0.124005586,2016
37.35147,0.28210968,0.051572587,0.05210069,2016
38.20938,0.3110028,0.10444067,0.07338374,2016
33.806976,0.5242258,-0.13097209,-0.04728188,2016
33.837738,0.5357367,-0.10008897,-0.0463298,2016
35.406586,0.42712048,-0.00073907594,3.253741e-05,2016
34.617035,0.4253249,-0.020532534,-0.022774877,2016
39.18692,0.25922883,-0.004432505,0.09649869,2016
39.21768,0.26836,0.060555622,0.09720738,2016
38.12393,0.23108657,0.04390986,0.07130687,2016
39.597076,0.37363374,0.051250987,0.10585738,2016
36.380737,0.34016457,0.017661791,0.026808243,2016
34.45981,0.48695529,-0.052662876,-0.027441397,2016
36.924194,0.2766437,0.017880073,0.041131858,2016
40.762634,0.1772979,0.08611897,0.1314243,2016
34.012054,0.4534911,-0.031117227,-0.04096722,2016
37.491608,0.29456672,0.12484852,0.05564376,2016
31.533966,0.4839592,-0.07549785,-0.12277135,2016
31.472443,0.56439865,-0.14433429,-0.12496618,2016
35.204926,0.32379672,0.058794487,-0.005695456,2016
38.31192,0.1973132,0.074167006,0.07586376,2016
29.924103,0.5920332,-0.15523157,-0.18317445,2016
31.462189,0.5989846,-0.1977517,-0.12533282,2016
35.967133,0.29975364,0.036258355,0.0156170055,2016
40.14395,0.38011262,0.0775917,0.11803815,2016
38.957916,0.32134968,0.0799733,0.09118769,2016
35.72104,0.4060603,0.010518635,0.008835274,2016
37.378815,0.36036795,-0.033451915,0.052794103,2016
31.185333,0.5973388,-0.19395836,-0.13532324,2016
33.64975,0.45404464,-0.11189868,-0.052175242,2016
37.508698,0.37549764,0.020389171,0.05607403,2016
32.36798,0.53074247,-0.09747089,-0.09384128,2016
40.444763,0.23494902,0.044559,0.124597825,2016
35.054535,0.5093786,-0.1093227,-0.010010081,2016
38.32901,0.24831682,0.1345589,0.07627581,2016
43.41501,0.24332201,0.18255709,0.18448862,2016
37.006226,0.28850237,0.05637935,0.043257367,2016
34.81186,0.46811897,-0.07622179,-0.01705093,2016
37.262604,0.24639595,0.05443262,0.04984005,2016
36.650757,0.31683376,0.058095124,0.033978105,2016
38.07608,0.35360232,-0.025684917,0.07013975,2016
33.236176,0.534181,-0.119515024,-0.06526798,2016
36.110687,0.44039214,-0.08349746,0.01953033,2016
33.687347,0.5520727,-0.12858327,-0.051000934,2016
31.807404,0.5764917,-0.15112552,-0.11311927,2016
37.853912,0.35396424,0.05503787,0.06468231,2016
40.36615,0.3104425,0.08216693,0.122892976,2016
38.36319,0.23236722,0.06258389,0.0770988,2016
29.838654,0.64478046,-0.24137516,-0.18656272,2016
32.2005,0.54816955,-0.13778673,-0.09953054,2016
34.654633,0.3866843,0.027273927,-0.021665245,2016
29.968536,0.57964665,-0.20913091,-0.18142018,2016
34.097504,0.5175729,-0.09745217,-0.03835853,2016
38.554596,0.27387643,0.11332081,0.081680596,2016
31.59549,0.59135365,-0.1776898,-0.12058506,2016
32.47052,0.52454174,-0.098150656,-0.090387024,2016
32.02957,0.59917504,-0.18889163,-0.10539829,2016
37.24893,0.33100995,0.028167235,0.049491305,2016
37.65567,0.2504933,0.10450838,0.05975824,2016
35.14682,0.37420914,0.03168646,-0.0073580933,2016
30.744415,0.5748157,-0.14120875,-0.15160537,2016
36.25769,0.28347108,0.04958664,0.023505544,2016
35.57065,0.51486135,-0.100234054,0.0046446873,2016
35.235687,0.44260004,-0.016142692,-0.004817457,2016
31.74588,0.5686129,-0.1584333,-0.115276486,2016
34.299164,0.49613076,-0.056154404,-0.032253552,2016
38.29483,0.2796869,0.039323345,0.07545135,2016
37.40274,0.27370813,0.07853,0.053400014,2016
34.562347,0.48255903,-0.07744097,-0.024393199,2016
33.80356,0.5139592,-0.049674027,-0.04738777,2016
32.248352,0.5653856,-0.11000403,-0.097899005,2016
39.245026,0.24188928,0.093633,0.0978364,2016
33.14386,0.5630231,-0.17800823,-0.06823508,2016
40.762634,0.23959318,0.054914135,0.1314243,2016
34.217133,0.32700887,0.004670119,-0.034728248,2016
32.323547,0.5090985,-0.051272437,-0.09534493,2016
37.464264,0.43430102,-0.068570465,0.05495451,2016
34.38803,0.5077293,-0.11086512,-0.029585952,2016
37.35147,0.31096685,-0.022328138,0.05210069,2016
38.62979,0.22573836,0.060356632,0.08346816,2016
34.801605,0.4771413,-0.06510746,-0.017350592,2016
38.89981,0.28039607,0.044759296,0.08983018,2016
34.72641,0.38514215,-0.030656474,-0.019553525,2016
36.623413,0.4276187,0.0109657,0.03325685,2016
40.133698,0.31463945,0.09381564,0.11781281,2016
36.61316,0.28987157,0.09014707,0.032986104,2016
35.43051,0.43761548,0.016293956,0.00070780294,2016
31.650177,0.5958508,-0.21209219,-0.118648835,2016
36.66443,0.24950518,0.08643588,0.034338325,2016
36.110687,0.42997518,-0.0023906427,0.01953033,2016
30.036896,0.6378462,-0.25127906,-0.17873146,2016
31.424591,0.6259557,-0.19065689,-0.12667921,2016
39.18692,0.19670802,0.04264094,0.09649869,2016
34.452972,0.44444284,-0.020302225,-0.027645256,2016
38.790436,0.28301492,0.026137581,0.08726383,2016
35.874847,0.48820147,-0.10724435,0.01308476,2016
33.639496,0.5431453,-0.09073796,-0.052495964,2016
38.995514,0.28448445,0.07975326,0.09206393,2016
43.285126,0.2686016,0.13153705,0.18204157,2016
39.850006,0.19001359,0.08586101,0.11153254,2016
34.729828,0.49510694,-0.05672558,-0.019453185,2016
36.64392,0.3536086,-0.02251897,0.03379789,2016
40.55414,0.35679206,0.08889279,0.1269588,2016
36.22351,0.39945152,-0.008179305,0.022584148,2016
36.736206,0.27103212,0.11673203,0.03622509,2016
35.861176,0.49578044,-0.07083453,0.012708504,2016
36.220093,0.38344643,-0.04087077,0.022491911,2016
38.014557,0.25686657,0.039033923,0.068634845,2016
32.846497,0.53558123,-0.10135305,-0.07790594,2016
35.26303,0.4817579,-0.06794061,-0.0040382985,2016
36.151703,0.35440928,0.0074747107,0.020642713,2016
38.41104,0.2550237,0.05169922,0.07824853,2016
36.99939,0.43891445,-0.045061395,0.0430806,2016
38.469147,0.32058838,0.09605399,0.07964078,2016
35.167328,0.28987426,0.04751331,-0.006770653,2016
34.798187,0.31422365,0.05788502,-0.017450519,2016
36.127777,0.37528586,0.049374912,0.019994128,2016
42.62204,0.2648209,0.13602442,0.1693163,2016
37.40616,0.25763112,0.1290082,0.053486507,2016
36.623413,0.392379,-0.0010100278,0.03325685,2016
37.700104,0.30962503,0.036102764,0.06086641,2016
37.70352,0.41222358,-0.019736167,0.06095155,2016
34.329926,0.5037057,-0.0946512,-0.03132859,2016
33.22592,0.5567821,-0.13498911,-0.06559674,2016
38.940826,0.25033104,0.05354025,0.09078885,2016
35.495453,0.4288099,0.029407602,0.0025360778,2016
35.91928,0.36327463,0.0752009,0.014305614,2016
38.588776,0.41742724,0.028174987,0.08249399,2016
38.824615,0.3028745,0.04055262,0.08806737,2016
33.543793,0.5140612,-0.1446547,-0.05549882,2016
37.884674,0.41745472,0.039227128,0.06544178,2016
39.685944,0.38860413,0.06582551,0.1078596,2016
38.400787,0.25650838,0.091674246,0.0780024,2016
29.684845,0.6236279,-0.2458234,-0.19271074,2016
30.313751,0.6377274,-0.25575256,-0.1679661,2016
33.523285,0.5589209,-0.15865935,-0.05614452,2016
35.30063,0.41964856,-0.0006729519,-0.0029689271,2016
32.545715,0.5325698,-0.082698554,-0.08786774,2016
31.875763,0.5320261,-0.09982983,-0.110732116,2016
38.56485,0.30207765,0.10118423,0.08192477,2016
37.508698,0.37665582,-0.023068024,0.05607403,2016
38.171783,0.27010193,0.115463264,0.07247107,2016
32.162903,0.5384021,-0.1266862,-0.10081586,2016
34.504242,0.38989723,-0.027069448,-0.026118288,2016
32.77472,0.52476394,-0.1090859,-0.08026657,2016
34.452972,0.4462886,0.023208337,-0.027645256,2016
39.197174,0.26649997,0.07263584,0.096735045,2016
35.33481,0.2858892,0.06856067,-0.0019987458,2016
33.266937,0.54242325,-0.13992198,-0.06428294,2016
39.832916,0.19629154,0.083480686,0.11115135,2016
37.14978,0.28810194,0.030687165,0.046954427,2016
33.571136,0.5245348,-0.081393324,-0.054639116,2016
36.483276,0.39990854,-0.052878756,0.029543474,2016
36.503784,0.4241504,-0.014422382,0.030088676,2016
38.223053,0.34704664,0.07628476,0.07371518,2016
34.063324,0.47353268,-0.02866324,-0.039400432,2016
34.815277,0.34080994,0.03739358,-0.01695108,2016
32.62091,0.54479706,-0.10533407,-0.085360065,2016
36.674683,0.3038188,0.03433895,0.034608316,2016
38.83487,0.1692698,0.10427695,0.088308156,2016
32.545715,0.54847014,-0.10932999,-0.08786774,2016
34.565765,0.4996602,-0.13707569,-0.024291905,2016
33.34897,0.5505413,-0.19192497,-0.06166503,2016
36.944702,0.25632712,0.09308342,0.04166412,2016
32.62091,0.5497813,-0.084056884,-0.085360065,2016
37.62149,0.28575182,0.10391794,0.058904015,2016
34.96225,0.49864,-0.12937388,-0.0126760695,2016
33.554047,0.48210993,-0.04427731,-0.055176266,2016
39.682526,0.26376057,0.12045405,0.10778276,2016
29.965118,0.62101305,-0.2142976,-0.18155494,2016
30.385529,0.63376224,-0.22728865,-0.1652071,2016
39.696198,0.30513498,-0.010317937,0.10809005,2016
28.406494,0.64095265,-0.26836133,-0.24638519,2016
37.194214,0.3755884,-0.08547426,0.04809297,2016
37.525787,0.41212797,0.07179987,0.05650391,2016
36.90027,0.33463165,0.036499657,0.040510137,2016
30.665802,0.6064657,-0.19470295,-0.15455757,2016
36.267944,0.29053432,0.105604194,0.023781626,2016
34.196625,0.4615909,-0.033209726,-0.035348777,2016
36.466187,0.35820886,0.06395649,0.02908867,2016
35.41684,0.35491517,-0.004873263,0.00032204864,2016
34.7435,0.48998576,-0.021485168,-0.019052021,2016
33.09259,0.54026276,-0.16267176,-0.06989007,2016
32.62433,0.57619053,-0.14120227,-0.085246354,2016
36.944702,0.32723826,0.022764273,0.04166412,2016
34.52475,0.4902762,-0.100256845,-0.02550877,2016
40.082428,0.18968797,0.11017488,0.11668441,2016
35.659515,0.41947228,-0.03470976,0.007125215,2016
32.04666,0.44871458,-0.06061528,-0.10480881,2016
34.309418,0.4849636,-0.048928626,-0.031945046,2016
29.37381,0.62252367,-0.234911,-0.20534019,2016
32.48419,0.53422725,-0.07425419,-0.089928105,2016
36.725952,0.36627305,-0.021893362,0.035956003,2016
33.102844,0.53821343,-0.08398109,-0.06955866,2016
37.074585,0.43573946,-0.023082193,0.045021445,2016
37.59073,0.333999,0.046544094,0.058133885,2016
35.946625,0.39413387,0.06398278,0.015055408,2016
37.53946,0.25732407,0.091464885,0.05684753,2016
35.980804,0.33765963,-0.040467486,0.015991049,2016
35.676605,0.3781227,0.026121238,0.0076008234,2016
39.3544,0.17019495,0.060588468,0.10034372,2016
29.298615,0.634753,-0.25596043,-0.20843372,2016
35.673187,0.5996739,-0.21136075,0.007505738,2016
30.7034,0.6031765,-0.20500682,-0.15314376,2016
33.841156,0.51208735,-0.083004974,-0.04622412,2016
39.7919,0.23289901,0.08073122,0.11023517,2016
33.181488,0.5240177,-0.08360508,-0.06702369,2016
39.614166,0.22077782,0.08034519,0.10624312,2016
38.322174,0.23999631,0.10373098,0.07611103,2016
32.473938,0.5374499,-0.11637781,-0.090272255,2016
32.214172,0.5919853,-0.22257996,-0.099063896,2016
36.233765,0.31931368,0.08047278,0.022860749,2016
33.957367,0.56579524,-0.108776875,-0.04264367,2016
36.869507,0.49311966,-0.03966035,0.039709594,2016
39.412506,0.216895,0.08128129,0.10167007,2016
33.09601,0.53154606,-0.089794084,-0.069779575,2016
35.092133,0.48796606,-0.03963411,-0.008927958,2016
37.9086,0.26120448,0.05549516,0.06603162,2016
39.149323,0.18900241,0.1174955,0.095631,2016
36.32605,0.41684064,0.06337612,0.025343139,2016
39.497955,0.22722831,0.087768316,0.1036135,2016
33.670258,0.5294727,-0.13219045,-0.05153439,2016
39.57315,0.39152476,0.12226428,0.10531679,2016
39.16983,0.27986234,0.13370392,0.096104495,2016
38.807526,0.27515984,0.057559904,0.08766578,2016
39.0878,0.2726069,0.10610388,0.09420754,2016
31.674103,0.60337186,-0.18963708,-0.117803834,2016
34.34018,0.48885515,-0.12659216,-0.031020636,2016
33.174652,0.48932937,-0.025141252,-0.06724355,2016
33.420746,0.5267178,-0.06262179,-0.059384905,2016
37.481354,0.27212968,0.052254856,0.05538541,2016
28.891846,0.6266892,-0.22752227,-0.22544728,2016
31.602325,0.53606236,-0.120447874,-0.12034267,2016
29.934357,0.63036984,-0.2388542,-0.18276915,2016
31.59549,0.60527384,-0.18813583,-0.12058506,2016
31.643341,0.57238096,-0.14360414,-0.1188905,2016
35.714203,0.25714093,0.09446913,0.008645559,2016
38.168365,0.20192114,0.088828675,0.07238801,2016
28.239014,0.6477428,-0.28485706,-0.25377727,2016
29.202911,0.6527066,-0.26728842,-0.21239397,2016
30.993927,0.46304885,-0.09034672,-0.14233455,2016
37.01306,0.2939935,0.05360218,0.04343407,2016
30.809357,0.5790734,-0.20451841,-0.14917795,2016
29.616486,0.610637,-0.24057712,-0.1954637,2016
38.284576,0.26375037,0.06401405,0.075203724,2016
30.706818,0.5957536,-0.16868922,-0.1530154,2016
40.273834,0.37881747,0.044907637,0.120882474,2016
35.611664,0.3211389,-0.0036623648,0.005791085,2016
35.406586,0.4675771,-0.05679901,3.253741e-05,2016
39.631256,0.35247856,0.13621025,0.10662853,2016
32.214172,0.552401,-0.117643066,-0.099063896,2016
40.18155,0.28157648,-0.0044771666,0.1188634,2016
35.639008,0.370241,0.017860664,0.0065538837,2016
34.28891,0.3849952,0.036383975,-0.03256224,2016
38.68106,0.27058178,0.076948784,0.08468297,2016
39.43985,0.3779063,-0.0065759025,0.10229289,2016
33.642914,0.5135176,-0.13883726,-0.052389037,2016
37.90518,0.26699808,0.06429173,0.0659474,2016
35.321136,0.38423064,-0.03147684,-0.002386593,2016
34.012054,0.53147525,-0.09672422,-0.04096722,2016
33.33188,0.54286695,-0.08533521,-0.062209364,2016
36.719116,0.35061458,0.027863594,0.03577653,2016
31.30838,0.56238,-0.1715746,-0.13086124,2016
37.08142,0.28651053,0.04820119,0.045197494,2016
38.558014,0.26645425,0.041773397,0.081762,2016
36.56189,0.52949363,-0.10650973,0.031630095,2016
37.70694,0.40738827,0.031429075,0.06103667,2016
37.088257,0.40287438,0.026398944,0.045373477,2016
39.207428,0.20465878,0.0045854803,0.09697127,2016
35.310883,0.39723814,0.009093238,-0.0026776756,2016
40.034576,0.20013629,0.11479188,0.115628615,2016
37.559967,0.33708793,0.009898168,0.057362493,2016
28.29712,0.6648633,-0.29123387,-0.25120276,2016
37.693268,0.2598382,0.035364725,0.060696095,2016
33.612152,0.50642633,-0.058360487,-0.053352177,2016
38.031647,0.19775382,0.12324426,0.06905336,2016
33.912933,0.5493889,-0.19835447,-0.044009767,2016
36.02182,0.26786718,0.04440988,0.017111473,2016
35.608246,0.45534444,-0.0034260966,0.0056956527,2016
36.637085,0.39982635,0.017909525,0.033617612,2016
38.00772,0.30860218,0.062390666,0.068467334,2016
33.940277,0.46301067,-0.0641452,-0.043168668,2016
37.13611,0.37840843,0.036785793,0.046603557,2016
36.066254,0.44968012,-0.014670507,0.018322391,2016
32.67218,0.5317591,-0.11507398,-0.08365691,2016
34.131683,0.43127668,-0.043030072,-0.037318707,2016
34.746918,0.393268,-0.07267508,-0.01895178,2016
33.031067,0.55662113,-0.116866745,-0.07188284,2016
36.688354,0.24711524,0.025879508,0.034968067,2016
34.681976,0.5002618,-0.06611834,-0.02085975,2016
31.79715,0.5591171,-0.11865963,-0.11347822,2016
34.70932,0.27589846,0.027166648,-0.020055523,2016
36.640503,0.24245301,0.11813655,0.03370776,2016
36.367065,0.30770898,0.07053146,0.02644238,2016
37.365143,0.3390242,0.09485272,0.052447524,2016
36.756714,0.37456834,-0.02991586,0.036762815,2016
34.032562,0.39998055,0.058150906,-0.040339936,2016
38.17862,0.43404913,-0.059621777,0.07263714,2016
38.349518,0.2495321,0.095046155,0.076769784,2016
35.11606,0.4323129,-0.028939124,-0.0082405405,2016
32.733704,0.55556923,-0.18968174,-0.08162016,2016
33.656586,0.546744,-0.13606673,-0.051961537,2016
36.88318,0.33947203,0.009105991,0.040065557,2016
31.79715,0.5709453,-0.17350551,-0.11347822,2016
38.055573,0.34674627,-0.03375977,0.069638655,2016
38.787018,0.2718801,0.017565532,0.0871834,2016
33.88217,0.5112948,-0.075140245,-0.044957627,2016
38.469147,0.24066773,0.14628503,0.07964078,2016
30.580353,0.5930422,-0.16764303,-0.15778369,2016
39.47403,0.44156095,0.009680575,0.10307019,2016
36.93103,0.40970308,0.0037579662,0.04130934,2016
35.293793,0.37793615,-0.016457397,-0.0031631887,2016
33.70102,0.4159868,-0.0036656607,-0.050574563,2016
39.381744,0.362041,0.05179162,0.100968376,2016
39.06729,0.19749472,0.09061118,0.09373206,2016
37.13611,0.32754043,0.02351357,0.046603557,2016
33.68051,0.47997582,-0.004777323,-0.05121425,2016
39.029694,0.30732715,0.052389104,0.092859045,2016
35.87143,0.41245246,-0.039911192,0.012990722,2016
30.218048,0.60985667,-0.20304787,-0.17166515,2016
35.75522,0.2900218,0.08999619,0.009782763,2016
36.5448,0.28619084,0.08988869,0.031177245,2016
33.39682,0.4970849,-0.04670938,-0.06014386,2016
34.798187,0.30498853,0.052038092,-0.017450519,2016
36.548218,0.3310136,0.03544019,0.031267848,2016
34.924652,0.49251166,-0.11157586,-0.0137662515,2016
37.255768,0.28921095,0.03773243,0.04966571,2016
33.577972,0.39536983,0.029557137,-0.05442441,2016
31.557892,0.5425418,-0.12103443,-0.121920116,2016
37.816315,0.41441193,0.008550853,0.063752405,2016
34.729828,0.41439277,-0.05002759,-0.019453185,2016
34.89731,0.32106203,0.05447045,-0.014560588,2016
34.705902,0.5238968,-0.07534821,-0.020155983,2016
32.87384,0.4850333,-0.11089838,-0.07700936,2016
35.509125,0.3543092,-0.01851572,0.0029201256,2016
32.10135,0.5621555,-0.11514596,-0.102926664,2016
37.864166,0.3386633,0.056451287,0.06493561,2016
34.822113,0.5244016,-0.074772015,-0.016751442,2016
29.97879,0.62097114,-0.21916766,-0.18101609,2016
34.91098,0.4719373,-0.002978155,-0.014163264,2016
31.028107,0.593,-0.20389098,-0.14107619,2016
35.63559,0.33979246,-0.017301308,0.0064585977,2016
38.318756,0.36899218,0.132974,0.07602863,2016
37.82315,0.41708413,-0.011387506,0.063921615,2016
29.37381,0.65876055,-0.29686025,-0.20534019,2016
39.549225,0.33832842,0.054404393,0.10477553,2016
36.534546,0.43718275,-0.028292926,0.03090533,2016
37.99063,0.21638267,0.12657738,0.06804829,2016
34.531586,0.42061815,-0.0016209318,-0.02530576,2016
38.622955,0.34258267,0.025859145,0.08330594,2016
33.554047,0.46728325,-0.038065176,-0.055176266,2016
36.018402,0.30884886,0.014905056,0.017018203,2016
35.33139,0.5164032,-0.18642911,-0.0020956795,2016
31.253693,0.5432621,-0.16104259,-0.13284002,2016
36.49353,0.41483888,-0.044262107,0.02981615,2016
36.37732,0.40957037,0.013602112,0.026716802,2016
35.24936,0.5462003,-0.15528566,-0.0044277264,2016
33.523285,0.55234754,-0.20135279,-0.05614452,2016
31.014435,0.5607555,-0.17255446,-0.1415792,2016
39.07071,0.23266155,0.0410175,0.09381134,2016
29.021729,0.6967144,-0.3299798,-0.21996295,2016
35.440765,0.43553457,-0.012780096,0.0009969233,2016
31.253693,0.62272346,-0.19842821,-0.13284002,2016
36.74646,0.2448987,0.073919214,0.036494028,2016
34.012054,0.4434403,-0.07733263,-0.04096722,2016
37.375397,0.32011572,0.019767914,0.052707482,2016
34.487152,0.41045892,0.0090265125,-0.026626773,2016
35.355316,0.32372102,0.071007125,-0.0014175377,2016
38.981842,0.35694984,-0.06158204,0.091745496,2016
32.13553,0.54755974,-0.14174376,-0.10175358,2016
38.19571,0.2706737,0.0506971,0.07305207,2016
33.51303,0.54847443,-0.11941278,-0.056467667,2016
38.527252,0.2684425,0.024537964,0.08102884,2016
30.296661,0.59832793,-0.21453555,-0.16862492,2016
38.424713,0.4540637,-0.03473145,0.0785765,2016
37.980377,0.34563994,0.032015435,0.067796685,2016
32.289368,0.5614483,-0.1852457,-0.0965044,2016
30.259064,0.6211735,-0.2519905,-0.17007697,2016
34.4393,0.51759726,-0.10448186,-0.028053215,2016
33.66684,0.55146724,-0.15081571,-0.051641144,2016
40.106354,0.26094285,0.024274485,0.11721136,2016
36.42517,0.45821762,-0.00895025,0.0279954,2016
38.75284,0.27857873,0.036841396,0.086378306,2016
35.324554,0.5088139,-0.076598555,-0.0022896032,2016
34.309418,0.5245836,-0.07929412,-0.031945046,2016
35.693695,0.4618654,-0.07503586,0.008075976,2016
33.991547,0.5215203,-0.07890514,-0.041595254,2016
35.68344,0.43712986,-0.0013217105,0.007790939,2016
28.488525,0.63874173,-0.27542004,-0.24279629,2016
40.4516,0.4126756,0.016037641,0.12474576,2016
34.299164,0.43978095,-0.009428894,-0.032253552,2016
38.759674,0.2703568,0.067161836,0.08653944,2016
40.304626,0.30285177,0.094865076,0.12155411,2016
34.032562,0.5429712,-0.0940298,-0.040339936,2016
30.611115,0.62447417,-0.19372329,-0.1566202,2016
36.281616,0.27032113,0.10746211,0.02414949,2016
32.661926,0.5225188,-0.06949935,-0.08399711,2016
33.219086,0.53147906,-0.089872144,-0.065816015,2016
37.057495,0.30335423,0.040718455,0.044581033,2016
34.306,0.50970125,-0.038467396,-0.03204786,2016
33.6019,0.4991501,-0.066647954,-0.053673618,2016
39.644928,0.20874514,0.09501809,0.10693661,2016
35.82016,0.45058703,-0.00062744593,0.011578012,2016
32.57306,0.5372967,-0.11721188,-0.08695452,2016
39.67227,0.26213872,0.04566783,0.10755215,2016
33.468597,0.5510648,-0.104355514,-0.057870254,2016
37.594147,0.32415977,-0.011696599,0.05821952,2016
30.378693,0.62759256,-0.23036438,-0.1654693,2016
28.146729,0.66802126,-0.29564446,-0.25788805,2016
35.75522,0.3752592,0.09816391,0.009782763,2016
38.366608,0.2858878,-0.0024944458,0.07718102,2016
37.310455,0.5459669,-0.11331008,0.051058654,2016
36.165375,0.34288463,-0.0054031666,0.021012947,2016
34.360687,0.39545864,-0.0059103356,-0.030405283,2016
39.42276,0.23188667,0.08012351,0.10190373,2016
39.429596,0.3401439,0.10603198,0.10205944,2016
35.806488,0.41903484,-0.06736269,0.011200607,2016
30.122345,0.62422574,-0.19767262,-0.1753877,2016
37.14978,0.36661342,0.0110917855,0.046954427,2016
30.764923,0.5463644,-0.19959477,-0.1508377,2016
33.342133,0.5426704,-0.113716066,-0.061882697,2016
34.210297,0.38321918,-0.013966641,-0.03493501,2016
35.88852,0.48117194,-0.019384151,0.013460729,2016
37.525787,0.40263784,0.024609061,0.05650391,2016
37.894928,0.2443793,0.03760215,0.06569466,2016
35.06479,0.43838724,-0.033766076,-0.009714726,2016
35.34848,0.43885568,0.021133615,-0.0016111989,2016
34.511078,0.46698326,-0.09430023,-0.025915034,2016
32.74054,0.5504842,-0.1507235,-0.08139432,2016
34.299164,0.41153383,-0.020130092,-0.032253552,2016
35.41342,0.32950097,0.07634522,0.00022556352,2016
33.04474,0.5131138,-0.06945436,-0.071439356,2016
36.657593,0.429081,-0.04940168,0.03415825,2016
36.872925,0.31524327,0.06522641,0.03979861,2016
39.754303,0.18460765,0.05413181,0.10939368,2016
30.053986,0.6231267,-0.25200388,-0.17806117,2016
38.657135,0.2777584,-0.0074398136,0.08411646,2016
34.22055,0.36945453,0.04121221,-0.0346249,2016
36.54138,0.25559083,0.0928396,0.031086624,2016
37.80606,0.3054044,0.02085356,0.063498475,2016
37.313873,0.3397844,0.11236773,0.05114558,2016
35.594574,0.4251901,-0.0006982229,0.00531374,2016
34.18637,0.3969047,0.0024040856,-0.03565932,2016
30.881134,0.5986643,-0.20372707,-0.14650692,2016
33.964203,0.44924456,-0.07151896,-0.042433817,2016
34.84604,0.30035794,0.09863521,-0.016053326,2016
37.532623,0.38082328,0.049514983,0.05667575,2016
37.628326,0.35716408,0.052543085,0.059074983,2016
38.93399,0.37477696,0.10279109,0.09062921,2016
39.583405,0.24900572,0.0012248802,0.105548546,2016
39.815826,0.19984661,0.094330974,0.11076984,2016
32.795227,0.43393114,-0.01681829,-0.07959105,2016
36.859253,0.22598019,0.065682,0.03944245,2016
37.399323,0.43828094,0.0057702325,0.0533135,2016
38.404205,0.29652774,0.036918942,0.07808446,2016
32.665344,0.54444975,-0.121641934,-0.08388368,2016
31.991974,0.5717019,-0.17944664,-0.10669738,2016
36.13803,0.28483856,0.101165876,0.020272199,2016
37.395905,0.38815776,-0.013993055,0.053226974,2016
40.14737,0.32443923,0.08357,0.118113235,2016
30.095001,0.6803355,-0.25400853,-0.17645563,2016
37.10193,0.3445712,0.009931041,0.045725252,2016
38.83487,0.25838542,0.07152252,0.088308156,2016
37.4711,0.32985595,0.07797853,0.055126917,2016
38.065826,0.19935115,0.105915844,0.06988927,2016
39.214264,0.28521356,-0.0010629467,0.0971287,2016
38.352936,0.28421506,0.088208914,0.07685206,2016
38.36319,0.22055054,0.09522281,0.0770988,2016
34.487152,0.33752415,-0.014508973,-0.026626773,2016
39.309967,0.35262117,0.079072505,0.099326804,2016
38.66739,0.25905037,0.09492689,0.08435933,2016
31.147736,0.596232,-0.17752044,-0.13669366,2016
37.48819,0.27646008,0.063256815,0.055557657,2016
40.068756,0.30401433,0.14445221,0.11638301,2016
33.759125,0.5812719,-0.14833936,-0.048766337,2016
37.324127,0.25717244,0.026943538,0.051406253,2016
38.56485,0.22271459,0.063822344,0.08192477,2016
35.65268,0.5290498,-0.055410583,0.0069348444,2016
33.813812,0.5531796,-0.15620434,-0.047070157,2016
36.059418,0.2715554,0.1045347,0.01813629,2016
33.137024,0.57648975,-0.19598855,-0.06845544,2016
32.92169,0.59573495,-0.16868493,-0.07544393,2016
36.99597,0.29867807,0.06604377,0.042992193,2016
34.664886,0.5076472,-0.07352149,-0.021363035,2016
28.317627,0.6311387,-0.25644797,-0.25029662,2016
39.983307,0.36898902,0.06509099,0.114494614,2016
37.043823,0.4262335,0.007826913,0.044228416,2016
33.854828,0.3978579,0.026478948,-0.045801613,2016
31.776642,0.54348105,-0.13514844,-0.11419683,2016
38.202545,0.24427117,0.08475373,0.073217936,2016
39.03311,0.2777303,0.06889241,0.092938475,2016
33.66342,0.49691302,-0.0672634,-0.051747918,2016
39.245026,0.22394504,0.07517738,0.0978364,2016
35.143402,0.40634954,0.0024431197,-0.007456067,2016
35.50229,0.4713807,-0.052445527,0.0027281386,2016
41.165955,0.2324001,0.044970687,0.13993411,2016
35.286957,0.4579383,0.005976127,-0.0033575257,2016
36.117523,0.41182572,0.010865322,0.019715901,2016
29.893341,0.6477523,-0.23996486,-0.18439199,2016
39.149323,0.22008967,0.09805039,0.095631,2016
38.1752,0.26323667,0.034609325,0.07255411,2016
38.725494,0.17897388,0.07543794,0.085733205,2016
35.857758,0.39987025,-0.038488798,0.012614395,2016
28.78247,0.63646746,-0.19831698,-0.23010404,2016
30.877716,0.6014027,-0.17904107,-0.14663382,2016
36.2782,0.31476733,0.03625019,0.02405755,2016
36.79431,0.2603616,0.044646405,0.03774708,2016
34.213715,0.37937155,0.05380703,-0.034831617,2016
34.0018,0.4879845,-0.058342554,-0.04128114,2016
31.366486,0.5838713,-0.16209115,-0.12876636,2016
31.800568,0.59036714,-0.16227409,-0.11335854,2016
31.096466,0.6196053,-0.21194167,-0.13856776,2016
37.21814,0.41484582,0.048212092,0.048704907,2016
29.70877,0.6377428,-0.23088914,-0.1917502,2016
36.08676,0.45921806,-0.029127533,0.01888027,2016
34.114594,0.3802066,-0.015753387,-0.037838355,2016
39.733795,0.30851257,0.13269673,0.10893401,2016
38.458893,0.34986967,0.0070736962,0.0793954,2016
32.67218,0.5724332,-0.15865575,-0.08365691,2016
35.26303,0.28941903,0.10844642,-0.0040382985,2016
35.994476,0.43185735,-0.02425029,0.016364807,2016
35.574066,0.34094623,0.02327353,0.0047403215,2016
34.634125,0.46176377,-0.029431157,-0.0222702,2016
33.595062,0.48712212,-0.078354865,-0.05388802,2016
30.829865,0.6126964,-0.23257199,-0.14841354,2016
38.694733,0.2349511,0.06359975,0.08500638,2016
36.975464,0.3275739,0.0044141137,0.042461406,2016
37.409576,0.3773956,0.00096698996,0.053572986,2016
36.05258,0.4614385,-0.09745704,0.01795012,2016
34.015472,0.5152589,-0.063392974,-0.040862616,2016
35.912445,0.34193304,0.0784176,0.014117987,2016
37.628326,0.40613994,-0.054997977,0.059074983,2016
38.86905,0.23377801,0.06521063,0.08910986,2016
32.87384,0.5671797,-0.122672684,-0.07700936,2016
31.079376,0.588727,-0.17273152,-0.13919383,2016
37.48477,0.44048518,-0.020822562,0.055471543,2016
37.324127,0.31117025,-0.015346853,0.051406253,2016
31.916779,0.5858074,-0.19720438,-0.10930473,2016
36.076508,0.42922327,0.002373322,0.01860141,2016
34.82553,0.44575068,-0.00839786,-0.016651653,2016
35.748383,0.46499887,-0.03247092,0.00959341,2016
36.288452,0.3432726,-0.0005752671,0.024333319,2016
38.22989,0.26123267,0.041195694,0.073880814,2016
40.116608,0.24382833,0.044874772,0.117437,2016
36.684937,0.47112885,-0.024238883,0.034878153,2016
33.912933,0.419689,0.02250071,-0.044009767,2016
34.545258,0.38152093,-0.009161908,-0.024899976,2016
39.316803,0.32654977,0.16016404,0.0994834,2016
38.082916,0.33528325,0.00788458,0.07030666,2016
38.37686,0.22543094,0.06497901,0.07742759,2016
37.44034,0.2665179,0.06936906,0.054350592,2016
39.767975,0.23240194,0.07530062,0.10969986,2016
32.802063,0.53868645,-0.112771936,-0.079366066,2016
35.160492,0.48559034,-0.074754134,-0.00696639,2016
38.038483,0.26413167,0.06394071,0.06922066,2016
38.27774,0.3403337,0.12961295,0.07503857,2016
36.066254,0.40660837,-0.020343542,0.018322391,2016
32.14923,0.5518383,-0.14830446,-0.101284,2016
31.482697,0.53449124,-0.113055006,-0.124599785,2016
32.279114,0.5729895,-0.109167635,-0.09685272,2016
32.104767,0.41954625,0.0185251,-0.10280924,2016
32.357727,0.5546524,-0.13367799,-0.09418791,2016
30.614532,0.59920835,-0.17944479,-0.15649107,2016
36.17563,0.44733092,-0.018100573,0.021290438,2016
37.901764,0.3497013,-0.017734298,0.06586317,2016
31.916779,0.5227972,-0.12092496,-0.10930473,2016
36.96521,0.38966155,0.06467575,0.042195793,2016
33.10968,0.58271766,-0.1601813,-0.06933783,2016
37.399323,0.23075852,0.109852,0.0533135,2016
37.72403,0.26848003,0.0681935,0.06146204,2016
34.869965,0.490522,-0.06840318,-0.015356168,2016
37.41983,0.38845563,-0.008753,0.05383233,2016
34.162445,0.38017228,-0.0068067773,-0.03638465,2016
36.548218,0.4272642,0.00037107978,0.031267848,2016
36.062836,0.27337557,0.095560685,0.01822935,2016
34.128265,0.48919448,-0.07714751,-0.037422597,2016
33.222504,0.45737195,-0.047914136,-0.065706365,2016
37.211304,0.23835585,0.06365237,0.048530146,2016
38.335846,0.35230008,0.1224794,0.07644053,2016
36.059418,0.35710618,-0.04696516,0.01813629,2016
34.53842,0.49011478,-0.05271082,-0.025102828,2016
36.907104,0.2821956,0.08060289,0.04068785,2016
31.15799,0.586507,-0.14348221,-0.13631958,2016
38.387115,0.31791815,0.025062373,0.077674024,2016
32.026154,0.5544678,-0.11639206,-0.10551626,2016
35.30063,0.2974726,0.03189005,-0.0029689271,2016
37.836823,0.28869107,0.065787114,0.06425986,2016
30.03006,0.6326762,-0.22760853,-0.17899977,2016
34.705902,0.32049525,0.012938961,-0.020155983,2016
37.108765,0.25169554,0.11345406,0.04590104,2016
36.89685,0.39466244,-0.0011537693,0.04042125,2016
40.7558,0.28343555,0.016636027,0.13127862,2016
35.50229,0.34795907,0.020203853,0.0027281386,2016
34.569183,0.4125745,-0.020596625,-0.024190629,2016
36.066254,0.42331097,0.0011428072,0.018322391,2016
33.738617,0.4443005,-0.03200917,-0.049403824,2016
31.397247,0.57879424,-0.15314044,-0.12766044,2016
35.375824,0.47137958,-0.06736918,-0.0008370033,2016
37.898346,0.27622125,0.088171706,0.06577892,2016
33.75229,0.44835413,-0.020827249,-0.048978746,2016
38.390533,0.46722013,-0.04160654,0.077756144,2016
35.3143,0.5222647,-0.20199905,-0.0025806292,2016
33.793304,0.52873224,-0.093639694,-0.04770558,2016
34.972504,0.45671096,-0.04786406,-0.012379154,2016
36.801147,0.39415833,-0.03621515,0.037925825,2016
37.129272,0.34712473,0.05320925,0.046428025,2016
36.537964,0.3785777,-0.034346465,0.030995985,2016
37.696686,0.4673206,-0.027420161,0.060781263,2016
34.986176,0.5542691,-0.12250841,-0.011983537,2016
35.529633,0.47719142,-0.028744828,0.0034956431,2016
38.643463,0.48179442,-0.08643032,0.083792426,2016
36.637085,0.26811582,0.11804751,0.033617612,2016
33.031067,0.55460644,-0.16887696,-0.07188284,2016
34.0394,0.39699304,0.021759082,-0.04013101,2016
35.73471,0.37634698,-0.036187865,0.009214487,2016
36.524292,0.29288146,0.03695002,0.030633265,2016
37.751373,0.27474487,0.07356413,0.062141836,2016
39.080963,0.39311913,0.055164557,0.0940491,2016
38.53409,0.22851332,0.09820696,0.08119187,2016
36.97888,0.32012045,-0.009866733,0.042549912,2016
35.78598,0.33894107,0.048344705,0.010633957,2016
30.241974,0.62557137,-0.2016656,-0.17073819,2016
36.281616,0.45005056,-0.09389084,0.02414949,2016
38.352936,0.4585705,-0.021048233,0.07685206,2016
35.170746,0.3373065,-0.03145609,-0.006672813,2016
36.20981,0.3362378,0.018545946,0.022214277,2016
33.974457,0.41705897,-0.057201426,-0.042119198,2016
34.44272,0.45640048,-0.035217363,-0.027951196,2016
37.669342,0.2787007,0.06477283,0.060099494,2016
33.20883,0.41088837,-0.030922683,-0.066145115,2016
39.043365,0.24124876,0.12533128,0.0931767,2016
30.118927,0.6054442,-0.20244706,-0.17552108,2016
37.87784,0.28022876,0.08038857,0.06527311,2016
35.844086,0.4012094,0.032627873,0.01223778,2016
36.35681,0.31816837,0.04191759,0.026167803,2016
32.176575,0.60866565,-0.20112878,-0.10034812,2016
30.211212,0.58574367,-0.17444219,-0.17193025,2016
34.343597,0.43537366,0.0002482546,-0.030918026,2016
37.095093,0.34287208,0.055142384,0.045549396,2016
37.457428,0.3247117,0.038726192,0.05478204,2016
36.30896,0.36840507,0.067249924,0.02488439,2016
28.26294,0.6767106,-0.29919842,-0.25271592,2016
34.196625,0.5337494,-0.10519637,-0.035348777,2016
36.59607,0.42680055,-0.021828609,0.032534525,2016
37.13611,0.41083735,0.083429374,0.046603557,2016
37.112183,0.35999683,0.033290844,0.045988914,2016
37.190796,0.27672854,0.091016844,0.048005488,2016
35.293793,0.36653438,-0.003554009,-0.0031631887,2016
32.477356,0.5760205,-0.1400979,-0.09015752,2016
31.301544,0.6134966,-0.2188591,-0.13110821,2016
38.103424,0.38142183,0.07145117,0.07080703,2016
35.068207,0.5142392,-0.08046627,-0.0096163135,2016
37.515533,0.34724575,0.038948983,0.05624603,2016
37.245514,0.42162877,0.023434767,0.049404077,2016
32.935364,0.5474935,-0.09040445,-0.0749975,2016
36.15854,0.46300504,-0.07579385,0.020827865,2016
34.316254,0.49906585,-0.047133405,-0.031739477,2016
38.39395,0.28790742,0.06547902,0.07783824,2016
31.024689,0.538239,-0.11573462,-0.1412019,2016
31.783478,0.5966533,-0.17655803,-0.11395719,2016
38.400787,0.18996312,0.09310125,0.0780024,2016
36.08676,0.45253462,-0.026598372,0.01888027,2016
37.546295,0.36328435,0.027380904,0.05701925,2016
34.562347,0.32580388,0.114885345,-0.024393199,2016
36.473022,0.44084036,0.031942952,0.029270643,2016
36.654175,0.4091169,0.00039933078,0.034068182,2016
36.44226,0.26928636,0.04484833,0.028451229,2016
36.19272,0.3688242,0.055006415,0.021752575,2016
38.308502,0.28242436,0.054237135,0.07578131,2016
36.305542,0.38703996,0.050967228,0.024792587,2016
39.631256,0.19670464,0.05486227,0.10662853,2016
32.880676,0.4910226,-0.016333587,-0.076785445,2016
32.190247,0.54558617,-0.13466555,-0.099880785,2016
37.13269,0.3502401,0.114458345,0.0465158,2016
36.86609,0.34905022,0.048542198,0.039620563,2016
36.927612,0.31148893,0.056150287,0.04122061,2016
38.205963,0.28016236,0.052035395,0.073300846,2016
36.719116,0.34746185,-0.0028409862,0.03577653,2016
38.592194,0.43998638,-0.060639836,0.08257525,2016
28.139893,0.64572006,-0.26239327,-0.25819364,2016
30.901642,0.55486685,-0.11588209,-0.14574604,2016
32.692688,0.5531577,-0.14086673,-0.08297714,2016
37.170288,0.26573196,0.062558986,0.047480248,2016
34.64096,0.45008382,-0.033751775,-0.022068469,2016
33.28061,0.5093807,-0.070621766,-0.063845724,2016
36.975464,0.43921906,-0.013019443,0.042461406,2016
33.837738,0.53583515,-0.07646492,-0.0463298,2016
34.64438,0.28761455,0.069869354,-0.021967633,2016
28.9021,0.6700032,-0.30091193,-0.22501251,2016
31.663849,0.557294,-0.20423785,-0.11816582,2016
34.18979,0.5244164,-0.118931964,-0.035555787,2016
35.139984,0.39983323,-0.03411367,-0.0075540594,2016
35.08188,0.50651354,-0.067682505,-0.009222852,2016
38.875885,0.26023787,0.053731393,0.089270025,2016
35.24936,0.48181826,-0.019886207,-0.0044277264,2016
32.75763,0.5820853,-0.12993483,-0.08083016,2016
34.40512,0.51086503,-0.05368698,-0.029074533,2016
36.148285,0.32497665,0.10689622,0.020550111,2016
30.06424,0.6170254,-0.18259881,-0.17765938,2016
34.900726,0.49066287,-0.06491706,-0.014461228,2016
33.923187,0.49861214,-0.040690564,-0.043694194,2016
37.433502,0.42973647,0.028856307,0.0541779,2016
35.63559,0.49533975,-0.04395353,0.0064585977,2016
34.1727,0.45254576,-0.018631313,-0.03607367,2016
33.861664,0.43967023,-0.016354766,-0.04559049,2016
33.56772,0.4226343,-0.04992342,-0.0547465,2016
40.06192,0.34940434,0.106144644,0.11623223,2016
36.804565,0.33209205,0.060858898,0.03801517,2016
38.134186,0.2559892,0.1028114,0.07155658,2016
37.146362,0.33226654,0.03139017,0.046866734,2016
38.322174,0.2308102,0.096016966,0.07611103,2016
38.472565,0.29399592,0.013462371,0.07972255,2016
37.559967,0.2167117,0.08939127,0.057362493,2016
35.65268,0.34911624,0.0102616465,0.0069348444,2016
34.955414,0.27719638,0.05442458,-0.01287411,2016
35.611664,0.3467576,-0.0074455375,0.005791085,2016
38.503326,0.37271106,0.040034708,0.0804578,2016
36.514038,0.43164113,0.010668071,0.030361047,2016
40.345642,0.15758458,0.07182373,0.12244714,2016
36.807983,0.40295157,0.009242469,0.038104497,2016
34.5726,0.4210113,0.00975033,-0.024089374,2016
33.44809,0.48135328,-0.14188536,-0.05851886,2016
35.58432,0.3641627,0.011456704,0.0050271135,2016
39.497955,0.30739418,0.022342943,0.1036135,2016
35.93637,0.3610807,0.026845206,0.014774369,2016
30.795685,0.5813961,-0.14302032,-0.14968814,2016
33.895844,0.4997866,-0.07433294,-0.044536144,2016
40.150787,0.26841527,0.067020215,0.11818831,2016
37.18396,0.35290504,0.014413606,0.04783047,2016
35.881683,0.48097965,-0.02122055,0.01327278,2016
38.199127,0.16797647,0.10217763,0.07313501,2016
38.257233,0.3030261,0.02329805,0.07454274,2016
34.278656,0.58189857,-0.17386068,-0.032871116,2016
33.796722,0.5005099,-0.10264601,-0.04759962,2016
38.274323,0.2296039,0.08054639,0.07495597,2016
37.023315,0.40700576,0.046272654,0.043698996,2016
40.526794,0.36880085,0.052174397,0.12636974,2016
36.33972,0.42562988,-0.015592732,0.025709828,2016
40.102936,0.26507732,0.03891676,0.11713611,2016
32.89435,0.59735394,-0.20337014,-0.076337904,2016
36.640503,0.4414609,-0.0060436977,0.03370776,2016
34.114594,0.45253745,0.030344866,-0.037838355,2016
36.801147,0.29337472,0.073276564,0.037925825,2016
34.965668,0.52294177,-0.124033295,-0.012577078,2016
35.55014,0.2906835,0.07761287,0.0040704967,2016
36.47986,0.42166153,-0.010978211,0.029452547,2016
29.148224,0.62040097,-0.2645563,-0.21466865,2016
36.671265,0.41086414,0.022780793,0.034518335,2016
38.34268,0.30385873,0.15849972,0.076605186,2016
34.565765,0.5321399,-0.08443576,-0.024291905,2016
35.478363,0.46533477,-0.08586959,0.0020556017,2016
36.36023,0.3251519,0.049005874,0.026259346,2016
38.588776,0.18898872,0.048622526,0.08249399,2016
35.796234,0.37943378,0.06377363,0.010917363,2016
35.310883,0.52558845,-0.08444695,-0.0026776756,2016
34.012054,0.45944166,0.0116033815,-0.04096722,2016
29.756622,0.66745085,-0.2568924,-0.18983376,2016
36.404663,0.31791708,0.015434163,0.027447842,2016
38.19229,0.29167792,0.0524791,0.072969116,2016
36.025238,0.34988922,0.00620121,0.017204726,2016
38.609283,0.30806807,0.025170099,0.08298133,2016
33.34897,0.52697754,-0.14475565,-0.06166503,2016
37.7753,0.39714888,0.008724713,0.06273585,2016
30.412872,0.6036903,-0.1977517,-0.16415948,2016
37.6044,0.35572118,0.0646427,0.05847632,2016
34.569183,0.37206978,0.055690844,-0.024190629,2016
36.490112,0.38383186,0.0392382,0.029725276,2016
33.31479,0.5321086,-0.13670121,-0.06275426,2016
32.0159,0.52691334,-0.1166475,-0.10587034,2016
34.080414,0.53467315,-0.10298893,-0.03887922,2016
29.872833,0.62832594,-0.23931262,-0.18520507,2016
33.29428,0.5139468,-0.08696415,-0.06340887,2016
35.611664,0.3801099,-0.030842941,0.005791085,2016
40.085846,0.34170717,0.03209018,0.116759725,2016
33.83432,0.40683728,-0.0831563,-0.0464355,2016
37.474518,0.43264702,-0.001352507,0.055213097,2016
31.72879,0.60532916,-0.2331352,-0.115877196,2016
34.493988,0.45029864,0.034207642,-0.026423318,2016
39.72696,0.3315281,0.10660773,0.108780675,2016
35.758636,0.30058643,0.041446038,0.009877413,2016
37.68985,0.31019288,0.11330355,0.060610913,2016
35.621918,0.5030589,-0.0518752,0.0060772714,2016
37.67276,0.3068166,0.0830573,0.06018477,2016
34.8768,0.37651944,0.07674966,-0.015157157,2016
35.967133,0.32129228,0.057740573,0.0156170055,2016
35.66635,0.45486912,-0.059758604,0.007315513,2016
33.858246,0.4868062,-0.02726799,-0.045696042,2016
37.60782,0.3848441,0.08915373,0.05856189,2016
36.739624,0.27452418,0.11178706,0.036314752,2016
36.049164,0.28713197,0.07881021,0.017857008,2016
39.91153,0.35725033,0.12714662,0.11290211,2016
28.310791,0.6442229,-0.27979717,-0.25059852,2016
35.368988,0.2892361,0.04270496,-0.00103044,2016
36.650757,0.33655116,0.06875279,0.033978105,2016
40.625916,0.20874876,0.06036037,0.12850127,2016
34.31967,0.49652115,-0.024178976,-0.031636726,2016
36.93445,0.39441267,-0.0033131645,0.041398063,2016
41.716278,0.19562317,0.12925489,0.15128013,2016
35.58432,0.3638863,0.0053359927,0.0050271135,2016
37.395905,0.28557694,0.06858414,0.053226974,2016
33.46176,0.52163625,-0.08051374,-0.05808637,2016
32.395325,0.54641825,-0.14091164,-0.09291801,2016
38.017975,0.21404576,0.17442968,0.06871858,2016
38.168365,0.38640088,-0.029056968,0.07238801,2016
33.6976,0.53944397,-0.12900342,-0.050681125,2016
37.43692,0.33532798,0.04385805,0.054264255,2016
35.324554,0.43864822,-0.06671527,-0.0022896032,2016
37.177124,0.31179285,0.095376454,0.047655392,2016
33.06183,0.55631685,-0.09468901,-0.070885524,2016
32.72345,0.5469573,-0.13501477,-0.08195908,2016
35.792816,0.38595328,0.070765704,0.010822913,2016
36.507202,0.4144128,-0.01829205,0.030179484,2016
35.97055,0.24141912,0.050609823,0.015710544,2016
35.375824,0.4464039,-0.12719269,-0.0008370033,2016
31.892853,0.57400024,-0.17679882,-0.110136926,2016
36.32263,0.33088198,-0.02511577,0.025251424,2016
37.65909,0.35245878,0.091236115,0.059843574,2016
29.28836,0.6333085,-0.21718633,-0.20885679,2016
29.202911,0.6467615,-0.2471524,-0.21239397,2016
40.23282,0.314637,0.12216233,0.11998625,2016
37.238678,0.40334582,0.039612126,0.049229577,2016
37.009644,0.3345852,0.07786529,0.043345727,2016
33.89926,0.5373262,-0.11874776,-0.044430826,2016
33.054993,0.5504025,-0.10710333,-0.071106985,2016
36.045746,0.35306537,0.062959805,0.017763877,2016
36.298706,0.3339177,0.050437663,0.024608932,2016
32.51837,0.54946846,-0.12406171,-0.08878249,2016
36.55847,0.35832852,0.011607159,0.03153956,2016
35.946625,0.28127462,0.093056425,0.015055408,2016
38.506744,0.20241259,0.08776749,0.08053942,2016
35.423676,0.3322628,0.07153923,0.000514963,2016
37.68985,0.22634916,0.10548695,0.060610913,2016
28.221924,0.6558046,-0.2980551,-0.2545365,2016
30.429962,0.59123534,-0.18807772,-0.16350567,2016
36.39099,0.47429693,-0.04063126,0.02708246,2016
31.116974,0.6129897,-0.22375344,-0.13781738,2016
35.9227,0.4395701,-0.044849724,0.0143994,2016
34.64438,0.5280036,-0.08179341,-0.021967633,2016
35.39633,0.35168603,0.018805547,-0.00025714154,2016
41.196716,0.189185,0.13521451,0.14057632,2016
34.401703,0.38466662,-0.017772324,-0.029176775,2016
31.667267,0.5598033,-0.1185648,-0.11804514,2016
37.3378,0.3869948,0.015136909,0.051753595,2016
32.95587,0.5443578,-0.08683523,-0.07432855,2016
39.258698,0.2903499,0.08118915,0.09815058,2016
29.534454,0.63522995,-0.22559372,-0.19878408,2016
36.585815,0.25780332,0.107451335,0.032263372,2016
40.321716,0.26306587,0.14163357,0.12192643,2016
33.6019,0.4860445,-0.058092166,-0.053673618,2016
32.450012,0.55863357,-0.11697378,-0.09107613,2016
37.10193,0.4564984,-0.038209766,0.045725252,2016
32.952454,0.51750076,-0.055582676,-0.07443998,2016
40.455017,0.3093989,0.14597304,0.12481971,2016
36.537964,0.46146953,0.0014896883,0.030995985,2016
38.04532,0.40991184,0.017924545,0.069387905,2016
33.68393,0.5205069,-0.07553065,-0.05110758,2016
29.84549,0.5854914,-0.18853417,-0.18629093,2016
33.472015,0.55393857,-0.11528055,-0.05776223,2016
30.351349,0.6565438,-0.2522736,-0.16651928,2016
30.744415,0.55070454,-0.13857731,-0.15160537,2016
36.56189,0.35354158,-0.012080136,0.031630095,2016
33.704437,0.56879115,-0.12331295,-0.050468024,2016
33.284027,0.4831926,-0.11268042,-0.063736476,2016
36.32263,0.38024145,0.04100999,0.025251424,2016
37.929108,0.32736143,-0.05423429,0.066536605,2016
34.234222,0.45851228,-0.07301042,-0.03421171,2016
29.619904,0.6638166,-0.2805953,-0.19532576,2016
38.6127,0.26467666,0.048777036,0.08306251,2016
37.091675,0.39656562,0.04093235,0.045461446,2016
32.73712,0.5599085,-0.12620291,-0.08150723,2016
40.219147,0.17405689,0.030230388,0.1196871,2016
36.066254,0.4160837,-0.012633029,0.018322391,2016
39.183502,0.37591943,0.09296497,0.09641988,2016
31.793732,0.5970455,-0.16382451,-0.11359792,2016
31.031525,0.56947726,-0.20682497,-0.1409505,2016
29.934357,0.61972487,-0.22645614,-0.18276915,2016
34.213715,0.45602456,-0.01344703,-0.034831617,2016
36.790894,0.37206167,-0.007162349,0.037657686,2016
34.781097,0.498094,-0.049242157,-0.017950447,2016
37.491608,0.36617234,-0.014918702,0.05564376,2016
33.540375,0.5164032,-0.12644649,-0.055606384,2016
36.26111,0.36613774,0.028897954,0.023597589,2016
36.47986,0.36130488,-0.047058716,0.029452547,2016
37.614655,0.21688282,0.12076118,0.058732983,2016
34.076996,0.5161682,-0.1535512,-0.03898342,2016
40.140533,0.25842017,0.04823462,0.11796305,2016
39.552643,0.20204669,0.08423195,0.1048529,2016
37.08142,0.39908835,0.024018414,0.045197494,2016
35.967133,0.44981784,-0.04123824,0.0156170055,2016
35.208344,0.49561414,-0.044380616,-0.005597825,2016
35.895355,0.395082,-0.0026788635,0.013648606,2016
36.989136,0.30433324,0.0007416466,0.04281533,2016
36.49695,0.42034656,-0.026509833,0.02990701,2016
31.421173,0.6252443,-0.20165393,-0.12680177,2016
38.961334,0.28046808,-0.016336065,0.09126742,2016
33.7352,0.4817854,-0.06404342,-0.049510147,2016
35.861176,0.46339592,-0.052831545,0.012708504,2016
36.500366,0.42780176,0.06648011,0.029997852,2016
36.500366,0.43572143,0.001498208,0.029997852,2016
30.597443,0.61717546,-0.19147108,-0.15713702,2016
39.344147,0.23398885,0.12349906,0.10010925,2016
39.94571,0.20516875,0.035726383,0.113661155,2016
38.134186,0.2538874,0.094287075,0.07155658,2016
34.47348,0.5280547,-0.08539701,-0.027033923,2016
40.06192,0.29117876,0.10801917,0.11623223,2016
36.44226,0.33552647,0.04049722,0.028451229,2016
32.463684,0.5525021,-0.1686107,-0.09061663,2016
32.043243,0.5189574,-0.08458078,-0.10492665,2016
39.296295,0.24324608,0.1107832,0.09901344,2016
33.24643,0.51850384,-0.08920633,-0.06493943,2016
36.555054,0.45136508,-0.02202515,0.031449005,2016
31.786896,0.5921502,-0.20168656,-0.11383741,2016
30.966583,0.62375516,-0.2229177,-0.14334324,2016
38.421295,0.3016371,0.037305284,0.07849453,2016
34.699066,0.49083936,-0.14792746,-0.02035696,2016
39.27237,0.19804436,0.11936655,0.09846454,2016
31.263947,0.5645303,-0.15083125,-0.13246846,2016
35.844086,0.53875977,-0.11338284,0.01223778,2016
33.991547,0.49381042,-0.01710032,-0.041595254,2016
35.95346,0.45308912,0.0041160444,0.015242678,2016
38.523834,0.22728868,0.09589385,0.0809473,2016
38.961334,0.35966724,0.008037045,0.09126742,2016
38.424713,0.28242475,0.051332705,0.0785765,2016
32.244934,0.59810674,-0.17615056,-0.09801538,2016
34.781097,0.4394959,-0.004339761,-0.017950447,2016
31.74588,0.58518314,-0.15305316,-0.115276486,2016
35.307465,0.4219016,0.014820834,-0.0027747406,2016
37.228394,0.3275996,0.09043255,0.048966922,2016
37.112183,0.36546114,-0.0217416,0.045988914,2016
39.86026,0.17691404,0.06091468,0.11176109,2016
35.792816,0.36067402,0.03202989,0.010822913,2016
33.232758,0.43843508,-0.012753006,-0.06537754,2016
39.597076,0.2666318,0.06968428,0.10585738,2016
35.522797,0.4991117,-0.062252834,0.0033038778,2016
38.308502,0.31682685,-0.0029926891,0.07578131,2016
34.049652,0.36320832,0.055014793,-0.03981778,2016
31.397247,0.54946375,-0.1675705,-0.12766044,2016
36.81482,0.35112226,0.03935166,0.038283106,2016
38.318756,0.24538298,0.10201518,0.07602863,2016
32.562805,0.53223014,-0.13488777,-0.08729679,2016
37.594147,0.43314853,-0.08430122,0.05821952,2016
31.212677,0.61452013,-0.19166964,-0.13432865,2016
36.00473,0.27921754,0.079420775,0.01664494,2016
42.15036,0.18259569,0.122749306,0.16002062,2016
33.215668,0.503655,-0.058778025,-0.065925695,2016
31.698029,0.5866016,-0.13520719,-0.116960116,2016
28.987549,0.654475,-0.23516954,-0.22140144,2016
34.063324,0.3720132,0.03701397,-0.039400432,2016
33.95395,0.5085911,-0.116675854,-0.042748626,2016
28.826904,0.6345901,-0.24610794,-0.22820798,2016
37.42325,0.38371372,0.007142664,0.053918745,2016
32.16974,0.52526546,-0.06612707,-0.100581944,2016
34.12143,0.48289138,-0.08475394,-0.037630435,2016
34.545258,0.4556911,-0.013651787,-0.024899976,2016
32.863586,0.40770623,-0.08415114,-0.0773454,2016
30.689728,0.59853476,-0.17499508,-0.15365747,2016
35.676605,0.26367885,0.04365363,0.0076008234,2016
34.275238,0.47227728,-0.0045763417,-0.032974113,2016
33.78647,0.5356364,-0.13922524,-0.04791756,2016
35.844086,0.35619053,0.009809304,0.01223778,2016
39.94571,0.22367035,0.081763834,0.113661155,2016
32.060333,0.54840064,-0.12891491,-0.10433767,2016
36.4115,0.3439846,0.059446305,0.02763043,2016
37.416412,0.26551214,0.14936416,0.0537459,2016
33.417328,0.5425078,-0.11722803,-0.05949326,2016
36.818237,0.404076,0.049577985,0.038372386,2016
30.395782,0.6158311,-0.22034007,-0.16481403,2016
37.409576,0.21767698,0.11005724,0.053572986,2016
40.796814,0.2411729,0.22477883,0.13215199,2016
35.153656,0.4691568,-0.026580473,-0.007162204,2016
32.726868,0.5645086,-0.123541184,-0.08184609,2016
35.239105,0.49564672,-0.10381715,-0.004719996,2016
35.604828,0.51592714,-0.08942217,0.005600202,2016
35.591156,0.41951308,0.020752158,0.005218216,2016
40.82074,0.31487566,0.19128366,0.13266066,2016
37.375397,0.39703223,0.052392058,0.052707482,2016
32.25177,0.5677185,-0.19961238,-0.09778266,2016
31.386993,0.57952225,-0.12854794,-0.12802884,2016
36.418335,0.36691153,0.052959975,0.027812948,2016
37.51895,0.33208624,-0.028533388,0.056332003,2016
33.031067,0.572965,-0.1567436,-0.07188284,2016
34.141937,0.4217364,-0.042856477,-0.037007168,2016
35.878265,0.4001016,0.02785808,0.013178779,2016
36.975464,0.3441832,0.037169226,0.042461406,2016
31.099884,0.59296745,-0.15167198,-0.13844262,2016
33.386566,0.5425533,-0.12531213,-0.060469456,2016
33.871918,0.46900198,-0.020584082,-0.045273963,2016
38.975006,0.15893094,0.07026781,0.091586195,2016
40.0961,0.3525441,0.12007167,0.1169856,2016
38.906647,0.2734614,0.11298776,0.0899901,2016
32.241516,0.5180686,-0.079673484,-0.09813178,2016
36.295288,0.4271119,0.022607554,0.024517078,2016
39.696198,0.19408855,0.047651954,0.10809005,2016
39.62442,0.33642557,0.100337826,0.10647441,2016
37.23181,0.47442514,-0.013033539,0.04905423,2016
35.574066,0.46333796,-0.09689007,0.0047403215,2016
29.284943,0.64059675,-0.26575604,-0.20899789,2016
40.037994,0.25322697,0.19835725,0.11570412,2016
39.060455,0.34049228,0.022189686,0.09357345,2016
35.63217,0.5271411,-0.080149814,0.0063632936,2016
28.232178,0.6293804,-0.2556562,-0.25408086,2016
34.029144,0.4711685,-0.08575968,-0.04044443,2016
29.12088,0.65693694,-0.25618327,-0.2158092,2016
32.525208,0.52198356,-0.081970595,-0.08855366,2016
33.571136,0.570224,-0.231323,-0.054639116,2016
32.125275,0.5987105,-0.21365787,-0.102105245,2016
37.80948,0.40976706,-0.060949303,0.063583136,2016
33.605316,0.5628047,-0.19026054,-0.05356645,2016
36.076508,0.37711838,-0.014667421,0.01860141,2016
29.493439,0.66500765,-0.2728507,-0.2004512,2016
38.568268,0.23032148,0.0915184,0.08200613,2016
37.48819,0.36792436,-0.04135341,0.055557657,2016
35.126312,0.4827066,-0.019890808,-0.00794622,2016
33.04132,0.5394695,-0.08283396,-0.07155019,2016
38.05899,0.37802503,0.02042171,0.069722205,2016
37.58731,0.3012944,0.06886549,0.058048237,2016
37.53946,0.21971497,0.071359366,0.05684753,2016
38.821198,0.237256,0.05111826,0.08798708,2016
28.433838,0.63185287,-0.24755304,-0.2451866,2016
38.63321,0.16688423,0.093741074,0.083549246,2016
37.847076,0.46903187,-0.035532456,0.06451338,2016
34.764008,0.4108739,-0.02214456,-0.018450867,2016
37.259186,0.20715928,0.037476707,0.049752887,2016
34.49057,0.46017024,-0.016164228,-0.026525036,2016
37.50528,0.3756276,-0.0015295888,0.055988006,2016
38.59903,0.27283737,0.04503888,0.08273772,2016
34.415375,0.5207293,-0.09083698,-0.028767925,2016
28.36206,0.6388347,-0.25683713,-0.24833785,2016
31.84842,0.56774896,-0.1519025,-0.111685745,2016
37.84366,0.3902015,0.06939249,0.06442889,2016
34.81186,0.40072486,-0.0073605203,-0.01705093,2016
29.295197,0.63663185,-0.22417918,-0.20857471,2016
33.540375,0.38943204,0.05426182,-0.055606384,2016
38.24356,0.21615526,0.051092155,0.074211895,2016
37.980377,0.25170052,0.06378283,0.067796685,2016
31.151154,0.61168545,-0.19891346,-0.13656895,2016
29.302032,0.6486357,-0.24595252,-0.20829275,2016
33.909515,0.5449113,-0.09023654,-0.044115,2016
37.833405,0.24767835,0.04747811,0.06417532,2016
38.53067,0.21692957,0.10247232,0.08111036,2016
38.862213,0.18482575,0.1182211,0.08894963,2016
37.63858,0.2597819,0.065927185,0.05933132,2016
37.782135,0.26351213,0.029598514,0.06290543,2016
34.938324,0.528693,-0.07627352,-0.01336955,2016
38.62979,0.3190219,0.030243466,0.08346816,2016
33.065247,0.53437907,-0.08709831,-0.07077482,2016
37.980377,0.29796275,0.039853927,0.067796685,2016
34.176117,0.40613195,-0.010278493,-0.03597005,2016
36.295288,0.31619743,0.044695117,0.024517078,2016
33.91635,0.5176033,-0.09623855,-0.043904554,2016
35.368988,0.2592013,0.06688586,-0.00103044,2016
35.748383,0.4017991,-0.012196966,0.00959341,2016
30.320587,0.6414401,-0.21618716,-0.16770276,2016
35.823578,0.3215929,0.00026214906,0.011672319,2016
35.225433,0.5237075,-0.10045402,-0.0051099528,2016
33.376312,0.53571993,-0.17979735,-0.060795255,2016
35.386078,0.44900766,-0.022501826,-0.0005469884,2016
35.60141,0.25969064,0.09323681,0.005504733,2016
35.71762,0.37555352,-0.037710983,0.008740425,2016
34.88022,0.5163963,-0.12499536,-0.015057679,2016
35.389496,0.3996398,-0.01766814,-0.00045035413,2016
35.898773,0.25797933,0.08875425,0.013742518,2016
38.571686,0.30795777,0.030881725,0.08208747,2016
36.018402,0.36250737,0.04293,0.017018203,2016
38.626373,0.26598564,0.04174195,0.083387055,2016
37.802643,0.22393371,0.09642618,0.0634138,2016
31.54422,0.55042595,-0.12933673,-0.12240638,2016
34.85971,0.5021605,-0.029268758,-0.015654834,2016
39.350983,0.20298767,0.09079691,0.10026558,2016
37.946198,0.28549275,0.06217566,0.06695701,2016
36.032074,0.43390253,-0.013997349,0.01739118,2016
34.432465,0.5225279,-0.17923534,-0.028257316,2016
32.138947,0.52159345,-0.13658212,-0.10163641,2016
34.196625,0.50103444,-0.10435924,-0.035348777,2016
34.418793,0.4913761,-0.046664592,-0.028665762,2016
30.641876,0.63617295,-0.2706247,-0.15545906,2016
38.68448,0.27678576,0.078817256,0.08476384,2016
31.978302,0.5425058,-0.16434571,-0.10717053,2016
34.30258,0.52869946,-0.07155279,-0.032150697,2016
37.812897,0.33593372,-6.679385e-05,0.063667774,2016
38.120514,0.24377632,0.1299155,0.0712236,2016
33.560883,0.4969124,-0.05582518,-0.05496134,2016
35.58432,0.42064157,0.012098244,0.0050271135,2016
36.25769,0.30721518,0.08233263,0.023505544,2016
38.763092,0.27934748,0.07152758,0.08661998,2016
29.332794,0.64129066,-0.24129167,-0.2070256,2016
35.3519,0.43134233,-0.027684558,-0.0015143589,2016
35.358734,0.4584559,-0.08649305,-0.0013207352,2016
39.74063,0.29901615,-0.0017568904,0.10908728,2016
37.966705,0.41470164,0.044127975,0.06746099,2016
33.625824,0.52781194,-0.07821906,-0.0529239,2016
33.8685,0.49554628,-0.045208395,-0.04537945,2016
30.95633,0.61092156,-0.23102446,-0.14372195,2016
37.41983,0.26681066,0.04635595,0.05383233,2016
40.711365,0.2748192,0.09254946,0.13033046,2016
33.5643,0.50167227,-0.075174585,-0.05485391,2016
32.14923,0.5446179,-0.1039143,-0.101284,2016
34.856293,0.37296924,-0.0063591455,-0.015754428,2016
36.06967,0.28698546,0.0697288,0.018415416,2016
39.87735,0.29059225,0.11845766,0.11214176,2016
34.750336,0.44177693,-0.0349307,-0.018851558,2016
40.581482,0.24776968,0.0983243,0.12754706,2016
39.850006,0.30234888,0.11619232,0.11153254,2016
33.188324,0.49568042,-0.043056894,-0.06680391,2016
32.870422,0.4462222,-0.03416743,-0.07712135,2016
36.295288,0.42537245,0.027995775,0.024517078,2016
31.841583,0.55674595,-0.15551634,-0.11192441,2016
37.19763,0.2178523,0.11443256,0.04818044,2016
33.472015,0.3645339,0.054965153,-0.05776223,2016
37.580475,0.21603553,0.123202994,0.057876896,2016
31.5784,0.61834276,-0.21496613,-0.12119151,2016
37.409576,0.44476542,-0.01883859,0.053572986,2016
37.057495,0.43001065,-0.014676122,0.044581033,2016
35.963715,0.43751693,-0.027376218,0.01552345,2016
37.614655,0.2748424,0.013611462,0.058732983,2016
30.385529,0.62710106,-0.23166944,-0.1652071,2016
31.469025,0.5099446,-0.07807043,-0.12508836,2016
36.920776,0.30809706,0.0584917,0.041043088,2016
35.006683,0.40071243,0.0034691053,-0.011390691,2016
35.372406,0.5465247,-0.103350095,-0.00093371223,2016
31.082794,0.54199547,-0.15810657,-0.13906856,2016
33.660004,0.48694748,-0.050979655,-0.05185472,2016
33.48227,0.44527817,0.00043337976,-0.05743829,2016
33.926605,0.5093245,-0.14085254,-0.043589048,2016
35.488617,0.47299084,-0.10243981,0.0023439429,2016
36.452515,0.29302073,0.07167535,0.02872452,2016
37.580475,0.41520435,0.029037498,0.057876896,2016
36.753296,0.42484757,-0.010930689,0.036673233,2016
32.576477,0.5447906,-0.15916535,-0.08684047,2016
32.92511,0.48118022,-0.039672744,-0.075332284,2016
32.138947,0.5356345,-0.088171154,-0.10163641,2016
35.673187,0.44003507,-0.014969201,0.007505738,2016
32.764465,0.44456547,-0.06151533,-0.08060465,2016
39.501373,0.30916488,0.082108445,0.10369107,2016
38.588776,0.41794458,-0.07548676,0.08249399,2016
38.704987,0.3788578,0.0017171508,0.08524878,2016
37.549713,0.47140798,-0.025123032,0.057105083,2016
33.622406,0.47985363,-0.14327046,-0.053030934,2016
33.22592,0.51063615,-0.09905642,-0.06559674,2016
35.645844,0.47454855,-0.033992235,0.0067444006,2016
34.76059,0.47314742,-0.023792263,-0.01855101,2016
38.400787,0.3802523,-0.02289475,0.0780024,2016
37.894928,0.24127637,0.06759201,0.06569466,2016
36.671265,0.3243134,0.032520745,0.034518335,2016
34.582855,0.46402544,-0.011265533,-0.023785729,2016
32.986633,0.5669491,-0.20020379,-0.073326685,2016
33.889008,0.4182161,0.055560287,-0.044746842,2016
32.969543,0.54363656,-0.08466303,-0.07388304,2016
35.90561,0.35354462,0.045276184,0.013930288,2016
36.202972,0.32631502,0.040570177,0.022029648,2016
38.660553,0.2405804,0.04514423,0.08419743,2016
32.074005,0.56838953,-0.15247256,-0.103866935,2016
35.389496,0.5257953,-0.07940223,-0.00045035413,2016
38.841705,0.39757985,0.049015738,0.08846861,2016
39.197174,0.4028829,0.036025465,0.096735045,2016
28.003143,0.6387135,-0.26389375,-0.26433784,2016
38.11026,0.29462546,0.019282594,0.0709737,2016
35.53305,0.4977417,-0.051395763,0.0035914981,2016
33.93686,0.5125939,-0.1156414,-0.043273732,2016
38.43155,0.3755492,-0.017501848,0.078740396,2016
28.293701,0.66153365,-0.2574935,-0.25135392,2016
40.236237,0.15509395,0.019363226,0.120061,2016
33.74887,0.4456768,-0.006690626,-0.049084984,2016
33.571136,0.5141782,-0.054563127,-0.054639116,2016
36.633667,0.26314577,0.020792976,0.03352745,2016
36.062836,0.30706167,0.044555098,0.01822935,2016
35.775726,0.39769566,-0.042762496,0.0103503885,2016
30.269318,0.60499424,-0.22287917,-0.1696806,2016
39.13565,0.22625186,0.14724089,0.09531506,2016
37.08484,0.34702295,0.0038164547,0.045285493,2016
35.64926,0.27039346,0.05628979,0.0068396316,2016
36.876343,0.34841257,0.038837686,0.039887607,2016
31.30838,0.5642803,-0.15421735,-0.13086124,2016
39.245026,0.28183347,0.029599769,0.0978364,2016
37.1532,0.2945035,0.03218966,0.0470421,2016
37.3378,0.281108,0.0076881824,0.051753595,2016
38.790436,0.21283385,0.08325115,0.08726383,2016
35.792816,0.34206071,-0.03775645,0.010822913,2016
37.057495,0.26503107,0.07162077,0.044581033,2016
35.11606,0.42689773,0.051814236,-0.0082405405,2016
39.822662,0.1962253,0.053961296,0.110922486,2016
38.828033,0.21185565,0.082862236,0.08814765,2016
31.950958,0.5780595,-0.16146588,-0.10811805,2016
32.82257,0.5783665,-0.19100875,-0.07869167,2016
34.45981,0.36426044,0.034433085,-0.027441397,2016
32.583313,0.49839273,-0.06539539,-0.086612456,2016
34.483734,0.45783162,0.006142039,-0.02672853,2016
33.670258,0.55420893,-0.14250135,-0.05153439,2016
36.056,0.37822863,-0.0037695696,0.018043213,2016
33.523285,0.5588632,-0.10072945,-0.05614452,2016
36.514038,0.4575983,-0.04306738,0.030361047,2016
37.795807,0.29535213,0.048630487,0.0632444,2016
35.580902,0.45374966,-0.018446073,0.0049315346,2016
33.608734,0.54582006,-0.1160861,-0.053459305,2016
39.494537,0.25087395,0.07546625,0.10353593,2016
33.321625,0.4507235,-0.03543653,-0.06253623,2016
40.608826,0.276227,0.0359748,0.1281345,2016
37.26602,0.37567788,0.0009626632,0.049927197,2016
37.59073,0.37627503,0.115926966,0.058133885,2016
37.112183,0.31135455,0.04753879,0.045988914,2016
28.536377,0.6614174,-0.28386408,-0.24071229,2016
36.131195,0.46739873,-0.020786244,0.020086836,2016
37.160034,0.26605514,0.12092531,0.04721741,2016
38.349518,0.41715574,-0.07260644,0.076769784,2016
38.84854,0.31340733,0.028837595,0.08862901,2016
39.043365,0.33959183,-0.019876543,0.0931767,2016
36.144867,0.28459808,0.07583824,0.020457491,2016
36.93103,0.362683,-0.003488431,0.04130934,2016
35.75522,0.28042188,0.059564684,0.009782763,2016
37.600983,0.27927867,0.044395737,0.058390737,2016
32.15265,0.61955756,-0.22119966,-0.10116693,2016
37.747955,0.3190129,0.050571993,0.062056914,2016
37.542877,0.29899704,0.063446455,0.056933396,2016
35.105804,0.46578857,-0.026632821,-0.008535033,2016
39.62442,0.2023666,0.12949559,0.10647441,2016
36.63025,0.45812127,0.0018539405,0.033437267,2016
32.84308,0.5686613,-0.21877347,-0.078018114,2016
35.58432,0.42389503,-0.006981702,0.0050271135,2016
34.449554,0.48617613,-0.05666829,-0.027747216,2016
35.389496,0.39880836,0.0075998446,-0.00045035413,2016
30.057404,0.5908746,-0.15619954,-0.17792721,2016
34.97934,0.40003377,-0.055817157,-0.012181306,2016
38.22647,0.40003216,0.05059584,0.07379801,2016
36.19272,0.42261982,-0.015321762,0.021752575,2016
35.656097,0.5132865,-0.0517309,0.007030039,2016
37.82657,0.24882007,0.060786672,0.0640062,2016
35.269867,0.44493863,-0.007897351,-0.003843698,2016
38.233307,0.3144494,0.028552072,0.073963605,2016
33.16095,0.5652585,-0.17367844,-0.067684546,2016
36.483276,0.43172657,-0.02822746,0.029543474,2016
37.7377,0.22076608,0.12680742,0.061802063,2016
32.901184,0.55755717,-0.17329213,-0.07611427,2016
37.628326,0.40967277,0.08757531,0.059074983,2016
38.61612,0.24602005,0.14178671,0.08314367,2016
38.205963,0.38515258,0.06760532,0.073300846,2016
37.112183,0.33081466,0.05646219,0.045988914,2016
37.276276,0.27456996,0.08098967,0.050188545,2016
29.531036,0.63865507,-0.22117867,-0.19892283,2016
31.646759,0.5756139,-0.17281456,-0.11876965,2016
37.525787,0.21582195,0.13806245,0.05650391,2016
36.168793,0.33189192,0.05604956,0.02110546,2016
30.576935,0.64794064,-0.2657718,-0.1579131,2016
40.8891,0.35837522,0.052549258,0.13411069,2016
36.250854,0.3316329,0.07459245,0.023321405,2016
35.98764,0.39136598,-0.031009877,0.016177963,2016
37.93936,0.3555145,-0.047097392,0.06678889,2016
39.0878,0.22463062,0.04251075,0.09420754,2016
35.11606,0.39201066,-0.028470369,-0.0082405405,2016
35.21176,0.44301158,-0.014133428,-0.005500213,2016
33.2601,0.42915148,-0.001746586,-0.06450168,2016
37.409576,0.4486362,-0.0256269,0.053572986,2016
34.025726,0.46402705,-0.04263663,-0.040548947,2016
35.762054,0.41500744,-0.016179927,0.009972044,2016
34.03598,0.52612567,-0.07012322,-0.040235464,2016
37.14978,0.2618697,0.12356042,0.046954427,2016
35.809906,0.38990775,-0.0034938182,0.011294985,2016
30.429962,0.6548678,-0.25159055,-0.16350567,2016
29.387482,0.5979169,-0.21035907,-0.20477943,2016
37.207886,0.33397025,0.017190937,0.048442744,2016
35.341644,0.29366368,0.04506232,-0.0018049349,2016
38.154694,0.24272563,0.07335285,0.072055615,2016
33.000305,0.50407743,-0.051355354,-0.072882004,2016
33.694183,0.5480968,-0.14308026,-0.050787706,2016
33.454926,0.41596308,-0.04501244,-0.05830257,2016
37.62149,0.2643058,0.09140997,0.058904015,2016
36.893433,0.4211112,0.025633968,0.040332355,2016
37.761627,0.3637328,0.08823909,0.062396504,2016
37.68985,0.2603164,0.078417435,0.060610913,2016
38.61612,0.2993318,0.04965342,0.08314367,2016
38.000885,0.29874557,0.052124742,0.06829976,2016
36.507202,0.45412135,-0.03544431,0.030179484,2016
36.72937,0.3876595,-0.03722659,0.036045715,2016
40.188385,0.19464728,0.0451989,0.11901327,2016
36.39099,0.39421943,-0.0378372,0.02708246,2016
34.111176,0.39762342,0.039474707,-0.03794235,2016
39.0878,0.23695739,0.08445538,0.09420754,2016
35.488617,0.34203455,0.040300675,0.0023439429,2016
35.980804,0.417307,0.006445569,0.015991049,2016
30.672638,0.6064598,-0.19935563,-0.15430026,2016
34.141937,0.42717296,-0.015297035,-0.037007168,2016
38.09317,0.1824503,0.044493016,0.07055692,2016
31.390411,0.61077696,-0.18865807,-0.12790601,2016
39.932037,0.28759325,0.09102916,0.11335769,2016
33.974457,0.46174157,-0.07709151,-0.042119198,2016
29.920685,0.628848,-0.24594231,-0.1833096,2016
33.776215,0.4887936,-0.049142778,-0.048235692,2016
37.08484,0.44429463,-0.042916752,0.045285493,2016
38.872467,0.22101955,0.09029333,0.08918995,2016
36.890015,0.25532556,0.03494246,0.040243436,2016
40.913025,0.36801055,0.06811632,0.13461706,2016
38.021393,0.25090685,0.05305896,0.0688023,2016
38.24356,0.32430696,0.08854752,0.074211895,2016
33.90268,0.48733285,-0.085497364,-0.04432553,2016
30.016388,0.6152501,-0.21722353,-0.17953679,2016
32.696106,0.5241082,-0.105669156,-0.08286393,2016
32.92169,0.54105175,-0.10959426,-0.07544393,2016
31.639923,0.60469836,-0.19533284,-0.11901137,2016
35.68344,0.41723216,0.03670848,0.007790939,2016
37.665924,0.21690094,0.064605206,0.060014203,2016
33.906097,0.5327832,-0.08737477,-0.044220254,2016
34.34018,0.49560428,-0.0614704,-0.031020636,2016
39.183502,0.2364848,0.07604271,0.09641988,2016
37.36856,0.28654936,0.08142964,0.052534193,2016
28.539795,0.65129626,-0.28556374,-0.2405637,2016
34.179535,0.46066982,-0.02669239,-0.035866454,2016
35.437347,0.35750648,0.06732504,0.00090056844,2016
35.577484,0.37346396,0.00012540119,0.004835937,2016
34.599945,0.40876707,0.002402424,-0.023280054,2016
34.11801,0.4894695,-0.02457026,-0.037734386,2016
38.828033,0.19270565,0.105160095,0.08814765,2016
32.962708,0.4067853,-0.03516786,-0.07410575,2016
28.929443,0.6644436,-0.2897203,-0.22385465,2016
32.03299,0.55295205,-0.1223651,-0.10528035,2016
37.228394,0.3138333,0.037040357,0.048966922,2016
35.7894,0.36935368,0.027682837,0.010728444,2016
35.4476,0.247299,0.1131709,0.0011895774,2016
36.602905,0.39565954,0.02796185,0.032715205,2016
36.083344,0.35659295,0.007917289,0.018787336,2016
38.510162,0.25706613,0.080254205,0.08062103,2016
35.782562,0.38437593,-0.05848746,0.010539453,2016
40.308044,0.21212673,0.12307375,0.1216286,2016
33.037903,0.52127117,-0.14480728,-0.07166105,2016
32.853333,0.527102,-0.09668215,-0.07768165,2016
31.428009,0.5996453,-0.17846037,-0.12655668,2016
32.364563,0.58484536,-0.17347334,-0.0939568,2016
37.41983,0.4268804,-0.0046230424,0.05383233,2016
39.99356,0.26844844,0.14976156,0.11472165,2016
30.457306,0.5092671,-0.05675966,-0.16246112,2016
38.28116,0.20713945,0.21793097,0.07512116,2016
29.332794,0.6472048,-0.23403993,-0.2070256,2016
39.245026,0.25382906,0.02025382,0.0978364,2016
39.50479,0.27408054,0.101772755,0.10376862,2016
32.849915,0.537795,-0.10403444,-0.077793784,2016
36.989136,0.43140495,-0.09594636,0.04281533,2016
30.060822,0.62965924,-0.2338627,-0.17779328,2016
37.255768,0.44132897,0.0076045156,0.04966571,2016
38.383698,0.41135758,-0.030647337,0.077591896,2016
34.92807,0.45382202,-0.026563773,-0.013667047,2016
37.108765,0.24087799,0.102811426,0.04590104,2016
33.82065,0.46427605,-0.08623312,-0.04685852,2016
38.76651,0.23400623,0.050012566,0.086700514,2016
38.845123,0.26421317,0.07583674,0.08854882,2016
35.97055,0.40188777,0.038860667,0.015710544,2016
35.19809,0.5144361,-0.044560242,-0.005890776,2016
29.578888,0.62032014,-0.25845495,-0.19698326,2016
38.892975,0.32058147,0.07902117,0.08967021,2016
29.093536,0.6303515,-0.26611823,-0.21695188,2016
34.13852,0.48978445,-0.06787483,-0.03711099,2016
31.824493,0.6150927,-0.24006374,-0.112521514,2016
37.915436,0.19472885,0.12181378,0.06620001,2016
35.604828,0.23546804,0.12518051,0.005600202,2016
37.68643,0.22265592,0.1125371,0.060525715,2016
32.28595,0.5522357,-0.15925159,-0.09662048,2016
35.90561,0.42263508,-0.025066232,0.013930288,2016
34.832367,0.25220513,0.11858668,-0.016452132,2016
32.53546,0.58539665,-0.19864589,-0.08821059,2016
37.78897,0.28749737,0.046958584,0.06307495,2016
35.11264,0.5323021,-0.12703253,-0.008338686,2016
36.09018,0.38475707,0.011986751,0.018973188,2016
37.224976,0.42804632,-0.028511552,0.0488796,2016
30.573517,0.6034681,-0.18158455,-0.15804256,2016
38.332428,0.33056706,0.016160915,0.07635818,2016
38.205963,0.20157835,0.05323207,0.073300846,2016
34.213715,0.43086585,-0.03978394,-0.034831617,2016
39.822662,0.20132563,0.09329194,0.110922486,2016
34.114594,0.4089718,0.036034383,-0.037838355,2016
31.687775,0.5775476,-0.14820994,-0.11732156,2016
37.11902,0.4887172,-0.08689109,0.046164606,2016
32.53546,0.4672322,0.024903357,-0.08821059,2016
28.204834,0.64651716,-0.28766134,-0.25529665,2016
38.06241,0.38958493,0.04336125,0.06980575,2016
34.182953,0.4743089,-0.09099497,-0.035762876,2016
39.94571,0.2872665,0.076120496,0.113661155,2016
29.380646,0.58285964,-0.22595449,-0.20505975,2016
40.714783,0.24553306,0.09021801,0.13040347,2016
35.368988,0.43388772,0.012988179,-0.00103044,2016
36.3739,0.24159478,0.13290094,0.026625346,2016
39.921783,0.20985164,0.08929623,0.11312996,2016
35.88852,0.3330953,0.08930742,0.013460729,2016
36.54138,0.36279804,0.07335679,0.031086624,2016
38.643463,0.24977614,0.04687741,0.083792426,2016
38.59561,0.236443,0.08309203,0.082656495,2016
36.018402,0.38571197,-0.02039306,0.017018203,2016
30.556427,0.5966928,-0.20457108,-0.15869024,2016
39.333893,0.2080901,0.07795265,0.09987466,2016
37.450592,0.28642303,0.087744124,0.054609507,2016
33.789886,0.4231176,0.016902898,-0.04781156,2016
38.1752,0.2908531,0.1148156,0.07255411,2016
32.43976,0.5696409,-0.13838774,-0.09142101,2016
34.32309,0.4213498,-0.033075836,-0.031533994,2016
34.42563,0.5167125,-0.07551274,-0.0284615,2016
34.10092,0.5059588,-0.07145878,-0.03825445,2016
37.614655,0.40450498,0.016226606,0.058732983,2016
36.100433,0.42751104,0.0033285783,0.019251838,2016
35.034027,0.50111103,-0.10279998,-0.010601309,2016
34.764008,0.4418398,-0.009371345,-0.018450867,2016
35.997894,0.3345128,-0.0026953279,0.016458202,2016
35.673187,0.35401872,-0.006277109,0.007505738,2016
37.078003,0.33451402,0.03541023,0.045109477,2016
28.491943,0.62005115,-0.24977319,-0.2426472,2016
35.765472,0.4243318,0.021240767,0.010066657,2016
35.139984,0.42925715,-0.054939833,-0.0075540594,2016
34.835785,0.42188627,-0.06702871,-0.016352402,2016
35.83725,0.40109804,-0.034816686,0.012049365,2016
33.974457,0.48755407,-0.13133083,-0.042119198,2016
39.59024,0.22092761,0.06843597,0.10570299,2016
35.427094,0.3927612,-0.0047851102,0.00061139226,2016
36.220093,0.23828152,0.043166794,0.022491911,2016
33.810394,0.509619,-0.064936124,-0.047176007,2016
33.560883,0.5797466,-0.14912865,-0.05496134,2016
36.36023,0.4807791,-0.082448095,0.026259346,2016
33.44467,0.48149723,-0.042054094,-0.05862704,2016
34.76059,0.4093596,-0.006415956,-0.01855101,2016
36.421753,0.29569283,0.07971097,0.027904183,2016
39.046783,0.32429147,0.030472612,0.09325608,2016
39.682526,0.26224637,0.018152868,0.10778276,2016
34.79477,0.44018093,-0.0035598795,-0.017550465,2016
37.272858,0.38426265,0.0003630863,0.050101444,2016
32.87726,0.54151195,-0.15783751,-0.07689739,2016
30.139435,0.63599074,-0.23235829,-0.17472123,2016
31.096466,0.6328652,-0.21974029,-0.13856776,2016
36.616577,0.31300685,0.093125194,0.033076372,2016
32.798645,0.5268171,-0.10514258,-0.07947855,2016
39.54239,0.23118304,0.104881905,0.10462077,2016
28.256104,0.65378,-0.2416802,-0.25301898,2016
32.429504,0.558612,-0.14335866,-0.091766104,2016
30.792267,0.52637666,-0.14869957,-0.14981575,2016
36.770386,0.32246694,0.014372295,0.03712096,2016
29.062744,0.6393337,-0.24007669,-0.21824124,2016
35.88852,0.43880734,-0.016252203,0.013460729,2016
33.97104,0.5156116,-0.09274877,-0.04222405,2016
35.403168,0.37150759,0.015020319,-6.40036e-05,2016
34.617035,0.47741973,-0.08913785,-0.022774877,2016
32.35431,0.50733817,-0.117414616,-0.094303496,2016
32.682434,0.5491059,-0.16030568,-0.083316915,2016
32.566223,0.5506615,-0.114634246,-0.08718268,2016
36.514038,0.4245889,-0.020168714,0.030361047,2016
35.659515,0.46034408,-0.02062986,0.007125215,2016
34.84604,0.49795866,-0.12534234,-0.016053326,2016
37.799225,0.42797992,-0.0136803705,0.06332911,2016
34.835785,0.4631751,0.00193329,-0.016352402,2016
31.103302,0.6039791,-0.16574459,-0.13831753,2016
39.511627,0.22420731,0.059923828,0.10392368,2016
32.781555,0.53661215,-0.15057185,-0.080041304,2016
37.443756,0.33401877,-0.015244844,0.05443691,2016
35.80307,0.33083978,0.03326261,0.01110621,2016
39.634674,0.24619064,0.09265787,0.10670557,2016
37.399323,0.4181172,0.054178927,0.0533135,2016
35.36557,0.3357528,0.010507428,-0.0011271863,2016
38.838287,0.19376595,0.104231626,0.08838839,2016
32.665344,0.5169963,-0.06286539,-0.08388368,2016
37.060913,0.3342627,0.0071931332,0.044669148,2016
35.881683,0.49673706,-0.067151785,0.01327278,2016
39.344147,0.22472118,0.12230065,0.10010925,2016
29.031982,0.6646829,-0.29063103,-0.21953207,2016
34.66147,0.54939234,-0.12197849,-0.021463752,2016
35.08188,0.49718183,-0.09110802,-0.009222852,2016
34.493988,0.5199053,-0.06851612,-0.026423318,2016
40.564392,0.20633125,0.0507142,0.12717949,2016
41.015564,0.22732303,0.049857173,0.13678053,2016
38.106842,0.29375452,0.0370919,0.070890374,2016
36.8114,0.3203268,0.04758568,0.03819381,2016
36.45935,0.37709558,-0.011044554,0.028906628,2016
40.31488,0.2849304,0.13471627,0.121777534,2016
32.009064,0.5219716,-0.15872958,-0.106106505,2016
30.474396,0.65118235,-0.2395249,-0.1618092,2016
28.956787,0.6458141,-0.29500735,-0.22269897,2016
34.07016,0.52127695,-0.080012634,-0.039191883,2016
34.367523,0.5046578,-0.04739121,-0.030200327,2016
36.25769,0.40565014,0.012560077,0.023505544,2016
39.95938,0.23119064,0.0571868,0.113964416,2016
30.153107,0.6242836,-0.19811483,-0.17418858,2016
36.548218,0.3233137,0.006338217,0.031267848,2016
32.84308,0.53259575,-0.08359154,-0.078018114,2016
31.968048,0.56036454,-0.1285975,-0.10752566,2016
38.000885,0.282903,0.053141452,0.06829976,2016
34.989594,0.52642936,-0.12976308,-0.011884681,2016
36.22351,0.29495087,0.05270601,0.022584148,2016
39.94571,0.2761454,0.15597266,0.113661155,2016
37.330963,0.3004619,0.04497562,0.051579956,2016
33.26352,0.52458495,-0.12631114,-0.0643923,2016
38.00772,0.3188331,0.023617249,0.068467334,2016
36.315796,0.39901066,0.0074106203,0.025067942,2016
35.997894,0.37607622,0.02548292,0.016458202,2016
30.761505,0.6118411,-0.26600748,-0.15096559,2016
35.731293,0.28529498,0.13441326,0.009119711,2016
35.64926,0.41594705,0.009965596,0.0068396316,2016
40.058502,0.21841586,0.08809173,0.11615683,2016
39.70645,0.24730927,0.07200511,0.10832038,2016
34.251312,0.4053904,-0.046835747,-0.033695683,2016
34.91098,0.36284393,0.066080615,-0.014163264,2016
38.845123,0.3459306,0.0061672754,0.08854882,2016
39.856842,0.3601216,0.08140516,0.111684926,2016
36.059418,0.47727394,-0.10051454,0.01813629,2016
38.711823,0.25635517,0.056489985,0.08541031,2016
35.16391,0.39111862,0.04850869,-0.0068685124,2016
35.345062,0.45702022,-0.035599113,-0.0017080575,2016
30.881134,0.55472785,-0.15992415,-0.14650692,2016
33.76596,0.5128609,-0.048279434,-0.048554014,2016
39.350983,0.27581784,0.03420594,0.10026558,2016
28.310791,0.63638335,-0.2726174,-0.25059852,2016
36.599487,0.42129177,0.021516632,0.032624874,2016
33.7352,0.49724984,-0.07394382,-0.049510147,2016
35.242523,0.44115633,-0.017700631,-0.004622554,2016
34.27182,0.45358703,-0.041037187,-0.033077136,2016
36.9823,0.2518738,0.09758923,0.042638402,2016
33.472015,0.56143373,-0.20769608,-0.05776223,2016
35.43393,0.42285693,-0.0002512801,0.000804195,2016
32.83966,0.53900754,-0.15910679,-0.07813031,2016
30.925568,0.61020154,-0.21660675,-0.14485963,2016
36.548218,0.511362,-0.08836202,0.031267848,2016
35.55014,0.48321155,-0.036392726,0.0040704967,2016
35.12973,0.45260218,0.022000965,-0.007848151,2016
30.81961,0.58487576,-0.14072849,-0.14879562,2016
34.292328,0.5866393,-0.17679258,-0.032459322,2016
36.86609,0.4268404,-0.01353464,0.039620563,2016
37.696686,0.395088,0.08485309,0.060781263,2016
36.250854,0.41644877,-0.018429017,0.023321405,2016
38.6127,0.32960892,0.116136454,0.08306251,2016
33.1644,0.49413934,-0.033007033,-0.06757353,2016
37.901764,0.22382295,0.10468943,0.06586317,2016
40.04825,0.23734492,0.07640945,0.11593053,2016
34.45639,0.4616252,-0.1268732,-0.027543318,2016
33.150696,0.47596028,-0.04251702,-0.0680148,2016
40.037994,0.20663695,0.057486005,0.11570412,2016
39.59366,0.30369315,-0.022401031,0.10578019,2016
34.429047,0.3795264,0.021111634,-0.028359398,2016
34.10092,0.49193743,-0.031535946,-0.03825445,2016
37.060913,0.33844626,0.012569765,0.044669148,2016
31.940704,0.55536276,-0.16327748,-0.10847379,2016
36.62683,0.37994727,-0.011509386,0.033347066,2016
32.849915,0.5769057,-0.20303221,-0.077793784,2016
33.608734,0.4257533,-0.0062448718,-0.053459305,2016
36.196136,0.42956325,-0.021672616,0.021844951,2016
36.807983,0.46197397,-0.098477066,0.038104497,2016
38.86563,0.4469738,0.00912154,0.08902975,2016
31.185333,0.6169681,-0.22524141,-0.13532324,2016
31.082794,0.56950617,-0.13861276,-0.13906856,2016
34.37436,0.49740085,-0.04349831,-0.029995454,2016
31.574982,0.5898566,-0.2320012,-0.12131288,2016
35.809906,0.41491294,-0.05929886,0.011294985,2016
32.996887,0.576949,-0.17253166,-0.072993144,2016
37.272858,0.28986704,0.047238212,0.050101444,2016
35.368988,0.3968207,0.00802673,-0.00103044,2016
36.07309,0.46250406,-0.06607381,0.018508421,2016
29.889923,0.61234987,-0.25642723,-0.18452743,2016
39.279205,0.30590886,0.053202096,0.098621435,2016
37.142944,0.29628214,0.049081963,0.046779025,2016
36.302124,0.3091008,0.078686275,0.024700768,2016
36.230347,0.3640583,-0.032070395,0.022768566,2016
32.497864,0.48368198,-0.049353223,-0.08946957,2016
33.16095,0.49709365,-0.13173462,-0.067684546,2016
37.23181,0.32367745,0.011751372,0.04905423,2016
37.618073,0.35541788,0.023811752,0.058818508,2016
34.77768,0.50973564,-0.049991954,-0.018050492,2016
41.24115,0.19919154,0.09969661,0.14150226,2016
31.773224,0.54943264,-0.16025165,-0.11431669,2016
35.90219,0.38484132,-0.0134006655,0.013836412,2016
41.234314,0.29048228,0.14938407,0.14135994,2016
39.621002,0.38435808,0.067297615,0.10639732,2016
38.267487,0.23453462,0.07662229,0.07479072,2016
34.35385,0.43881944,-0.05924256,-0.03061032,2016
31.110138,0.53080463,-0.09284021,-0.1380674,2016
30.009552,0.6209885,-0.25563937,-0.17980547,2016
30.638458,0.66348326,-0.30957454,-0.15558797,2016
30.252228,0.6238983,-0.23725447,-0.17034137,2016
38.236725,0.2854726,0.053865314,0.07404638,2016
33.998383,0.47995794,-0.13276051,-0.041385826,2016
37.515533,0.28615367,0.027043106,0.05624603,2016
34.480316,0.4802439,-0.06519417,-0.026830308,2016
40.07901,0.26059952,0.045549497,0.116609074,2016
38.71866,0.3197614,-0.0018579117,0.08557179,2016
37.460846,0.436057,0.0146778,0.054868285,2016
35.512543,0.44043714,0.00036697323,0.0030160912,2016
37.296783,0.29115918,0.035476074,0.0507108,2016
37.060913,0.50748545,-0.07002255,0.044669148,2016
30.607697,0.60757333,-0.18184139,-0.15674937,2016
32.193665,0.5549006,-0.13049524,-0.09976401,2016
38.872467,0.17711188,0.08243319,0.08918995,2016
34.74008,0.34309924,0.030717634,-0.019152282,2016
39.57315,0.29149798,-0.051453706,0.10531679,2016
35.420258,0.4568818,-0.015298045,0.00041851512,2016
38.61612,0.22101016,0.06980575,0.08314367,2016
36.903687,0.25734028,0.034937263,0.040599003,2016
39.17325,0.32134432,0.0679745,0.09618336,2016
32.26544,0.6008713,-0.19274957,-0.09731749,2016
38.947662,0.28315952,0.09442348,0.090948425,2016
35.040863,0.43988326,0.016260121,-0.0104041565,2016
35.24594,0.30617,0.07479977,-0.0045251306,2016
34.07016,0.45121282,-0.029877944,-0.039191883,2016
31.349396,0.59145385,-0.18005666,-0.12938169,2016
35.454437,0.45317975,-0.027264403,0.0013821571,2016
35.65268,0.3697479,0.03825265,0.0069348444,2016
38.93399,0.27020437,0.029293079,0.09062921,2016
35.95346,0.26772848,0.09772808,0.015242678,2016
38.66739,0.2603555,0.0551718,0.08435933,2016
35.724457,0.32255554,0.08046247,0.008930105,2016
37.259186,0.28973973,0.048357874,0.049752887,2016
37.409576,0.2552338,0.071205944,0.053572986,2016
35.608246,0.40040424,0.017218404,0.0056956527,2016
32.13553,0.507687,-0.072539926,-0.10175358,2016
29.06958,0.64225864,-0.24993637,-0.21795477,2016
35.03061,0.41049892,-0.03981165,-0.010699915,2016
39.19034,0.24367775,0.112531096,0.09657749,2016
39.08438,0.2511903,0.17531869,0.094128326,2016
31.15799,0.5547855,-0.12193371,-0.13631958,2016
36.555054,0.29507357,0.084033854,0.031449005,2016
36.88318,0.42527157,-0.03895009,0.040065557,2016
31.691193,0.56665987,-0.10392537,-0.11720105,2016
33.622406,0.5150152,-0.13290575,-0.053030934,2016
31.800568,0.5395931,-0.0657707,-0.11335854,2016
39.484283,0.22105923,0.027120061,0.10330312,2016
33.133606,0.5344388,-0.10186265,-0.06856567,2016
36.84558,0.343029,0.0072901864,0.03908603,2016
33.74887,0.39407226,0.025411654,-0.049084984,2016
37.426666,0.38648096,0.049704146,0.054005146,2016
35.22885,0.4020811,-0.048045497,-0.0050124354,2016
37.918854,0.27405268,0.08897065,0.06628418,2016
39.28604,0.287959,0.03404049,0.09877828,2016
33.386566,0.56522876,-0.21403484,-0.060469456,2016
36.514038,0.32602936,0.050742462,0.030361047,2016
34.179535,0.47064665,-0.011553196,-0.035866454,2016
33.642914,0.53054976,-0.096253835,-0.052389037,2016
38.24356,0.4522186,-0.045835707,0.074211895,2016
34.750336,0.4578153,0.00040593464,-0.018851558,2016
36.353394,0.48071232,-0.011732734,0.026076242,2016
34.989594,0.54862225,-0.11157674,-0.011884681,2016
38.475983,0.2611445,0.14877489,0.0798043,2016
28.098877,0.66261744,-0.23971938,-0.2600302,2016
38.035065,0.21328469,0.07986601,0.06913702,2016
36.08676,0.43831345,-0.07955695,0.01888027,2016
39.545807,0.22760686,0.07002291,0.10469816,2016
35.625336,0.3018483,0.07880043,0.0061726305,2016
33.22934,0.4823676,-0.062719606,-0.06548713,2016
34.873383,0.45398325,-0.0150779765,-0.015256653,2016
38.113678,0.3762657,0.06726593,0.07105702,2016
38.322174,0.26525486,0.01438743,0.07611103,2016
34.094086,0.464671,-0.05406857,-0.038462624,2016
34.16928,0.4949774,-0.053095583,-0.03617731,2016
34.47348,0.40781227,0.046143886,-0.027033923,2016
29.148224,0.64050025,-0.2657005,-0.21466865,2016
35.847504,0.3081884,0.025819724,0.012331961,2016
38.185455,0.18727149,0.09675648,0.072803155,2016
38.22989,0.24656433,0.0937729,0.073880814,2016
38.27774,0.4318059,-0.07313708,0.07503857,2016
38.523834,0.2603304,0.012247375,0.0809473,2016
30.498322,0.6094219,-0.18417005,-0.16089778,2016
36.100433,0.32044777,0.04958209,0.019251838,2016
29.15506,0.63457054,-0.24301574,-0.21438384,2016
36.555054,0.35073853,0.06322691,0.031449005,2016
39.532135,0.35883883,0.04501153,0.10438853,2016
33.013977,0.54797244,-0.16896395,-0.0724377,2016
38.53067,0.3151634,0.14401095,0.08111036,2016
34.28891,0.41102904,-0.050090637,-0.03256224,2016
32.26544,0.5438307,-0.15873538,-0.09731749,2016
32.03299,0.58174247,-0.19368319,-0.10528035,2016
31.609161,0.57975924,-0.15871729,-0.12010038,2016
29.705353,0.6331881,-0.27432987,-0.19188733,2016
31.065704,0.5757396,-0.18493932,-0.13969518,2016
38.57852,0.30703518,0.12347263,0.08225012,2016
37.26944,0.4402937,-0.0127928285,0.05001433,2016
28.249268,0.66364425,-0.2780809,-0.25332218,2016
36.753296,0.42795575,-0.00050714787,0.036673233,2016
35.874847,0.44927424,-0.008234257,0.01308476,2016
34.75717,0.43892846,-0.017176948,-0.018651173,2016
33.629242,0.55901575,-0.19265623,-0.052816883,2016
33.102844,0.5158355,-0.037860937,-0.06955866,2016
39.098053,0.23640516,0.1500314,0.094445094,2016
33.454926,0.5051828,-0.055212867,-0.05830257,2016
36.852417,0.34130272,-0.019350057,0.039264273,2016
39.18692,0.3408765,0.0608653,0.09649869,2016
36.47644,0.38196707,0.06341915,0.029361604,2016
38.855377,0.22955847,0.09219716,0.088789344,2016
32.326965,0.58550394,-0.18093635,-0.09522912,2016
35.881683,0.40770686,-0.020981885,0.01327278,2016
37.177124,0.36126083,0.033424854,0.047655392,2016
33.116516,0.5224742,-0.06360484,-0.0691171,2016
38.544342,0.29466417,0.00303767,0.08143629,2016
30.713654,0.64814484,-0.24927181,-0.15275878,2016
38.0419,0.27315268,0.07587292,0.069304295,2016
33.523285,0.41668102,-0.035109937,-0.05614452,2016
34.77768,0.5141029,-0.086372264,-0.018050492,2016
34.569183,0.46173474,-0.07835127,-0.024190629,2016
36.78064,0.370138,-0.022061935,0.037389398,2016
36.29187,0.37498295,0.06721487,0.024425207,2016
36.25769,0.41680798,0.0029727821,0.023505544,2016
39.080963,0.32345873,-0.00894774,0.0940491,2016
29.226837,0.6029361,-0.25161952,-0.21140148,2016
38.86905,0.16004723,0.066526555,0.08910986,2016
34.4393,0.44844845,-0.015222877,-0.028053215,2016
38.117096,0.42672458,0.02006201,0.07114032,2016
33.013977,0.50370365,-0.06590868,-0.0724377,2016
34.989594,0.35613805,0.019886738,-0.011884681,2016
33.26352,0.5081483,-0.06566438,-0.0643923,2016
29.74295,0.6244719,-0.24837486,-0.19038068,2016
39.162994,0.20614263,0.06499551,0.095946714,2016
31.824493,0.62144506,-0.208695,-0.112521514,2016
37.75821,0.26700252,0.09559572,0.06231163,2016
34.4393,0.44613215,-0.10429231,-0.028053215,2016
34.74008,0.36762276,0.03178999,-0.019152282,2016
29.370392,0.6383831,-0.27986872,-0.20548047,2016
39.313385,0.2065167,0.08373251,0.09940511,2016
28.980713,0.65535635,-0.25890866,-0.22168954,2016
35.0477,0.39903086,-0.00795655,-0.01020708,2016
30.990509,0.56988966,-0.21962956,-0.14246054,2016
32.340637,0.5830807,-0.18902828,-0.09476611,2016
37.21472,0.43134606,0.007483353,0.048617534,2016
31.414337,0.5797064,-0.18955076,-0.12704697,2016
37.009644,0.40308124,-0.011714869,0.043345727,2016
34.217133,0.49715358,-0.09740775,-0.034728248,2016
36.640503,0.3153519,0.06263829,0.03370776,2016
32.125275,0.57645655,-0.13762444,-0.102105245,2016
33.222504,0.51479226,-0.10449354,-0.065706365,2016
35.068207,0.20857933,0.103233926,-0.0096163135,2016
28.635498,0.6375074,-0.27653405,-0.23641759,2016
36.452515,0.3291469,0.054599024,0.02872452,2016
38.41446,0.20524925,0.10307032,0.07833055,2016
35.505707,0.35252756,0.07293989,0.0028241412,2016
32.10135,0.5097898,-0.0953755,-0.102926664,2016
32.610657,0.4912261,-0.07079221,-0.08570134,2016
33.147278,0.5520045,-0.12641002,-0.06812493,2016
35.39975,0.4560204,0.008500333,-0.00016056326,2016
36.29187,0.4038895,-0.00075752585,0.024425207,2016
33.41391,0.43371022,-0.0032018495,-0.05960164,2016
33.07892,0.39390597,0.036344428,-0.07033227,2016
29.483185,0.63142365,-0.23029143,-0.2008687,2016
36.32605,0.29941514,0.07913345,0.025343139,2016
36.3739,0.37711254,-0.068389475,0.026625346,2016
36.68152,0.37410313,0.0021475798,0.034788225,2016
37.881256,0.4290505,-0.037566908,0.065357454,2016
32.89435,0.4932824,-0.025018672,-0.076337904,2016
32.559387,0.55578816,-0.14134374,-0.087410934,2016
29.083252,0.6296179,-0.2484946,-0.21738221,2016
32.344055,0.5688353,-0.15743937,-0.094650425,2016
36.10385,0.36607265,-0.00037287836,0.019344686,2016
36.148285,0.31964085,0.02135049,0.020550111,2016
34.613617,0.47610635,-0.05919686,-0.022875873,2016
38.199127,0.26906154,0.07288117,0.07313501,2016
28.775635,0.6467432,-0.26779586,-0.23039627,2016
37.460846,0.26083258,0.16658604,0.054868285,2016
39.17325,0.20218393,0.09095038,0.09618336,2016
36.213226,0.35730648,0.013197765,0.022306565,2016
37.559967,0.30570185,0.09270649,0.057362493,2016
38.417877,0.44602138,0.021292992,0.07841255,2016
31.530548,0.56431735,-0.16384353,-0.12289306,2016
38.636627,0.26095697,0.10443624,0.08363032,2016
31.680939,0.5903218,-0.15560508,-0.117562644,2016
36.9823,0.47847778,-0.045830093,0.042638402,2016
37.1156,0.32685497,0.0949407,0.046076767,2016
36.985718,0.35334605,0.107684776,0.042726874,2016
38.6503,0.40736577,0.0062216297,0.08395447,2016
37.850494,0.3658185,0.015877921,0.06459785,2016
38.592194,0.23001213,0.085185476,0.08257525,2016
31.185333,0.6014087,-0.18543471,-0.13532324,2016
33.957367,0.40321928,-0.0078578815,-0.04264367,2016
37.597565,0.36513546,0.036045637,0.058305133,2016
37.142944,0.29818964,0.08001676,0.046779025,2016
30.833282,0.6223985,-0.22970748,-0.14828622,2016
31.752716,0.5968521,-0.19295008,-0.11503638,2016
30.19754,0.6319364,-0.22385593,-0.17246085,2016
36.36023,0.3916098,0.02175656,0.026259346,2016
35.625336,0.4203561,0.0062447763,0.0061726305,2016
34.99301,0.5232442,-0.075140245,-0.011785844,2016
34.347015,0.4692096,-0.00929627,-0.030815437,2016
35.76889,0.39614806,0.012930325,0.010161253,2016
38.892975,0.2848607,0.035230547,0.08967021,2016
33.58139,0.55437094,-0.13906194,-0.054317087,2016
33.6976,0.5578557,-0.09300822,-0.050681125,2016
37.6044,0.32567036,0.013251235,0.05847632,2016
39.142487,0.36545333,0.09413979,0.09547306,2016
34.16928,0.52416474,-0.13201681,-0.03617731,2016
28.382568,0.6329098,-0.2542473,-0.24743587,2016
35.539886,0.46679652,-0.03339403,0.0037831527,2016
34.62729,0.42550558,0.0023619032,-0.02247201,2016
35.99106,0.28674218,0.065882154,0.016271394,2016
38.773346,0.26799196,0.064018756,0.086861536,2016
33.93686,0.5383572,-0.14045423,-0.043273732,2016
34.329926,0.37054673,0.03810549,-0.03132859,2016
38.73575,0.23500922,0.071912505,0.08597522,2016
34.182953,0.49662638,-0.1185147,-0.035762876,2016
33.116516,0.53969926,-0.11172964,-0.0691171,2016
34.582855,0.5555032,-0.13054311,-0.023785729,2016
39.45352,0.23271157,0.018543307,0.10260397,2016
35.543304,0.30792966,0.0837671,0.0038789525,2016
39.15616,0.220317,0.059404973,0.09578889,2016
35.744965,0.35796916,-0.0066274027,0.009498707,2016
33.707855,0.47373894,-0.07482432,-0.050361507,2016
36.20639,0.4083705,0.006156583,0.022121971,2016
28.662842,0.62119824,-0.2500649,-0.23523808,2016
35.21176,0.3362976,0.016569883,-0.005500213,2016
37.75821,0.26799962,0.09954645,0.06231163,2016
36.1893,0.3453254,0.057434205,0.021660183,2016
39.429596,0.28302786,0.08995345,0.10205944,2016
31.961212,0.5323803,-0.1263686,-0.107762545,2016
40.444763,0.32204503,0.09635255,0.124597825,2016
43.247528,0.2752234,0.119065806,0.18133047,2016
37.481354,0.3873043,0.00031537644,0.05538541,2016
32.935364,0.5602456,-0.15287429,-0.0749975,2016
31.120392,0.64260393,-0.21434268,-0.1376924,2016
36.473022,0.24561466,0.06724939,0.029270643,2016
39.309967,0.368292,0.07959418,0.099326804,2016
39.159576,0.27427635,0.013708716,0.095867805,2016
33.994965,0.5213811,-0.146092,-0.04149053,2016
30.935822,0.6290487,-0.22062665,-0.14448015,2016
30.187286,0.6315036,-0.22882666,-0.1728591,2016
35.80307,0.5123466,-0.033340022,0.01110621,2016
38.722076,0.30872834,0.07052904,0.0856525,2016
37.600983,0.3193791,0.09274033,0.058390737,2016
35.437347,0.36628234,-0.03392887,0.00090056844,2016
35.57065,0.45972165,-0.034461,0.0046446873,2016
37.710358,0.36999217,0.02000901,0.061121777,2016
31.434845,0.6264757,-0.225217,-0.1263117,2016
37.93936,0.26185614,0.078517675,0.06678889,2016
39.125397,0.2264108,0.07272093,0.09507796,2016
31.89627,0.56670314,-0.1425608,-0.11001797,2016
34.699066,0.41791853,-0.004711398,-0.02035696,2016
34.261566,0.39393663,0.010815054,-0.033386316,2016
40.270416,0.33373615,0.11841291,0.12080786,2016
36.81482,0.31813738,0.01934382,0.038283106,2016
37.122437,0.21684897,0.09995834,0.04625243,2016
34.141937,0.5478569,-0.11731453,-0.037007168,2016
28.36206,0.6590485,-0.25545308,-0.24833785,2016
33.91635,0.49071825,-0.0628465,-0.043904554,2016
38.892975,0.21269195,0.073116586,0.08967021,2016
40.089264,0.27071968,0.08312043,0.11683503,2016
38.09659,0.3984182,0.0703471,0.0706403,2016
38.71524,0.3735531,0.094833545,0.085491054,2016
39.21768,0.17427725,0.12875572,0.09720738,2016
38.26407,0.36549336,0.06306205,0.074708074,2016
36.937866,0.29763845,0.06809494,0.041486766,2016
36.435425,0.3930942,0.043901145,0.028268948,2016
30.327423,0.60723454,-0.18618105,-0.16743957,2016
35.66977,0.3779318,0.04863229,0.007410635,2016
29.20633,0.6322016,-0.25999394,-0.21225208,2016
32.853333,0.51213354,-0.074337654,-0.07768165,2016
38.014557,0.31934172,0.07644062,0.068634845,2016
35.153656,0.33300593,0.048032917,-0.007162204,2016
30.594025,0.5585306,-0.2309784,-0.1572663,2016
36.534546,0.37437096,0.026282461,0.03090533,2016
34.586273,0.3739852,-0.037056174,-0.023684554,2016
36.144867,0.3055729,0.0419032,0.020457491,2016
39.682526,0.30442962,0.12663068,0.10778276,2016
33.321625,0.52451956,-0.07650998,-0.06253623,2016
35.201508,0.472331,-0.061358057,-0.0057931067,2016
31.698029,0.5633705,-0.11984346,-0.116960116,2016
32.84308,0.5637809,-0.17669114,-0.078018114,2016
36.267944,0.24274439,0.09293871,0.023781626,2016
38.83487,0.30885845,0.037230227,0.088308156,2016
35.28354,0.47661474,-0.031933174,-0.0034547225,2016
33.895844,0.5479183,-0.15795282,-0.044536144,2016
36.76355,0.42158642,0.004884208,0.03694192,2016
36.633667,0.4078398,-0.02531799,0.03352745,2016
35.95346,0.34643182,0.018869583,0.015242678,2016
34.295746,0.5201299,-0.09053862,-0.032356426,2016
38.568268,0.30793738,0.04541647,0.08200613,2016
36.688354,0.20911495,0.053951193,0.034968067,2016
30.24881,0.59241706,-0.1931247,-0.1704736,2016
30.378693,0.5843044,-0.17347997,-0.1654693,2016
37.13269,0.25162357,0.085728265,0.0465158,2016
34.200043,0.53089684,-0.095249616,-0.035245303,2016
32.460266,0.55554813,-0.13136068,-0.090731464,2016
30.310333,0.6304219,-0.24908692,-0.16809781,2016
35.88852,0.4094382,-0.0017502103,0.013460729,2016
35.60141,0.3499629,0.025960583,0.005504733,2016
35.006683,0.282347,0.07124725,-0.011390691,2016
37.929108,0.26556462,0.055123042,0.066536605,2016
39.699615,0.22466439,0.059090935,0.108166836,2016
33.66684,0.54164785,-0.09657105,-0.051641144,2016
37.92569,0.3296924,0.02565288,0.06645248,2016
30.04715,0.63551486,-0.22684033,-0.1783292,2016
32.832825,0.439452,-0.013492434,-0.07835478,2016
30.296661,0.6200894,-0.2467546,-0.16862492,2016
37.94278,0.31112587,0.12727967,0.066872954,2016
29.008057,0.63477117,-0.25448743,-0.22053795,2016
35.659515,0.38174713,-0.03335001,0.007125215,2016
37.074585,0.3332648,0.118305996,0.045021445,2016
34.917816,0.50452083,-0.09439399,-0.013964719,2016
35.505707,0.42258108,0.06641399,0.0028241412,2016
36.8114,0.33437276,0.008430497,0.03819381,2016
34.090668,0.48201397,-0.0149969645,-0.038566742,2016
35.714203,0.46228373,-0.0052115554,0.008645559,2016
37.819733,0.2973436,0.03386032,0.06383702,2016
37.474518,0.35539544,0.04160235,0.055213097,2016
33.58481,0.47740307,-0.040038675,-0.054209787,2016
34.531586,0.5318569,-0.08343707,-0.02530576,2016
35.471527,0.40008384,-0.003181111,0.0018632816,2016
32.16632,0.5640672,-0.13669044,-0.10069889,2016
39.210846,0.3410085,0.06209677,0.09704999,2016
34.72641,0.35471997,0.019184448,-0.019553525,2016
28.454346,0.6490083,-0.281513,-0.24428914,2016
28.399658,0.61387926,-0.2415516,-0.2466852,2016
35.861176,0.39757672,0.029758714,0.012708504,2016
36.732788,0.40334052,-0.046396974,0.036135413,2016
39.043365,0.26719263,0.084865935,0.0931767,2016
36.705444,0.26315475,0.084361665,0.03541738,2016
34.72641,0.54838914,-0.1216013,-0.019553525,2016
39.579987,0.24078207,0.10618293,0.105471306,2016
30.775177,0.57923555,-0.22760193,-0.15045427,2016
32.815735,0.5624597,-0.12853506,-0.07891637,2016
37.395905,0.40454018,0.0500333,0.053226974,2016
38.00772,0.32454732,0.072686434,0.068467334,2016
37.433502,0.41121578,0.038223848,0.0541779,2016
33.724945,0.36473688,0.027424484,-0.049829245,2016
38.469147,0.16478004,0.1837295,0.07964078,2016
33.68393,0.54481006,-0.096523315,-0.05110758,2016
37.433502,0.3427845,-0.02067177,0.0541779,2016
31.304962,0.47043145,-0.071780376,-0.13098471,2016
36.57556,0.26142627,0.083894305,0.031992067,2016
37.40274,0.2706414,0.10753435,0.053400014,2016
39.361237,0.28914538,0.04163071,0.100499965,2016
35.741547,0.30731937,0.026003273,0.009403985,2016
35.43051,0.3039722,0.065794714,0.00070780294,2016
34.097504,0.5068046,-0.03078122,-0.03835853,2016
32.77472,0.49348965,-0.062569275,-0.08026657,2016
33.304535,0.5939309,-0.16592872,-0.06308146,2016
37.13269,0.4111596,-0.04774485,0.0465158,2016
31.776642,0.553021,-0.1518775,-0.11419683,2016
39.183502,0.21288031,0.096962616,0.09641988,2016
30.327423,0.5883516,-0.23862834,-0.16743957,2016
37.97354,0.41835576,-0.01228281,0.06762887,2016
32.432922,0.5241515,-0.1033572,-0.091651045,2016
35.286957,0.44347835,-0.069992356,-0.0033575257,2016
37.68643,0.2634701,0.09959297,0.060525715,2016
36.3739,0.31558427,0.062767476,0.026625346,2016
37.97354,0.22710817,0.08579791,0.06762887,2016
37.245514,0.43197206,-0.0024722896,0.049404077,2016
32.795227,0.4412343,-0.0502495,-0.07959105,2016
31.670685,0.56371874,-0.11862638,-0.117924474,2016
33.14044,0.4909858,-0.04432171,-0.06834525,2016
36.079926,0.2691954,0.041788056,0.01869438,2016
31.615997,0.56593513,-0.19501138,-0.11985819,2016
34.815277,0.51608956,-0.10122203,-0.01695108,2016
39.275787,0.24861124,0.03559451,0.098542996,2016
32.949036,0.60351884,-0.197121,-0.07455144,2016
37.802643,0.4620992,0.027490016,0.0634138,2016
38.39737,0.2691568,0.053376965,0.07792033,2016
36.12094,0.425731,0.020171901,0.019808661,2016
36.490112,0.37195927,0.025061069,0.029725276,2016
33.266937,0.53331774,-0.123141356,-0.06428294,2016
28.129639,0.6570094,-0.29774946,-0.25865227,2016
38.202545,0.45845088,-0.0077931546,0.073217936,2016
36.26111,0.4217145,-0.034902208,0.023597589,2016
35.878265,0.3601635,0.01779833,0.013178779,2016
29.835236,0.6231406,-0.2624307,-0.18669865,2016
32.412415,0.57781273,-0.20920216,-0.09234175,2016
38.961334,0.31654876,0.0054582343,0.09126742,2016
35.642426,0.407475,0.0030529893,0.0066491514,2016
38.188873,0.23600058,0.050098665,0.07288614,2016
31.417755,0.58257973,-0.15749532,-0.12692437,2016
33.994965,0.57415414,-0.15189235,-0.04149053,2016
35.46469,0.45629808,-0.0075461646,0.0016708875,2016
33.56772,0.5000678,-0.11447517,-0.0547465,2016
40.051666,0.23212516,0.1022024,0.11600597,2016
31.845001,0.51944906,-0.09037062,-0.11180507,2016
35.97055,0.5366683,-0.11481586,0.015710544,2016
39.935455,0.2265841,0.05846148,0.11343358,2016
33.854828,0.5500048,-0.11055041,-0.045801613,2016
36.869507,0.4677662,-0.04407855,0.039709594,2016
38.9545,0.18695557,0.11004772,0.09110796,2016
32.815735,0.55294377,-0.13809851,-0.07891637,2016
36.753296,0.3571623,0.057802644,0.036673233,2016
34.360687,0.421529,-0.005184862,-0.030405283,2016
32.57306,0.5488396,-0.12534954,-0.08695452,2016
36.452515,0.39758843,-0.018849762,0.02872452,2016
38.332428,0.4468095,0.019869953,0.07635818,2016
36.15854,0.461607,-0.01797955,0.020827865,2016
37.949615,0.45820302,-0.020792084,0.06704105,2016
39.603912,0.27422935,0.054212045,0.10601172,2016
36.285034,0.4132037,0.00863545,0.024241414,2016
34.982758,0.49265203,-0.09128292,-0.012082412,2016
34.9144,0.32937676,0.047271587,-0.014063981,2016
36.250854,0.30403948,0.06356686,0.023321405,2016
33.458344,0.487449,-0.035859223,-0.05819446,2016
29.513947,0.64271736,-0.26344335,-0.19961706,2016
38.38028,0.25992396,0.06703033,0.07750975,2016
37.293365,0.4140437,0.006109503,0.050623797,2016
30.388947,0.6347057,-0.2332883,-0.16507605,2016
35.181,0.27788517,0.06931736,-0.0063794064,2016
38.014557,0.23974508,0.04124505,0.068634845,2016
29.790802,0.62810194,-0.2217518,-0.18846864,2016
38.441803,0.39213124,0.012492316,0.07898613,2016
35.273285,0.40175778,-0.004353602,-0.0037464257,2016
37.77188,0.27321666,-0.015661485,0.06265104,2016
33.147278,0.48955205,-0.07274866,-0.06812493,2016
36.602905,0.36095318,0.030509952,0.032715205,2016
32.374817,0.56757385,-0.19660857,-0.09361032,2016
35.775726,0.24819197,0.096705556,0.0103503885,2016
31.031525,0.61702514,-0.20465377,-0.1409505,2016
35.55356,0.38749173,0.037186284,0.0041662413,2016
32.99347,0.5450709,-0.09592782,-0.0731043,2016
38.95108,0.23147117,0.11884328,0.0910282,2016
35.24594,0.46842906,-0.018628448,-0.0045251306,2016
40.075592,0.2531754,0.038623158,0.116533734,2016
33.738617,0.51527894,-0.08824933,-0.049403824,2016
36.47644,0.42857572,0.0047213966,0.029361604,2016
33.526703,0.5108569,-0.089578345,-0.05603685,2016
40.089264,0.19083157,0.03521897,0.11683503,2016
36.380737,0.41200817,0.00054727896,0.026808243,2016
39.480865,0.34233588,0.20266314,0.10322549,2016
39.20401,0.27261475,0.11121827,0.09689254,2016
33.24301,0.48541558,-0.119126186,-0.065048926,2016
34.818695,0.3974192,0.025888255,-0.016851252,2016
34.196625,0.45692986,-0.072121434,-0.035348777,2016
36.585815,0.36197534,0.047860634,0.032263372,2016
35.191254,0.45912415,0.020558253,-0.006086171,2016
37.495026,0.29452276,0.022475589,0.055729844,2016
38.520416,0.34449664,-0.009408724,0.080865756,2016
32.82599,0.5567696,-0.13211335,-0.07857935,2016
34.69223,0.473146,-0.04406509,-0.020558016,2016
38.04532,0.46259037,-0.1032698,0.069387905,2016
30.932404,0.58868873,-0.14597812,-0.1446066,2016
35.690277,0.49019673,-0.0908943,0.007980982,2016
35.256195,0.45572597,0.012372267,-0.0042329747,2016
37.78897,0.27862307,0.03877013,0.06307495,2016
33.119934,0.55863965,-0.19064428,-0.06900676,2016
32.70636,0.55482346,-0.14329673,-0.082524434,2016
32.104767,0.5910686,-0.19080165,-0.10280924,2016
32.05008,0.56260526,-0.13490696,-0.104690984,2016
38.896393,0.32354853,0.0056431675,0.0897502,2016
37.30362,0.33520713,0.019004786,0.05088476,2016
32.682434,0.52505386,-0.079198085,-0.083316915,2016
39.094635,0.21093419,0.088433966,0.094365925,2016
35.980804,0.31418443,0.060865425,0.015991049,2016
32.56964,0.56472075,-0.12280035,-0.08706859,2016
38.660553,0.32730234,-0.04711773,0.08419743,2016
29.889923,0.63680965,-0.24647354,-0.18452743,2016
34.213715,0.5439979,-0.09676278,-0.034831617,2016
31.205841,0.6109877,-0.21008311,-0.13457713,2016
39.01944,0.28185263,0.0714698,0.092620656,2016
33.660004,0.5106236,-0.08314661,-0.05185472,2016
40.68744,0.26684186,0.10700481,0.12981907,2016
33.977875,0.5387736,-0.1084904,-0.042014368,2016
31.84842,0.6106412,-0.21660681,-0.111685745,2016
34.67856,0.45815283,-0.068467885,-0.020960366,2016
37.99405,0.24651699,0.05862745,0.068132125,2016
36.179047,0.28843886,0.051751986,0.021382902,2016
35.64926,0.32158664,0.06755447,0.0068396316,2016
36.79773,0.30058172,0.029666537,0.037836462,2016
32.279114,0.54626644,-0.13620873,-0.09685272,2016
36.028656,0.30813283,0.07086475,0.017297963,2016
34.470062,0.45581698,-0.034578163,-0.027135761,2016
36.404663,0.2645889,0.07726056,0.027447842,2016
36.387573,0.4747036,-0.0699099,0.026991071,2016
34.787933,0.41788474,-0.009689866,-0.017750416,2016
36.94812,0.2545091,0.07576161,0.041752774,2016
29.537872,0.6339605,-0.28384098,-0.19864537,2016
29.81131,0.660699,-0.2648529,-0.18765105,2016
37.129272,0.25974232,0.07506805,0.046428025,2016
33.6019,0.42154565,-0.024002131,-0.053673618,2016
32.18341,0.6046915,-0.20158996,-0.100114405,2016
35.977386,0.48954204,-0.099553585,0.015897565,2016
37.884674,0.2225517,0.058690727,0.06544178,2016
29.278107,0.62148935,-0.22210455,-0.20928016,2016
34.01889,0.52136034,-0.08298785,-0.04075804,2016
34.411957,0.49968493,-0.074820995,-0.028870108,2016
36.52771,0.3823166,0.0034850275,0.03072397,2016
35.83383,0.4229185,-0.040024232,0.011955131,2016
38.24698,0.1932419,0.098685704,0.07429463,2016
35.63559,0.4476128,-0.09493707,0.0064585977,2016
32.685852,0.55216175,-0.16521841,-0.08320363,2016
38.54776,0.2755,0.070649646,0.08151774,2016
32.450012,0.5386085,-0.096500695,-0.09107613,2016
42.413544,0.32693097,0.060827676,0.16523284,2016
32.80548,0.58154505,-0.16851622,-0.07925361,2016
40.321716,0.29285446,0.07089111,0.12192643,2016
33.051575,0.44022635,-0.08514881,-0.07121775,2016
37.122437,0.42546543,0.020233985,0.04625243,2016
37.60782,0.34653538,0.0029363688,0.05856189,2016
28.102295,0.64803886,-0.2672079,-0.25987694,2016
37.90518,0.42897144,-0.047606166,0.0659474,2016
36.011566,0.4399852,0.015261853,0.016831607,2016
38.947662,0.21858972,0.084908724,0.090948425,2016
35.697113,0.39411172,0.041467812,0.008170951,2016
40.591736,0.17705217,0.11453004,0.12776744,2016
36.247437,0.3743573,-0.0035859523,0.023229308,2016
34.179535,0.44465253,-0.009487368,-0.035866454,2016
38.90323,0.3737523,0.063407786,0.08991015,2016
29.930939,0.6170258,-0.22621554,-0.18290421,2016
32.74054,0.5701335,-0.13014989,-0.08139432,2016
33.492523,0.41754293,-0.019446444,-0.057114553,2016
35.929535,0.26028442,0.051968876,0.01458692,2016
34.30258,0.57380986,-0.16683891,-0.032150697,2016
38.657135,0.36110345,-0.02586233,0.08411646,2016
37.542877,0.4371653,0.028121872,0.056933396,2016
35.56723,0.43561897,-0.015090787,0.004549035,2016
34.972504,0.27304298,0.06764485,-0.012379154,2016
35.861176,0.2256485,0.10031525,0.012708504,2016
34.84262,0.4837347,-0.029782398,-0.016152998,2016
32.986633,0.4647371,-0.06546426,-0.073326685,2016
35.23227,0.4197479,0.0021032176,-0.0049149366,2016
29.496857,0.6252319,-0.23244761,-0.2003121,2016
32.904602,0.5324029,-0.09598031,-0.076002486,2016
36.281616,0.3498948,0.0021092445,0.02414949,2016
39.57657,0.3768046,0.0803408,0.10539405,2016
38.000885,0.27490237,0.0978344,0.06829976,2016
40.120026,0.31032264,0.14862643,0.11751219,2016
38.035065,0.2154022,0.08355537,0.06913702,2016
31.988556,0.57201886,-0.1920612,-0.10681563,2016
35.73471,0.41843957,0.026864797,0.009214487,2016
38.39395,0.28723145,0.07572621,0.07783824,2016
36.585815,0.40793544,0.040817577,0.032263372,2016
37.597565,0.2549932,0.1338602,0.058305133,2016
42.57419,0.18498899,0.14369857,0.16838264,2016
38.188873,0.2779244,0.040464018,0.07288614,2016
34.514496,0.47915107,-0.08400378,-0.025813438,2016
36.298706,0.44989216,-0.050686277,0.024608932,2016
35.88852,0.4241701,-0.02424471,0.013460729,2016
39.248444,0.24548319,0.09292127,0.097914964,2016
29.319122,0.6274537,-0.2236039,-0.20758845,2016
37.344635,0.4214565,-0.033665657,0.051927175,2016
39.166412,0.21689771,0.09387346,0.09602561,2016
39.32022,0.25389752,0.11213474,0.099561684,2016
36.302124,0.36601824,0.04713763,0.024700768,2016
37.10193,0.2327556,0.15423815,0.045725252,2016
36.71228,0.4188244,-0.040715396,0.03559699,2016
33.690765,0.5311378,-0.09977322,-0.05089431,2016
36.2406,0.42243874,0.012687423,0.023045063,2016
28.768799,0.65911674,-0.28534216,-0.23068863,2016
38.082916,0.45395306,-0.055400137,0.07030666,2016
36.86267,0.3932291,-0.0019327769,0.039531514,2016
36.572144,0.32795513,0.07512631,0.0319016,2016
30.949493,0.629645,-0.21116288,-0.14397457,2016
40.807068,0.41567388,0.038180493,0.13237007,2016
34.72641,0.5332359,-0.15450162,-0.019553525,2016
36.94812,0.40039393,0.01262078,0.041752774,2016
34.95883,0.45256448,-0.023217862,-0.01277508,2016
37.577057,0.26258138,0.06299707,0.0577912,2016
38.845123,0.1993558,0.06641246,0.08854882,2016
37.156616,0.26627094,0.06650285,0.047129765,2016
35.36557,0.5061939,-0.08957917,-0.0011271863,2016
35.994476,0.40702918,0.044124573,0.016364807,2016
31.739044,0.58637255,-0.17918797,-0.11551669,2016
36.233765,0.25417122,0.10745385,0.022860749,2016
36.86609,0.25949395,0.06346737,0.039620563,2016
35.204926,0.47184694,-0.058164325,-0.005695456,2016
36.893433,0.32251295,0.083670236,0.040332355,2016
33.01056,0.512054,-0.04590587,-0.07254874,2016
34.4769,0.45899367,0.014092699,-0.026932105,2016
39.84659,0.17999817,0.045584153,0.11145633,2016
38.42813,0.3293654,-0.009416579,0.078658454,2016
29.924103,0.6203001,-0.20945677,-0.18317445,2016
30.730743,0.60365236,-0.19288723,-0.15211771,2016
31.41092,0.6029872,-0.20813318,-0.12716961,2016
27.777557,0.6411026,-0.25082073,-0.27460572,2016
41.668427,0.2402391,0.23206887,0.15030548,2016
35.218597,0.4398071,-0.033109207,-0.005305045,2016
35.690277,0.421873,-0.08083596,0.007980982,2016
37.65909,0.33353817,0.052870233,0.059843574,2016
38.86905,0.28580606,0.008738904,0.08910986,2016
32.272278,0.60980964,-0.21132855,-0.09708505,2016
38.913483,0.30266672,-0.0069874288,0.09014996,2016
32.23468,0.5500342,-0.15858011,-0.098364666,2016
36.637085,0.31628326,0.08815962,0.033617612,2016
33.813812,0.4927568,-0.075496726,-0.047070157,2016
37.864166,0.44532728,-0.073216334,0.06493561,2016
37.912018,0.23913226,0.005796149,0.06611582,2016
38.44864,0.2560066,0.09511056,0.07914988,2016
37.82657,0.3028858,0.07658193,0.0640062,2016
34.671722,0.35381758,0.044564553,-0.02116166,2016
35.587738,0.38616812,0.019741273,0.005122674,2016
41.07025,0.22116004,0.08948784,0.13792995,2016
37.563385,0.24690288,0.07336806,0.057448268,2016
33.424164,0.48751563,-0.012425069,-0.059276573,2016
36.958374,0.32966703,0.023858087,0.042018633,2016
36.14145,0.30452633,0.056831818,0.020364854,2016
36.76013,0.43638647,-0.038242802,0.036852375,2016
37.06775,0.50830185,-0.08523233,0.044845328,2016
32.313293,0.53782856,-0.12364321,-0.09569251,2016
36.61316,0.30933657,0.07793888,0.032986104,2016
38.739166,0.29990795,0.12584779,0.08605587,2016
37.782135,0.2862553,0.03269812,0.06290543,2016
38.164948,0.26308256,0.07812262,0.07230493,2016
36.903687,0.37770042,0.0042028516,0.040599003,2016
40.36615,0.3085166,0.14005595,0.122892976,2016
29.10379,0.63271266,-0.23609602,-0.21652311,2016
38.776764,0.2589644,0.06866679,0.086942025,2016
32.692688,0.5333567,-0.059747078,-0.08297714,2016
38.804108,0.20500422,0.048493642,0.08758542,2016
38.424713,0.25684968,0.07052801,0.0785765,2016
36.684937,0.36901087,0.007364614,0.034878153,2016
34.029144,0.4677058,0.0027870382,-0.04044443,2016
36.196136,0.38654682,-0.03502653,0.021844951,2016
39.245026,0.34201115,-0.05262172,0.0978364,2016
33.072083,0.4925765,-0.0416298,-0.0705535,2016
31.592072,0.5940202,-0.15280624,-0.120706305,2016
36.165375,0.46052042,-0.060473066,0.021012947,2016
33.926605,0.5032609,-0.028988171,-0.043589048,2016
40.523376,0.3267221,0.12059419,0.12629606,2016
38.619537,0.1558446,0.13888079,0.08322481,2016
34.497406,0.39076623,0.020852936,-0.026321622,2016
35.83725,0.3388519,0.019524926,0.012049365,2016
36.097015,0.44393557,-0.06862758,0.019158972,2016
38.855377,0.26040405,0.06095247,0.088789344,2016
32.699524,0.48495272,0.0035613233,-0.08275074,2016
31.171661,0.5801699,-0.15886386,-0.1358212,2016
40.28409,0.1754452,0.042019147,0.12110624,2016
37.272858,0.4020538,0.008459152,0.050101444,2016
34.681976,0.40635788,0.019175826,-0.02085975,2016
38.41104,0.38606557,0.04621398,0.07824853,2016
36.650757,0.32623175,-0.018606912,0.033978105,2016
29.066162,0.6748342,-0.24245094,-0.21809798,2016
36.671265,0.3867402,0.00578971,0.034518335,2016
36.414917,0.37023368,-0.024836374,0.027721697,2016
35.386078,0.41481772,-0.07383909,-0.0005469884,2016
37.768463,0.30677357,0.07287429,0.062566206,2016
30.594025,0.5438581,-0.116926864,-0.1572663,2016
31.786896,0.58709335,-0.18129838,-0.11383741,2016
31.793732,0.56145495,-0.1781138,-0.11359792,2016
31.968048,0.54899824,-0.16081364,-0.10752566,2016
37.93936,0.4532557,-0.057914104,0.06678889,2016
38.643463,0.42607605,0.00879707,0.083792426,2016
38.9545,0.27638754,0.069578536,0.09110796,2016
36.568726,0.5021253,-0.04116637,0.031811114,2016
38.332428,0.24219182,0.11628404,0.07635818,2016
33.841156,0.55121493,-0.12792386,-0.04622412,2016
30.607697,0.61053157,-0.20477241,-0.15674937,2016
33.2601,0.5402215,-0.09814027,-0.06450168,2016
32.40216,0.4127169,-0.0067829373,-0.09268743,2016
38.53409,0.4036603,-0.016458504,0.08119187,2016
32.579895,0.5587347,-0.10095963,-0.08672645,2016
31.322052,0.58840764,-0.1763198,-0.13036762,2016
38.19229,0.22587451,0.06744468,0.072969116,2016
34.617035,0.5401272,-0.11642035,-0.022774877,2016
31.991974,0.56435364,-0.12966444,-0.10669738,2016
35.034027,0.38217565,0.0006219152,-0.010601309,2016
33.841156,0.46939042,-0.0036544164,-0.04622412,2016
29.100372,0.6465547,-0.25570852,-0.216666,2016
36.859253,0.3249277,-0.001233837,0.03944245,2016
36.602905,0.43993834,-0.02752201,0.032715205,2016
35.85434,0.29744297,0.08582972,0.012520269,2016
35.7518,0.4553817,-0.054502316,0.009688096,2016
38.527252,0.2743591,0.042265162,0.08102884,2016
37.01306,0.4103283,-0.006654324,0.04343407,2016
34.097504,0.43567294,-0.005161439,-0.03835853,2016
36.514038,0.49964845,-0.08339194,0.030361047,2016
39.03311,0.24772227,0.16252342,0.092938475,2016
33.150696,0.5131291,-0.11724078,-0.0680148,2016
30.676056,0.6402641,-0.24201772,-0.15417163,2016
38.441803,0.37146446,-0.027562032,0.07898613,2016
29.062744,0.62317246,-0.2281353,-0.21824124,2016
35.512543,0.46175873,-0.0055246428,0.0030160912,2016
37.173706,0.4973814,-0.08212276,0.047567826,2016
36.353394,0.28361884,0.05598474,0.026076242,2016
38.089752,0.23893423,0.11818835,0.07047351,2016
37.14978,0.42143413,-0.008274443,0.046954427,2016
30.580353,0.55741626,-0.17246273,-0.15778369,2016
37.242096,0.37227058,-0.0012918785,0.049316835,2016
38.205963,0.29061338,0.092367575,0.073300846,2016
36.599487,0.47141016,-0.021297576,0.032624874,2016
35.577484,0.39481148,0.011362613,0.004835937,2016
36.202972,0.2766385,0.06628783,0.022029648,2016
36.199554,0.39583454,-0.047992628,0.021937309,2016
32.528625,0.46977195,-0.10011741,-0.08843928,2016
36.083344,0.26344138,0.08660148,0.018787336,2016
38.838287,0.26336452,0.11240719,0.08838839,2016
36.989136,0.39610717,0.0060443915,0.04281533,2016
35.170746,0.40918466,0.026231298,-0.006672813,2016
34.141937,0.53149194,-0.08793258,-0.037007168,2016
36.267944,0.36825365,0.03700798,0.023781626,2016
35.21176,0.53697664,-0.09101474,-0.005500213,2016
28.444092,0.64965975,-0.25887555,-0.24473771,2016
35.410004,0.46085396,-0.0068897977,0.00012905979,2016
34.063324,0.50734097,-0.05980926,-0.039400432,2016
29.783966,0.65371615,-0.24763563,-0.1887414,2016
29.414825,0.6459146,-0.24519235,-0.20365949,2016
35.29721,0.4250058,0.02546372,-0.0030660485,2016
38.759674,0.22454458,0.15925859,0.08653944,2016
33.536957,0.54463094,-0.12175427,-0.055713966,2016
36.76355,0.24454167,0.0999235,0.03694192,2016
38.53067,0.26131183,0.098073706,0.08111036,2016
37.060913,0.4162237,-0.029421804,0.044669148,2016
34.89731,0.33521464,0.05405543,-0.014560588,2016
39.497955,0.24238084,0.047464088,0.1036135,2016
28.187744,0.65342367,-0.28038844,-0.2560577,2016
34.620453,0.48312455,-0.052105203,-0.022673903,2016
37.474518,0.39472052,0.0485924,0.055213097,2016
33.5643,0.49079442,-0.07793134,-0.05485391,2016
32.802063,0.5820177,-0.18319502,-0.079366066,2016
36.401245,0.42029506,0.015992807,0.027356522,2016
33.065247,0.52217466,-0.07881072,-0.07077482,2016
37.173706,0.41583204,0.0067939814,0.047567826,2016
34.599945,0.4727316,-0.029142728,-0.023280054,2016
34.435883,0.5347459,-0.12399468,-0.028155256,2016
36.691772,0.3883227,-0.068100736,0.035057962,2016
35.710785,0.38635328,-0.030796856,0.008550674,2016
34.917816,0.47280574,-0.08310842,-0.013964719,2016
33.492523,0.52264726,-0.052981533,-0.057114553,2016
33.239594,0.5580443,-0.18792717,-0.06515844,2016
39.28604,0.21334627,0.10405505,0.09877828,2016
36.667847,0.4588685,-0.03695011,0.03442834,2016
36.79773,0.3085058,-0.009254908,0.037836462,2016
38.26407,0.32212558,0.005867669,0.074708074,2016
31.093048,0.39293545,0.048921213,-0.13869292,2016
39.651764,0.19502394,0.086669914,0.10709058,2016
33.940277,0.58517015,-0.1762489,-0.043168668,2016
32.67218,0.56637913,-0.12508686,-0.08365691,2016
36.585815,0.3059102,0.06701317,0.032263372,2016
35.799652,0.4063993,0.010733621,0.011011795,2016
35.70395,0.5725084,-0.14211427,0.008360849,2016
32.60724,0.5542019,-0.12175526,-0.08581515,2016
35.38266,0.36853057,0.044161264,-0.00064364134,2016
34.84604,0.42064655,0.026501779,-0.016053326,2016
39.224518,0.30367705,0.080987886,0.097364716,2016
36.77722,0.27688408,0.079563715,0.037299935,2016
36.45935,0.3248533,0.042416487,0.028906628,2016
35.758636,0.327608,0.023852611,0.009877413,2016
31.062286,0.61337614,-0.18860085,-0.13982059,2016
30.286407,0.62668043,-0.23521148,-0.16902058,2016
39.19034,0.22965062,0.05647761,0.09657749,2016
31.995392,0.51453745,-0.062677704,-0.106579155,2016
29.332794,0.6389426,-0.24086836,-0.2070256,2016
39.617584,0.20576361,0.05200746,0.106320225,2016
37.433502,0.31588122,0.002678722,0.0541779,2016
37.618073,0.34266925,-0.032287467,0.058818508,2016
35.690277,0.44352672,-0.018137503,0.007980982,2016
30.190704,0.56885237,-0.21545328,-0.17272632,2016
35.160492,0.3026262,0.019804664,-0.00696639,2016
32.340637,0.48653683,-0.050455455,-0.09476611,2016
38.49649,0.3128712,0.072459385,0.08029451,2016
29.418243,0.6340822,-0.23862223,-0.20351964,2016
34.62729,0.42213,-0.021629877,-0.02247201,2016
35.861176,0.51259696,-0.04331776,0.012708504,2016
38.407623,0.27525514,0.10952417,0.07816651,2016
35.01352,0.3957736,0.043092947,-0.01119323,2016
36.066254,0.46060005,-0.028330835,0.018322391,2016
35.93979,0.42797533,-0.03560422,0.014868067,2016
36.514038,0.36007294,0.04056942,0.030361047,2016
29.992462,0.57268995,-0.1503722,-0.18047772,2016
39.0502,0.28955358,0.12404438,0.09333544,2016
38.2128,0.27175573,0.06336847,0.07346663,2016
36.838745,0.41170657,0.02184548,0.038907718,2016
35.673187,0.5230919,-0.0782208,0.007505738,2016
36.69861,0.29007167,0.07587214,0.035237703,2016
31.034943,0.54431564,-0.10930944,-0.14082484,2016
34.08383,0.52388245,-0.05740053,-0.038775038,2016
34.92807,0.441414,-0.016683681,-0.013667047,2016
33.42758,0.53978705,-0.11978706,-0.05916826,2016
32.214172,0.59220535,-0.15335818,-0.099063896,2016
32.696106,0.5372049,-0.16160752,-0.08286393,2016
37.95987,0.22481842,0.051867817,0.067293055,2016
30.224884,0.6683835,-0.3087572,-0.17140014,2016
32.867004,0.5288262,-0.12884629,-0.07723336,2016
33.376312,0.5553866,-0.124929756,-0.060795255,2016
36.39099,0.34768212,0.071973994,0.02708246,2016
36.989136,0.31063914,0.0040241275,0.04281533,2016
31.011017,0.5159122,-0.1554385,-0.14170502,2016
37.768463,0.3496988,0.08846577,0.062566206,2016
39.248444,0.2847036,0.023634147,0.097914964,2016
37.730865,0.26603448,0.060088623,0.061632082,2016
40.23282,0.40139157,0.0478903,0.11998625,2016
37.847076,0.2753597,0.08523736,0.06451338,2016
39.583405,0.23453914,0.17426673,0.105548546,2016
36.37732,0.43265057,-0.01117728,0.026716802,2016
32.596985,0.5669692,-0.12612462,-0.0861567,2016
36.71228,0.30760026,0.090087816,0.03559699,2016
37.177124,0.37504998,-0.050562583,0.047655392,2016
31.7117,0.5618699,-0.19674473,-0.11647856,2016
31.417755,0.5847452,-0.19479923,-0.12692437,2016
35.023773,0.35106733,-0.028383454,-0.010897183,2016
29.729279,0.6204818,-0.2247365,-0.19092812,2016
31.339142,0.57905483,-0.20401444,-0.12975122,2016
38.81778,0.287775,0.021391802,0.08790678,2016
33.15753,0.53913045,-0.07210747,-0.067794606,2016
35.529633,0.430807,-0.095124,0.0034956431,2016
37.409576,0.43994167,0.023579499,0.053572986,2016
36.66101,0.47335303,-0.051172834,0.034248296,2016
33.91977,0.52320695,-0.12578051,-0.043799367,2016
38.349518,0.23165019,0.062330518,0.076769784,2016
34.805023,0.35233924,0.09072536,-0.017250685,2016
32.733704,0.5543956,-0.13157076,-0.08162016,2016
37.713776,0.2901278,0.031258952,0.061206866,2016
36.363647,0.32590628,0.1105883,0.02635087,2016
38.821198,0.1909413,0.029192809,0.08798708,2016
31.551056,0.6008537,-0.18882461,-0.12216319,2016
33.003723,0.5331448,-0.07198916,-0.07277089,2016
37.327545,0.31578812,0.030473199,0.051493112,2016
33.605316,0.4981924,-0.045546886,-0.05356645,2016
33.15753,0.49076682,-0.06705082,-0.067794606,2016
37.211304,0.37501478,0.063485295,0.048530146,2016
38.807526,0.39080313,0.013190058,0.08766578,2016
39.621002,0.37078437,0.036624763,0.10639732,2016
37.82657,0.25194785,0.08699131,0.0640062,2016
38.373444,0.26477575,0.14603837,0.077345416,2016
34.76059,0.36721545,0.04439423,-0.01855101,2016
37.785553,0.40206972,0.012059732,0.062990196,2016
34.282074,0.4836033,-0.12211313,-0.032768138,2016
28.792725,0.6356598,-0.24309796,-0.22966596,2016
37.57022,0.36433184,0.036662146,0.057619765,2016
30.477814,0.5937641,-0.18821074,-0.16167891,2016
38.11026,0.3854372,0.0659143,0.0709737,2016
35.591156,0.48384824,-0.03441962,0.005218216,2016
36.51062,0.38362184,0.010587817,0.030270273,2016
38.70157,0.2652105,0.042541258,0.085168,2016
37.68643,0.2717565,0.08150621,0.060525715,2016
32.494446,0.5632433,-0.14624389,-0.089584164,2016
37.867584,0.32890517,0.12307888,0.06502001,2016
36.237183,0.3942656,0.03333811,0.022952914,2016
34.88022,0.5212838,-0.09644181,-0.015057679,2016
36.332886,0.27824846,0.07710046,0.025526518,2016
35.259613,0.43568122,0.006756549,-0.0041356273,2016
39.65518,0.19412583,0.07842516,0.10716754,2016
37.21472,0.33040428,0.046791576,0.048617534,2016
33.554047,0.4064756,0.00066433556,-0.055176266,2016
39.241608,0.3275402,0.033009555,0.09775782,2016
35.878265,0.2878616,-0.008890155,0.013178779,2016
37.33438,0.27348217,0.10743439,0.051666785,2016
31.588654,0.58994955,-0.22011957,-0.12082756,2016
34.832367,0.35724214,-0.008972071,-0.016452132,2016
36.298706,0.48345476,-0.062489513,0.024608932,2016
37.18396,0.40969655,0.056341823,0.04783047,2016
37.409576,0.35321936,0.04647599,0.053572986,2016
38.708405,0.24885537,0.09592002,0.085329555,2016
37.06433,0.31951416,0.0011706533,0.044757247,2016
32.962708,0.5280882,-0.09963273,-0.07410575,2016
38.56485,0.29130346,0.0583905,0.08192477,2016
34.22397,0.43029115,0.0015182778,-0.034521572,2016
36.972046,0.26695648,0.08114727,0.042372886,2016
33.742035,0.554604,-0.19799945,-0.049297523,2016
34.99643,0.36433464,0.01920974,-0.011687027,2016
30.457306,0.6207511,-0.21738912,-0.16246112,2016
34.76059,0.49781,-0.041877963,-0.01855101,2016
33.738617,0.443262,-0.034426063,-0.049403824,2016
37.645416,0.29117694,0.047617465,0.059502132,2016
38.554596,0.29484424,0.09931101,0.081680596,2016
33.07892,0.5524681,-0.14044958,-0.07033227,2016
37.207886,0.44811168,-0.012205045,0.048442744,2016
37.57364,0.3058157,0.07671874,0.05770549,2016
36.801147,0.35179472,0.053535715,0.037925825,2016
39.84659,0.29564396,0.084388636,0.11145633,2016
38.73575,0.29671472,0.013386976,0.08597522,2016
33.198578,0.494741,-0.069704354,-0.06647441,2016
34.79135,0.4382029,-0.0167438,-0.017650431,2016
28.457764,0.6678978,-0.28293428,-0.2441397,2016
38.636627,0.2420371,0.042135045,0.08363032,2016
35.857758,0.40821028,-0.0020264543,0.012614395,2016
37.867584,0.3220214,0.03899288,0.06502001,2016
30.447052,0.57938594,-0.17819005,-0.1628526,2016
34.982758,0.46235847,-0.07528866,-0.012082412,2016
29.267853,0.63518095,-0.23730585,-0.20970383,2016
40.984802,0.19838357,0.0756218,0.13613263,2016
35.73813,0.4326493,-0.03936867,0.009309245,2016
31.52713,0.5368179,-0.104787536,-0.1230148,2016
30.672638,0.64714384,-0.26235333,-0.15430026,2016
35.102386,0.41831025,0.0022152031,-0.0086332355,2016
35.826996,0.37404782,-0.040344868,0.011766608,2016
35.14682,0.49462456,-0.047846515,-0.0073580933,2016
35.662933,0.28456578,0.08875603,0.0072203735,2016
37.97696,0.3948648,0.0028746908,0.067712784,2016
39.535553,0.24184367,0.08392083,0.104465954,2016
31.739044,0.49741465,-0.087419175,-0.11551669,2016
34.948578,0.44066286,0.00649644,-0.013072228,2016
37.850494,0.25935987,0.03236184,0.06459785,2016
38.913483,0.26094157,0.027524475,0.09014996,2016
40.30121,0.37781873,0.082313284,0.1214796,2016
35.21176,0.42055354,-0.034203187,-0.005500213,2016
37.82315,0.24287441,0.07147856,0.063921615,2016
28.744873,0.6517876,-0.2713961,-0.231713,2016
36.691772,0.26198906,0.13015108,0.035057962,2016
33.10968,0.54351556,-0.14861794,-0.06933783,2016
33.687347,0.539932,-0.14442056,-0.051000934,2016
32.01248,0.62849957,-0.20713964,-0.105988406,2016
40.437927,0.23847368,0.17076688,0.12444984,2016
31.328888,0.6512981,-0.2412964,-0.13012098,2016
36.17221,0.36152375,-0.02218914,0.02119796,2016
33.974457,0.44357347,-0.029701952,-0.042119198,2016
36.72937,0.40972626,-0.0061863596,0.036045715,2016
38.46231,0.22448972,0.08247468,0.079477206,2016
31.622833,0.5798623,-0.16131426,-0.11961611,2016
34.25473,0.5134117,-0.07672569,-0.03359254,2016
29.81131,0.60948294,-0.21751624,-0.18765105,2016
30.173615,0.6107275,-0.20026347,-0.17339054,2016
35.608246,0.44037265,0.043761235,0.0056956527,2016
33.492523,0.5581044,-0.13341874,-0.057114553,2016
36.449097,0.22377647,0.11044577,0.02863344,2016
35.239105,0.37691683,0.02827037,-0.004719996,2016
31.335724,0.5745385,-0.19764923,-0.12987445,2016
31.503204,0.54238,-0.11820737,-0.1238677,2016
29.466095,0.6728534,-0.2918118,-0.20156518,2016
37.160034,0.43787524,-0.034921065,0.04721741,2016
31.865509,0.5251813,-0.081515014,-0.111089535,2016
31.715118,0.5539476,-0.19480507,-0.116358235,2016
39.65518,0.2885655,0.06459862,0.10716754,2016
29.134552,0.6332218,-0.23371717,-0.21523865,2016
39.477448,0.3521445,0.120046325,0.10314785,2016
30.190704,0.62535334,-0.19961911,-0.17272632,2016
30.344513,0.59897053,-0.19118372,-0.16678207,2016
41.733368,0.31061533,0.12339846,0.15162769,2016
35.997894,0.30042595,0.059096906,0.016458202,2016
29.435333,0.63610405,-0.25121716,-0.20282088,2016
38.722076,0.3014662,0.03685412,0.0856525,2016
33.909515,0.5212809,-0.13053362,-0.044115,2016
33.76938,0.48743853,-0.10123196,-0.048447885,2016
35.56723,0.4746097,-0.039859243,0.004549035,2016
34.6102,0.5334434,-0.1235249,-0.022976888,2016
33.05841,0.5836951,-0.17282684,-0.07099625,2016
40.082428,0.2589262,0.13858774,0.11668441,2016
38.489655,0.29553682,0.025269732,0.080131166,2016
30.881134,0.6054924,-0.19407007,-0.14650692,2016
31.188751,0.2468333,0.028256152,-0.13519882,2016
40.16446,0.21760386,0.06307893,0.118488476,2016
38.065826,0.27593258,0.08189695,0.06988927,2016
33.80356,0.5103026,-0.0892492,-0.04738777,2016
37.50186,0.2883526,0.050211944,0.05590197,2016
38.992096,0.21397355,0.12903039,0.09198434,2016
40.530212,0.23393236,0.08271547,0.12644342,2016
29.411407,0.62462485,-0.2197425,-0.20379937,2016
37.713776,0.23584762,0.087407455,0.061206866,2016
38.821198,0.40914616,0.046538647,0.08798708,2016
30.194122,0.63303447,-0.24278207,-0.17259356,2016
32.798645,0.50925577,-0.059944022,-0.07947855,2016
38.56143,0.384329,0.04206847,0.08184339,2016
28.802979,0.64241004,-0.26653975,-0.22922821,2016
34.59311,0.47086456,0.028831316,-0.023482265,2016
34.69565,0.49165434,-0.045579433,-0.020457478,2016
36.852417,0.3193357,0.0028761758,0.039264273,2016
36.671265,0.40129834,0.03042949,0.034518335,2016
32.82257,0.5133013,-0.040433515,-0.07869167,2016
32.542297,0.5315583,-0.10717988,-0.087982,2016
37.06775,0.24084,0.051090904,0.044845328,2016
38.687897,0.22708832,0.06373022,0.0848447,2016
31.674103,0.5776788,-0.16058344,-0.117803834,2016
35.943207,0.29368165,0.119063206,0.014961746,2016
37.447174,0.32218924,-0.00032212312,0.05452322,2016
36.920776,0.33030653,0.037420742,0.041043088,2016
36.00473,0.42075422,-0.044902593,0.01664494,2016
37.82657,0.3372816,0.014979786,0.0640062,2016
37.72403,0.20888606,0.057163157,0.06146204,2016
30.799103,0.61369634,-0.18379095,-0.14956056,2016
28.32788,0.671245,-0.31521922,-0.24984406,2016
38.86905,0.22734557,0.061856836,0.08910986,2016
39.990143,0.29835775,0.010557212,0.11464598,2016
39.395416,0.1702304,0.14216511,0.10128038,2016
38.19571,0.21494004,0.07569195,0.07305207,2016
34.579437,0.49889088,-0.0693991,-0.023886925,2016
36.507202,0.3156021,0.040540043,0.030179484,2016
33.188324,0.52683914,-0.083596975,-0.06680391,2016
33.22934,0.4282591,-0.007337721,-0.06548713,2016
31.024689,0.52732885,-0.1332474,-0.1412019,2016
35.403168,0.46150157,-0.025790744,-6.40036e-05,2016
32.532043,0.59209627,-0.1559686,-0.08832492,2016
36.39099,0.27967814,0.0839704,0.02708246,2016
39.327057,0.20464078,0.13365848,0.0997182,2016
39.20401,0.25550953,0.1363383,0.09689254,2016
35.91928,0.4041942,0.018002696,0.014305614,2016
36.674683,0.32019174,0.036206458,0.034608316,2016
39.25186,0.386615,0.0534102,0.097993515,2016
28.727783,0.6435372,-0.24129233,-0.23244573,2016
35.201508,0.39164478,-0.036168035,-0.0057931067,2016
37.023315,0.3107188,0.06872569,0.043698996,2016
36.110687,0.39197782,-0.026196735,0.01953033,2016
39.67569,0.19552337,0.039202843,0.10762903,2016
33.1644,0.5306799,-0.118768066,-0.06757353,2016
34.599945,0.4559786,-0.00674619,-0.023280054,2016
37.160034,0.42487592,-0.031847715,0.04721741,2016
36.06967,0.32098046,0.028131746,0.018415416,2016
34.852875,0.48653683,-0.008689645,-0.01585404,2016
33.325043,0.5017797,-0.091212265,-0.062427256,2016
38.130768,0.23177482,0.066886775,0.07147336,2016
33.70102,0.3418215,0.0476765,-0.050574563,2016
38.46573,0.30795678,0.081049524,0.079559006,2016
29.814728,0.56889087,-0.17438257,-0.1875149,2016
38.37686,0.27595863,0.061811928,0.07742759,2016
35.222015,0.317047,0.04575249,-0.0052074892,2016
34.20346,0.34575582,0.061923753,-0.03514185,2016
35.440765,0.442211,-0.015249299,0.0009969233,2016
37.32071,0.2565813,0.14963575,0.05131938,2016
37.20105,0.28707233,0.08950418,0.04826789,2016
38.12393,0.28123263,0.036446176,0.07130687,2016
38.838287,0.36169946,0.058470167,0.08838839,2016
33.09259,0.470897,-0.03978733,-0.06989007,2016
36.825073,0.3564716,0.042053398,0.038550895,2016
36.893433,0.36111566,0.0723131,0.040332355,2016
39.27237,0.32219324,0.14696853,0.09846454,2016
34.702484,0.50637466,-0.055088986,-0.020256462,2016
35.88852,0.4387989,0.002140292,0.013460729,2016
30.959747,0.5973649,-0.20847954,-0.1435957,2016
34.767426,0.41376325,0.021795228,-0.018350745,2016
35.505707,0.43178403,-0.0031468447,0.0028241412,2016
32.323547,0.5341686,-0.11300894,-0.09534493,2016
36.233765,0.24968734,0.07249266,0.022860749,2016
35.170746,0.3465048,0.025162729,-0.006672813,2016
34.96225,0.43677437,-0.08905762,-0.0126760695,2016
37.97696,0.2569721,0.035867427,0.067712784,2016
35.7518,0.29757643,0.08243214,0.009688096,2016
33.5643,0.5601662,-0.15597445,-0.05485391,2016
38.134186,0.38906926,-0.005878772,0.07155658,2016
30.823029,0.60817283,-0.18400286,-0.14866823,2016
35.21176,0.508867,-0.06746196,-0.005500213,2016
37.62149,0.3546432,-0.025290761,0.058904015,2016
36.079926,0.42906216,0.019052865,0.01869438,2016
35.87143,0.47084275,-0.0106734065,0.012990722,2016
35.707367,0.38573596,-0.01726708,0.00845577,2016
35.11606,0.44975135,-0.09252715,-0.0082405405,2016
33.724945,0.43678302,-0.10039993,-0.049829245,2016
36.79773,0.33349454,-0.017386548,0.037836462,2016
30.498322,0.60473466,-0.2944998,-0.16089778,2016
36.39441,0.3809265,0.06772697,0.02717383,2016
38.082916,0.24458422,0.032261726,0.07030666,2016
30.884552,0.55256444,-0.1929331,-0.14638004,2016
35.143402,0.5846376,-0.15352443,-0.007456067,2016
39.6586,0.28467852,0.07458195,0.107244484,2016
30.740997,0.60250306,-0.17471685,-0.15173341,2016
29.329376,0.6228327,-0.21768306,-0.20716627,2016
30.036896,0.62465346,-0.23434593,-0.17873146,2016
36.083344,0.39276385,-0.00773979,0.018787336,2016
32.836243,0.5160151,-0.044063516,-0.07824254,2016
39.70987,0.22938609,0.1899067,0.108397126,2016
31.110138,0.5669847,-0.12894957,-0.1380674,2016
37.751373,0.26131502,0.052828982,0.062141836,2016
34.34018,0.45538282,-0.0073458934,-0.031020636,2016
28.133057,0.65294677,-0.2547481,-0.25849935,2016
32.197083,0.52281106,-0.076979905,-0.09964726,2016
33.642914,0.5347977,-0.14936307,-0.052389037,2016
31.62967,0.545542,-0.0824977,-0.11937413,2016
34.193207,0.488832,-0.06066527,-0.035452273,2016
40.11319,0.27689186,0.10925714,0.1173618,2016
28.047577,0.6966731,-0.30998215,-0.26233485,2016
32.92169,0.5419688,-0.09967532,-0.07544393,2016
29.021729,0.61711407,-0.24985595,-0.21996295,2016
29.578888,0.6516541,-0.24575384,-0.19698326,2016
34.545258,0.3824057,0.009108773,-0.024899976,2016
36.47986,0.4519505,0.00866954,0.029452547,2016
35.41684,0.42567667,-0.0034825585,0.00032204864,2016
35.016937,0.5340041,-0.112956904,-0.011094528,2016
36.941284,0.33366507,-0.004778914,0.04157545,2016
36.838745,0.37189233,0.042975146,0.038907718,2016
32.542297,0.5764062,-0.16633861,-0.087982,2016
31.028107,0.5841027,-0.16694093,-0.14107619,2016
30.136017,0.60247195,-0.21526821,-0.17485446,2016
35.09555,0.3457364,0.009566873,-0.008829698,2016
37.074585,0.40016967,-0.041216485,0.045021445,2016
37.50186,0.3208642,0.048920624,0.05590197,2016
34.613617,0.4721711,-0.062595986,-0.022875873,2016
40.06534,0.1961074,0.06826498,0.11630763,2016
29.729279,0.6343765,-0.24721411,-0.19092812,2016
32.415833,0.49203086,-0.12385936,-0.09222657,2016
39.679108,0.25589973,0.19625397,0.1077059,2016
39.149323,0.35681197,0.060858727,0.095631,2016
29.948029,0.5853703,-0.20606557,-0.18222919,2016
36.03891,0.4420645,-0.03929272,0.017577564,2016
39.938873,0.3813583,0.023557507,0.113509454,2016
36.890015,0.26975518,0.15118149,0.040243436,2016
35.628754,0.32021853,0.023270499,0.0062679714,2016
35.741547,0.3481824,0.014671847,0.009403985,2016
36.684937,0.26603717,0.09792251,0.034878153,2016
35.286957,0.4162906,0.022149343,-0.0033575257,2016
36.76013,0.33480194,0.015349137,0.036852375,2016
38.59561,0.29385233,0.099516384,0.082656495,2016
34.012054,0.50501597,-0.1255299,-0.04096722,2016
37.01306,0.33979133,0.05492288,0.04343407,2016
40.455017,0.2862511,0.14707422,0.12481971,2016
33.998383,0.47545284,-0.06344419,-0.041385826,2016
39.651764,0.3552206,0.1360335,0.10709058,2016
34.131683,0.51259786,-0.10438407,-0.037318707,2016
29.291779,0.62202233,-0.23323709,-0.20871574,2016
37.57364,0.27088258,0.067852415,0.05770549,2016
33.437836,0.51915026,-0.11294099,-0.05884346,2016
36.001312,0.49858376,-0.099420555,0.01655158,2016
35.321136,0.37670758,-0.006579143,-0.002386593,2016
35.680023,0.3434705,0.04468744,0.00769589,2016
32.398743,0.54325473,-0.14767402,-0.0928027,2016
33.485687,0.5414253,-0.10464404,-0.057330355,2016
34.722992,0.4902695,-0.045665774,-0.019653885,2016
34.64096,0.46365854,-0.039499946,-0.022068469,2016
32.68927,0.5591277,-0.12193411,-0.08309037,2016
32.92511,0.48793608,-0.0684555,-0.075332284,2016
34.66147,0.48031542,-0.09196971,-0.021463752,2016
35.775726,0.47875708,-0.04372533,0.0103503885,2016
34.42563,0.4377545,-0.021771733,-0.0284615,2016
36.00815,0.3229479,-0.00803509,0.016738283,2016
38.489655,0.26001596,0.044993233,0.080131166,2016
37.399323,0.21643369,0.074434415,0.0533135,2016
38.407623,0.21747626,-0.041386303,0.07816651,2016
35.881683,0.33832628,0.046528514,0.01327278,2016
36.582397,0.3128405,0.058208928,0.032172956,2016
34.869965,0.4101565,0.036964152,-0.015356168,2016
35.594574,0.39329866,-0.005314876,0.00531374,2016
35.799652,0.41853055,0.013313108,0.011011795,2016
41.56247,0.19710873,0.13573822,0.14813931,2016
31.933868,0.561031,-0.1471996,-0.10871108,2016
39.30313,0.23789683,0.045052733,0.09917015,2016
36.288452,0.33665428,0.040023055,0.024333319,2016
33.76938,0.5294374,-0.104829125,-0.048447885,2016
35.020355,0.38901895,0.025634196,-0.010995846,2016
36.237183,0.36998895,-0.015460805,0.022952914,2016
35.56723,0.29464364,0.057763696,0.004549035,2016
36.739624,0.45333752,0.0065890145,0.036314752,2016
38.09317,0.333107,-0.009565849,0.07055692,2016
31.84842,0.54973567,-0.13700601,-0.111685745,2016
33.554047,0.5237314,-0.066647336,-0.055176266,2016
33.85141,0.45199206,-0.058798756,-0.04590721,2016
33.04474,0.48681682,-0.081036866,-0.071439356,2016
40.90277,0.30281776,0.15879163,0.13440011,2016
31.838165,0.5545328,-0.098684564,-0.11204378,2016
37.392487,0.28724334,0.07645303,0.05314043,2016
38.055573,0.3441078,0.05370172,0.069638655,2016
32.190247,0.5850015,-0.1571169,-0.099880785,2016
32.545715,0.4870113,-0.054077554,-0.08786774,2016
30.730743,0.58707225,-0.23622932,-0.15211771,2016
38.506744,0.22585088,0.053279765,0.08053942,2016
35.444183,0.351499,0.075084575,0.0010932597,2016
29.797638,0.6403012,-0.24197683,-0.18819599,2016
30.255646,0.6279389,-0.23962648,-0.17020915,2016
34.62387,0.5270861,-0.11502068,-0.022572948,2016
36.319214,0.34419513,0.013932366,0.02515969,2016
37.566803,0.31367075,0.029657163,0.057534024,2016
38.00772,0.36025804,0.066235155,0.068467334,2016
34.84262,0.43869317,-0.049020484,-0.016152998,2016
33.2977,0.5459815,-0.14020099,-0.06329971,2016
33.93344,0.5509715,-0.1412706,-0.043378815,2016
39.586823,0.29427,0.04039817,0.10562578,2016
32.692688,0.5634321,-0.18427856,-0.08297714,2016
31.513458,0.6210579,-0.25568277,-0.12350201,2016
34.329926,0.45878652,-0.076727904,-0.03132859,2016
33.24643,0.52760977,-0.11939744,-0.06493943,2016
37.963287,0.22161531,0.056350257,0.06737703,2016
34.128265,0.43306217,-0.038622256,-0.037422597,2016
34.012054,0.4090429,-0.017419027,-0.04096722,2016
36.835327,0.4906668,-0.03537355,0.03881854,2016
38.88272,0.20637709,0.14147028,0.089430146,2016
29.257599,0.6652551,-0.2615251,-0.2101278,2016
36.86609,0.39199948,0.031835664,0.039620563,2016
37.392487,0.27177563,0.014443074,0.05314043,2016
33.34897,0.5471185,-0.087630756,-0.06166503,2016
38.9545,0.34357008,0.011773848,0.09110796,2016
36.168793,0.41606638,-0.032608952,0.02110546,2016
36.637085,0.31388208,0.06405931,0.033617612,2016
34.145355,0.5012406,-0.10777253,-0.036903363,2016
29.585724,0.6205238,-0.25000784,-0.19670668,2016
34.244476,0.51975596,-0.12197229,-0.03390203,2016
32.781555,0.598106,-0.18008852,-0.080041304,2016
38.188873,0.31129795,0.013715409,0.07288614,2016
39.460358,0.26598293,0.033283107,0.102759436,2016
36.623413,0.42593488,-0.10299395,0.03325685,2016
38.42813,0.30223256,0.03906641,0.078658454,2016
30.734161,0.61103505,-0.18397072,-0.15198958,2016
37.9086,0.1950745,0.091667205,0.06603162,2016
33.772797,0.47221905,-0.0035013547,-0.048341777,2016
31.961212,0.54748946,-0.12727292,-0.107762545,2016
32.60724,0.47343278,-0.048750143,-0.08581515,2016
30.522247,0.60513926,-0.19436851,-0.15998778,2016
38.46231,0.28374606,0.036711704,0.079477206,2016
38.233307,0.2209473,0.12416493,0.073963605,2016
36.807983,0.445852,-0.0758264,0.038104497,2016
40.23282,0.22281083,0.11388021,0.11998625,2016
30.751251,0.54563415,-0.13463446,-0.15134937,2016
38.455475,0.26048514,0.13241595,0.079313576,2016
31.34256,0.5101461,-0.1665735,-0.12962802,2016
37.997467,0.42634466,0.029658066,0.06821595,2016
35.656097,0.49485645,-0.094568506,0.007030039,2016
38.66739,0.33302313,0.053616922,0.08435933,2016
40.000397,0.2518096,0.068408914,0.11487294,2016
39.511627,0.2035958,0.046524916,0.10392368,2016
35.97397,0.23342252,0.086497284,0.015804064,2016
33.71811,0.39020523,0.03805046,-0.050042085,2016
40.287506,0.27573997,0.099019766,0.1211808,2016
38.643463,0.23114784,0.0813811,0.083792426,2016
29.855743,0.5920776,-0.21366033,-0.1858835,2016
31.62967,0.5938876,-0.18747629,-0.11937413,2016
34.883636,0.4171563,-0.05346792,-0.014958222,2016
36.15512,0.42766052,-0.01965091,0.020735297,2016
34.74008,0.3881136,0.014682617,-0.019152282,2016
37.095093,0.37058806,0.018495848,0.045549396,2016
34.08725,0.51737803,-0.045383055,-0.03867088,2016
37.901764,0.20720673,0.054117624,0.06586317,2016
31.250275,0.5506833,-0.16876365,-0.13296393,2016
34.049652,0.5831797,-0.18103859,-0.03981778,2016
31.602325,0.57120866,-0.16988121,-0.12034267,2016
35.611664,0.451584,-0.017897686,0.005791085,2016
36.74646,0.38482073,-0.006229876,0.036494028,2016
33.964203,0.5433573,-0.09051033,-0.042433817,2016
40.017487,0.36407205,0.097787134,0.11525094,2016
37.279694,0.41436225,-0.050392058,0.050275628,2016
37.89151,0.2132104,0.11529018,0.06561038,2016
38.274323,0.42408,-0.074448,0.07495597,2016
41.63083,0.2907631,0.17520821,0.1495381,2016
30.898224,0.6023551,-0.1804476,-0.14587277,2016
36.68152,0.36972064,0.10477832,0.034788225,2016
38.889557,0.1834774,0.10894467,0.0895902,2016
33.31479,0.4673432,-0.0960381,-0.06275426,2016
34.60678,0.38266703,0.006221994,-0.023077924,2016
37.3002,0.46197203,-0.028635507,0.05079779,2016
29.298615,0.6438385,-0.24834408,-0.20843372,2016
34.77768,0.37049645,0.033352118,-0.018050492,2016
31.168243,0.6417794,-0.24490611,-0.13594575,2016
34.89731,0.49627265,-0.091472276,-0.014560588,2016
36.066254,0.39746588,-0.057960767,0.018322391,2016
34.16928,0.5554888,-0.11097974,-0.03617731,2016
32.019318,0.58487165,-0.21758051,-0.10575229,2016
35.642426,0.473884,-0.0291515,0.0066491514,2016
31.626251,0.56880933,-0.19971454,-0.11949511,2016
39.28946,0.22077006,0.07387115,0.09885668,2016
33.489105,0.55291516,-0.10670441,-0.057222445,2016
36.503784,0.4517735,-0.12106754,0.030088676,2016
34.418793,0.4636349,-0.0020073121,-0.028665762,2016
34.637543,0.47795326,-0.11682501,-0.022169326,2016
37.966705,0.39658552,-0.09064642,0.06746099,2016
36.08676,0.35544166,0.02132949,0.01888027,2016
36.705444,0.44147372,-0.058246415,0.03541738,2016
29.370392,0.60867083,-0.21577926,-0.20548047,2016
38.0795,0.2941461,-0.03787287,0.07022321,2016
37.515533,0.3799943,0.06440606,0.05624603,2016
39.450104,0.25991857,0.10388515,0.102526225,2016
37.139526,0.34119272,0.00458056,0.0466913,2016
32.559387,0.52444303,-0.06629042,-0.087410934,2016
33.475433,0.53988576,-0.10611767,-0.057654228,2016
36.849,0.39435506,0.048127457,0.039175157,2016
34.165863,0.42740428,0.019482946,-0.036280967,2016
32.50128,0.55482453,-0.12253328,-0.089355,2016
39.23477,0.34004492,-0.01746569,0.097600624,2016
37.01648,0.31665465,0.032673616,0.043522395,2016
39.412506,0.18385413,0.13570736,0.10167007,2016
38.61612,0.333013,0.05711326,0.08314367,2016
39.518463,0.32764047,0.08696562,0.10407868,2016
30.53592,0.6586309,-0.24729212,-0.15946841,2016
41.097595,0.29068345,0.10134152,0.13850352,2016
37.330963,0.24356449,0.045585234,0.051579956,2016
35.522797,0.4047214,0.051510997,0.0033038778,2016
35.58432,0.4870529,-0.062474366,0.0050271135,2016
32.778137,0.5794701,-0.14547262,-0.08015393,2016
28.553467,0.65736026,-0.2314171,-0.2399697,2016
35.440765,0.44370106,0.0177288,0.0009969233,2016
35.12973,0.5164914,-0.062732175,-0.007848151,2016
29.770294,0.6169828,-0.21624897,-0.18928733,2016
30.73758,0.6524021,-0.25338793,-0.15186147,2016
37.460846,0.32503074,0.09211862,0.054868285,2016
35.639008,0.3852112,-0.0048935986,0.0065538837,2016
38.400787,0.32672927,-0.00019604158,0.0780024,2016
38.568268,0.28188223,0.0012494739,0.08200613,2016
34.22397,0.49101856,-0.074453294,-0.034521572,2016
37.026733,0.42006946,-0.049508262,0.043787275,2016
33.51303,0.5454822,-0.06424094,-0.056467667,2016
36.86267,0.40172964,-0.059976555,0.039531514,2016
33.577972,0.5204779,-0.121427484,-0.05442441,2016
32.309875,0.56393826,-0.1766526,-0.095808424,2016
28.232178,0.6884297,-0.3262107,-0.25408086,2016
35.714203,0.34407043,0.04388378,0.008645559,2016
37.59073,0.23991317,0.072432674,0.058133885,2016
32.28595,0.50062346,-0.072840326,-0.09662048,2016
36.202972,0.3787458,0.04671364,0.022029648,2016
38.44522,0.40991485,0.026782108,0.07906801,2016
37.272858,0.37287998,0.06678369,0.050101444,2016
28.720947,0.66433185,-0.27872187,-0.23273906,2016
39.210846,0.23166429,0.10621028,0.09704999,2016
37.156616,0.43175113,-0.00085070037,0.047129765,2016
39.497955,0.25579,0.05516199,0.1036135,2016
37.18396,0.40931872,0.011023854,0.04783047,2016
30.324005,0.6422186,-0.22424152,-0.16757116,2016
40.256744,0.19770256,0.14162533,0.12050927,2016
32.532043,0.50301117,-0.09021122,-0.08832492,2016
31.19217,0.59701645,-0.19799861,-0.13507444,2016
33.301117,0.48422614,-0.08174082,-0.06319057,2016
28.49878,0.66304517,-0.29864475,-0.24234913,2016
31.39383,0.5719529,-0.14423195,-0.12778321,2016
30.81961,0.6142245,-0.22582038,-0.14879562,2016
34.832367,0.4237714,0.01664801,-0.016452132,2016
37.62491,0.25353885,0.08187074,0.058989506,2016
37.19763,0.28502157,0.02819608,0.04818044,2016
39.128815,0.2649965,0.13655992,0.09515701,2016
30.788849,0.6023486,-0.21195646,-0.1499434,2016
39.18692,0.2709029,0.067281984,0.09649869,2016
35.662933,0.4814652,-0.050999396,0.0072203735,2016
33.687347,0.42718688,-0.04620351,-0.051000934,2016
39.159576,0.26108155,0.048859023,0.095867805,2016
40.895935,0.26047197,0.14150059,0.13425542,2016
34.64438,0.44597661,-0.013845894,-0.021967633,2016
35.58432,0.31398234,0.09592095,0.0050271135,2016
37.94278,0.37062132,0.051671837,0.066872954,2016
30.97342,0.6293776,-0.21627392,-0.1430909,2016
34.401703,0.4641758,0.0017946677,-0.029176775,2016
36.616577,0.38872495,-0.0013886179,0.033076372,2016
36.07309,0.43648317,0.016151112,0.018508421,2016
36.2782,0.29094243,0.043083604,0.02405755,2016
35.24936,0.43513814,-0.019896857,-0.0044277264,2016
37.662506,0.42401227,-0.035000626,0.059928898,2016
36.773804,0.43707022,-0.0052131703,0.037210457,2016
34.025726,0.45435113,-0.06804582,-0.040548947,2016
38.322174,0.36790225,0.119071454,0.07611103,2016
40.4516,0.30336657,0.16379477,0.12474576,2016
32.494446,0.55391484,-0.09131488,-0.089584164,2016
34.801605,0.42163274,0.0038155862,-0.017350592,2016
38.373444,0.39374685,0.045195468,0.077345416,2016
37.242096,0.3112804,0.03529139,0.049316835,2016
37.765045,0.32952902,-0.017604677,0.062481362,2016
34.528168,0.3940893,-0.0006409428,-0.025407255,2016
32.767883,0.52686155,-0.1479662,-0.08049194,2016
34.647797,0.39888063,-0.0068775024,-0.021866817,2016
36.766968,0.45945144,0.007775419,0.03703145,2016
35.222015,0.49101278,-0.065822564,-0.0052074892,2016
39.012604,0.2523099,0.051598735,0.09246166,2016
35.891937,0.41989484,-0.09424326,0.013554676,2016
29.233673,0.6400309,-0.25239593,-0.2111182,2016
33.174652,0.5195549,-0.14100513,-0.06724355,2016
30.48465,0.5740788,-0.15223636,-0.16141842,2016
38.069244,0.4148302,0.033866588,0.069972776,2016
33.2977,0.4516944,-0.026135828,-0.06329971,2016
39.477448,0.23713669,0.028446779,0.10314785,2016
36.6781,0.41356015,-0.06235519,0.034698278,2016
32.812317,0.5562549,-0.14623849,-0.07902876,2016
35.611664,0.4502386,-0.020356184,0.005791085,2016
39.245026,0.21538801,0.070917115,0.0978364,2016
37.50186,0.29620668,0.051919762,0.05590197,2016
30.713654,0.58251977,-0.22139946,-0.15275878,2016
29.903595,0.62814057,-0.24161622,-0.18398586,2016
35.7518,0.4593325,0.0020351654,0.009688096,2016
28.249268,0.64325505,-0.2651949,-0.25332218,2016
32.408997,0.46583083,-0.036979616,-0.09245695,2016
32.42267,0.5492486,-0.09731732,-0.09199629,2016
37.75479,0.31978688,0.027693784,0.062226743,2016
38.069244,0.25098246,0.08247167,0.069972776,2016
36.295288,0.4862258,-0.03541373,0.024517078,2016
33.051575,0.4732796,-0.012643805,-0.07121775,2016
33.458344,0.5160972,-0.08727795,-0.05819446,2016
38.790436,0.27026704,0.12732965,0.08726383,2016
28.303955,0.6763824,-0.25034386,-0.25090057,2016
34.076996,0.42197415,0.00023715667,-0.03898342,2016
35.153656,0.39158067,0.05246161,-0.007162204,2016
34.4393,0.5118671,-0.10926497,-0.028053215,2016
39.750885,0.18534838,0.10706514,0.109317094,2016
35.82016,0.3599261,0.038244512,0.011578012,2016
35.994476,0.4048956,0.0019129044,0.016364807,2016
35.21176,0.3642139,-0.00067717204,-0.005500213,2016
32.685852,0.5539595,-0.08881578,-0.08320363,2016
34.16928,0.53178334,-0.091367655,-0.03617731,2016
37.382233,0.42077908,-0.040669464,0.05288071,2016
30.34793,0.63717306,-0.25494093,-0.16665067,2016
37.765045,0.35184497,0.061590955,0.062481362,2016
36.66101,0.4171062,0.029915541,0.034248296,2016
39.43643,0.22027397,0.04702788,0.10221508,2016
38.85196,0.25719136,0.06739675,0.08870918,2016
36.42517,0.31667948,0.038763866,0.0279954,2016
36.397827,0.46450832,-0.059302483,0.027265185,2016
37.38565,0.37529713,0.06806134,0.0529673,2016
37.59073,0.4447189,-0.05582277,0.058133885,2016
36.927612,0.44299522,-0.024446148,0.04122061,2016
36.2406,0.44,-0.04792032,0.023045063,2016
36.011566,0.32658926,0.036707465,0.016831607,2016
32.262024,0.54452735,-0.16256157,-0.097433746,2016
40.21231,0.20510086,0.12366077,0.11953745,2016
38.38028,0.31550705,0.0311525,0.07750975,2016
32.911438,0.51435506,-0.15015979,-0.07577899,2016
36.907104,0.30940226,0.16164759,0.04068785,2016
39.207428,0.17835931,0.11578642,0.09697127,2016
31.47586,0.5588577,-0.16351548,-0.12484402,2016
32.511536,0.5138985,-0.047431655,-0.08901142,2016
32.65509,0.48188332,-0.056900892,-0.08422403,2016
36.81482,0.4202805,-0.037431974,0.038283106,2016
29.797638,0.6112558,-0.18773341,-0.18819599,2016
35.08188,0.43904975,0.0012237761,-0.009222852,2016
29.199493,0.6197431,-0.2481567,-0.21253589,2016
36.3739,0.34622043,0.050877195,0.026625346,2016
36.414917,0.43154973,-0.025017964,0.027721697,2016
33.926605,0.4947354,-0.19362243,-0.043589048,2016
32.28595,0.5439315,-0.13111399,-0.09662048,2016
33.219086,0.53931016,-0.095226206,-0.065816015,2016
35.368988,0.43223682,-0.005577668,-0.00103044,2016
41.818817,0.20781338,0.14633119,0.15336119,2016
32.51837,0.52627,-0.05726509,-0.08878249,2016
28.239014,0.66714543,-0.2836377,-0.25377727,2016
39.69278,0.20984189,0.066361025,0.10801324,2016
37.676178,0.24419571,0.073869556,0.06027003,2016
36.056,0.3664179,0.1409095,0.018043213,2016
29.031982,0.63947856,-0.2660332,-0.21953207,2016
40.63617,0.18353525,0.115954444,0.12872118,2016
39.361237,0.36797678,0.023092557,0.100499965,2016
35.546722,0.33011273,0.06282792,0.003974734,2016
35.051117,0.44743407,-0.07821019,-0.0101085715,2016
36.414917,0.37377518,-0.017665418,0.027721697,2016
34.394867,0.4082895,-0.019214153,-0.029381324,2016
35.714203,0.4265557,-0.02687511,0.008645559,2016
29.896759,0.62793154,-0.23872434,-0.18425658,2016
33.431,0.47251335,-0.090019755,-0.05905997,2016
36.732788,0.29196045,0.0751951,0.036135413,2016
34.89731,0.45767504,-0.011851725,-0.014560588,2016
37.19763,0.4797259,-0.079987355,0.04818044,2016
35.444183,0.41240406,-0.0024292874,0.0010932597,2016
36.96521,0.38924754,-0.012459726,0.042195793,2016
38.325592,0.2287767,0.095875874,0.07619343,2016
37.55313,0.30781242,0.063526765,0.057190903,2016
36.657593,0.29493177,0.038285278,0.03415825,2016
36.886597,0.28588733,0.0445795,0.040154506,2016
32.95587,0.5612099,-0.13343248,-0.07432855,2016
33.608734,0.50350744,-0.07198466,-0.053459305,2016
32.04666,0.5936729,-0.18870193,-0.10480881,2016
40.359314,0.21291992,0.09195104,0.12274441,2016
38.14444,0.23064265,0.16544044,0.07180617,2016
35.386078,0.3792925,0.012162328,-0.0005469884,2016
39.145905,0.26705185,0.1014735,0.095552035,2016
34.47348,0.46794224,-0.043524712,-0.027033923,2016
37.87442,0.25307205,0.07346582,0.06518876,2016
28.037323,0.64957076,-0.26189145,-0.26279652,2016
34.65805,0.45921955,-0.065659925,-0.021564487,2016
36.00815,0.2868053,0.057913706,0.016738283,2016
33.273773,0.55764097,-0.13070108,-0.06406429,2016
30.594025,0.63039345,-0.20486017,-0.1572663,2016
39.5253,0.1897244,0.08448455,0.10423363,2016
38.97159,0.31602037,0.034344263,0.09150652,2016
36.99597,0.22901645,0.057668615,0.042992193,2016
31.246857,0.58878815,-0.18087009,-0.13308784,2016
36.421753,0.37247345,-0.0017756929,0.027904183,2016
36.298706,0.34698156,0.031836797,0.024608932,2016
33.571136,0.52607614,-0.07069501,-0.054639116,2016
29.876251,0.636961,-0.21430111,-0.18506949,2016
33.174652,0.52031404,-0.11367988,-0.06724355,2016
32.62091,0.5722971,-0.1481127,-0.085360065,2016
35.864594,0.30831742,0.040355813,0.012802594,2016
32.918274,0.5320069,-0.12235661,-0.07555559,2016
33.76938,0.52108794,-0.10980024,-0.048447885,2016
34.924652,0.44765195,-0.029939871,-0.0137662515,2016
35.34848,0.35985464,0.037422493,-0.0016111989,2016
29.74295,0.58748364,-0.19882749,-0.19038068,2016
35.34848,0.3567079,-0.023997977,-0.0016111989,2016
34.11801,0.5249427,-0.14736654,-0.037734386,2016
40.75238,0.3251463,-0.018775675,0.13120575,2016
35.78598,0.46184233,-0.07579085,0.010633957,2016
40.253326,0.31090942,0.08924714,0.12043459,2016
34.986176,0.4092635,-0.017026542,-0.011983537,2016
33.31137,0.5591309,-0.20582458,-0.062863305,2016
40.222565,0.14399193,0.13324705,0.11976191,2016
37.65909,0.24571946,0.06372101,0.059843574,2016
34.55893,0.47593018,-0.056272015,-0.024494516,2016
37.313873,0.24806792,0.08678486,0.05114558,2016
37.48477,0.38070774,0.014050395,0.055471543,2016
34.097504,0.43105227,-0.01459502,-0.03835853,2016
37.13611,0.33547762,0.03771832,0.046603557,2016
38.51358,0.2563814,0.0927923,0.08070262,2016
36.13803,0.49683967,-0.038334157,0.020272199,2016
32.87726,0.50799924,-0.041060194,-0.07689739,2016
33.704437,0.5039288,-0.10834317,-0.050468024,2016
35.950043,0.48933482,-0.09925274,0.015149052,2016
37.180542,0.36746696,0.115729526,0.04774294,2016
38.575104,0.22394848,0.07939999,0.0821688,2016
31.49295,0.5587541,-0.10436409,-0.12423362,2016
40.622498,0.367203,0.049414415,0.12842795,2016
34.60678,0.5098126,-0.07115703,-0.023077924,2016
38.98526,0.23153332,0.09985048,0.09182513,2016
37.05066,0.2947739,0.07200054,0.044404756,2016
39.10147,0.36262888,-0.065049596,0.09452425,2016
36.250854,0.4543727,-0.028388927,0.023321405,2016
34.4393,0.41899592,-0.06404374,-0.028053215,2016
38.3461,0.24427564,0.07509874,0.07668749,2016
36.924194,0.2707122,0.044671107,0.041131858,2016
37.966705,0.41615087,0.0031802848,0.06746099,2016
33.41391,0.5611437,-0.18291414,-0.05960164,2016
37.515533,0.4570684,-0.039316423,0.05624603,2016
31.048615,0.6215226,-0.20959572,-0.14032249,2016
38.240143,0.3242322,0.07552414,0.07412915,2016
34.77426,0.46094915,0.0064615356,-0.018150557,2016
39.42276,0.2643356,0.01131681,0.10190373,2016
31.920197,0.5587703,-0.121818915,-0.10918596,2016
30.310333,0.6111975,-0.18355158,-0.16809781,2016
38.082916,0.32208124,0.1022704,0.07030666,2016
34.562347,0.42340145,0.0046417937,-0.024393199,2016
37.52237,0.3042111,0.038030934,0.056417964,2016
40.082428,0.33023152,0.059179954,0.11668441,2016
28.242432,0.63688684,-0.2741299,-0.25362554,2016
34.58969,0.44135755,-0.046284378,-0.0235834,2016
37.70694,0.2501118,0.025115723,0.06103667,2016
35.526215,0.46522334,-0.015557885,0.0033997695,2016
37.095093,0.3210095,0.0734427,0.045549396,2016
38.4794,0.3998368,0.049748346,0.07988604,2016
36.370483,0.31253165,0.07866956,0.026533872,2016
37.68985,0.23328029,0.090195075,0.060610913,2016
27.89035,0.6721791,-0.2915747,-0.26945102,2016
34.398285,0.45947176,-0.06209939,-0.02927904,2016
30.183868,0.6542976,-0.2576088,-0.17299192,2016
38.59561,0.17300665,0.114234455,0.082656495,2016
34.599945,0.5116258,-0.11036395,-0.023280054,2016
36.766968,0.2851615,0.035185885,0.03703145,2016
29.021729,0.6462562,-0.24929398,-0.21996295,2016
38.83487,0.1790658,0.05302428,0.088308156,2016
34.746918,0.48125285,-0.14851753,-0.01895178,2016
38.168365,0.39910755,0.01712472,0.07238801,2016
41.671844,0.26222318,0.1450923,0.15037517,2016
37.204468,0.33981302,0.00984579,0.048355326,2016
36.855835,0.2699993,0.0328424,0.03935337,2016
37.08142,0.25482526,0.09356204,0.045197494,2016
32.897766,0.6022121,-0.17268659,-0.07622607,2016
35.73813,0.41527268,-0.042870726,0.009309245,2016
30.491486,0.6079318,-0.18580255,-0.16115804,2016
33.417328,0.50958264,-0.15697193,-0.05949326,2016
35.891937,0.24065375,0.08614764,0.013554676,2016
35.950043,0.40767488,-0.008605375,0.015149052,2016
33.41391,0.44621247,-0.023005383,-0.05960164,2016
28.242432,0.67013705,-0.26085478,-0.25362554,2016
39.10147,0.2731166,0.111450456,0.09452425,2016
37.18396,0.25692248,0.052326817,0.04783047,2016
37.84366,0.23024671,0.09395672,0.06442889,2016
29.13797,0.6251106,-0.20514935,-0.2150961,2016
38.923737,0.3257235,0.04885231,0.09038965,2016
34.03598,0.5413659,-0.08245014,-0.040235464,2016
39.275787,0.26267996,0.03547955,0.098542996,2016
34.699066,0.50549036,-0.05351739,-0.02035696,2016
31.523712,0.5529004,-0.10942405,-0.12313656,2016
33.940277,0.4922117,-0.059331544,-0.043168668,2016
31.954376,0.55353856,-0.09416705,-0.107999526,2016
38.79727,0.35332805,0.056386024,0.08742465,2016
36.606323,0.38383514,0.018315762,0.032805525,2016
29.920685,0.65202904,-0.25996,-0.1833096,2016
29.0354,0.65750915,-0.23621625,-0.21938851,2016
39.918365,0.2743244,0.051212847,0.11305402,2016
35.43393,0.3173256,0.022206794,0.000804195,2016
36.042328,0.3348388,0.04813966,0.01767073,2016
36.86267,0.28577098,0.08569514,0.039531514,2016
37.207886,0.42551634,0.034878187,0.048442744,2016
37.583893,0.28496143,0.023699824,0.057962574,2016
35.977386,0.3552294,0.05378731,0.015897565,2016
33.01056,0.5227126,-0.11415417,-0.07254874,2016
34.81186,0.32655755,0.017341921,-0.01705093,2016
33.926605,0.50784767,-0.08255253,-0.043589048,2016
35.06137,0.44269353,-0.0010923003,-0.009813159,2016
36.640503,0.31683668,0.04500223,0.03370776,2016
34.931488,0.49694136,-0.055344786,-0.013567862,2016
39.74063,0.18734378,0.09664155,0.10908728,2016
38.828033,0.1658558,0.16792482,0.08814765,2016
41.582977,0.31000328,0.122173235,0.14855944,2016
34.767426,0.4666898,-0.0010738875,-0.018350745,2016
37.833405,0.433079,-0.0026051775,0.06417532,2016
37.361725,0.35822484,0.03511334,0.052360836,2016
38.923737,0.3958673,0.017798265,0.09038965,2016
39.16983,0.2090663,0.068263836,0.096104495,2016
36.876343,0.30640486,0.0050652516,0.039887607,2016
39.381744,0.17536399,0.08834588,0.100968376,2016
38.28116,0.31301996,0.049570296,0.07512116,2016
29.384064,0.62459385,-0.23827767,-0.20491958,2016
33.407074,0.537704,-0.100467354,-0.059818458,2016
31.30838,0.5794444,-0.15513887,-0.13086124,2016
35.040863,0.3638324,-0.021322988,-0.0104041565,2016
31.821075,0.56409603,-0.11827306,-0.112641014,2016
38.89981,0.2821285,0.061706968,0.08983018,2016
36.869507,0.28011438,0.040115856,0.039709594,2016
29.814728,0.6408511,-0.24059556,-0.1875149,2016
35.68344,0.5174061,-0.09257961,0.007790939,2016
32.846497,0.5155903,-0.09091789,-0.07790594,2016
35.826996,0.4172095,-0.009365435,0.011766608,2016
34.025726,0.43497375,-0.026761627,-0.040548947,2016
36.066254,0.43426466,-0.09856222,0.018322391,2016
39.47061,0.30057943,0.0455316,0.10299253,2016
38.100006,0.32235634,-0.03137012,0.070723675,2016
34.70932,0.39282316,0.004767969,-0.020055523,2016
40.53705,0.34970593,0.072750255,0.12659073,2016
38.267487,0.2558849,0.057419628,0.07479072,2016
29.9617,0.64920676,-0.38371238,-0.18168972,2016
30.508575,0.61611724,-0.19297765,-0.1605076,2016
36.640503,0.46102935,-0.010750888,0.03370776,2016
28.252686,0.6491947,-0.25843456,-0.25317055,2016
38.588776,0.20937431,0.066861846,0.08249399,2016
31.923615,0.47415215,0.008467424,-0.109067194,2016
38.804108,0.21230444,0.036798954,0.08758542,2016
32.55255,0.54290205,-0.18629394,-0.08763929,2016
33.653168,0.5282241,-0.09899895,-0.05206838,2016
36.57556,0.36029717,0.0050789453,0.031992067,2016
35.823578,0.50508314,-0.06266886,0.011672319,2016
36.691772,0.5033519,-0.2556444,0.035057962,2016
37.19763,0.53378904,-0.12689774,0.04818044,2016
37.700104,0.23164958,0.09684048,0.06086641,2016
27.938202,0.66892236,-0.24137543,-0.26727673,2016
35.167328,0.4754673,-0.037030976,-0.006770653,2016
39.309967,0.2970683,0.0971131,0.099326804,2016
37.898346,0.27315405,0.072711095,0.06577892,2016
33.10968,0.5255396,-0.08689665,-0.06933783,2016
30.245392,0.6480041,-0.229468,-0.17060588,2016
29.431915,0.6243259,-0.24877763,-0.20296057,2016
37.211304,0.31371564,0.093493685,0.048530146,2016
34.900726,0.5165829,-0.07710999,-0.014461228,2016
34.470062,0.41625413,0.043917254,-0.027135761,2016
36.363647,0.4288756,0.012886605,0.02635087,2016
37.06433,0.280905,0.07135575,0.044757247,2016
37.580475,0.4041588,0.0100942645,0.057876896,2016
37.850494,0.22322169,0.06091803,0.06459785,2016
32.966125,0.5477788,-0.105486415,-0.07399438,2016
36.9823,0.43665543,-0.004215416,0.042638402,2016
37.70352,0.31569314,-0.01011539,0.06095155,2016
36.059418,0.34099323,-0.020632697,0.01813629,2016
38.660553,0.22259179,0.043342903,0.08419743,2016
38.000885,0.40526733,0.0018089565,0.06829976,2016
35.24594,0.36971,0.016329492,-0.0045251306,2016
32.511536,0.54900223,-0.16101487,-0.08901142,2016
35.70053,0.44574055,-0.060223304,0.00826591,2016
35.68686,0.24820971,0.044239454,0.007885969,2016
38.44522,0.22153166,0.10003837,0.07906801,2016
31.708282,0.53214467,-0.10432086,-0.11659891,2016
38.59561,0.2641785,0.09309445,0.082656495,2016
35.21518,0.45578328,-0.041785292,-0.0054026195,2016
32.996887,0.5327666,-0.111005604,-0.072993144,2016
36.722534,0.32629302,0.048004325,0.035866275,2016
30.453888,0.60478115,-0.30811086,-0.16259158,2016
36.818237,0.33608055,0.08038624,0.038372386,2016
37.262604,0.31162772,0.059263986,0.04984005,2016
38.981842,0.26465675,0.1279883,0.091745496,2016
36.079926,0.32293305,0.03185415,0.01869438,2016
38.373444,0.37279013,-0.050477233,0.077345416,2016
35.85434,0.3176272,0.057828184,0.012520269,2016
30.65213,0.6128302,-0.18924879,-0.15507254,2016
38.168365,0.26896358,0.0598629,0.07238801,2016
30.925568,0.6314596,-0.21565257,-0.14485963,2016
37.38907,0.3208391,0.007651198,0.053053875,2016
31.923615,0.51430744,-0.17897066,-0.109067194,2016
29.182404,0.6572012,-0.25734118,-0.21324597,2016
33.608734,0.5595548,-0.1445984,-0.053459305,2016
36.99597,0.43710166,-0.032677934,0.042992193,2016
32.679016,0.51557416,-0.06522327,-0.08343022,2016
38.20938,0.3638259,-0.034850683,0.07338374,2016
37.382233,0.26768276,0.05570202,0.05288071,2016
37.40274,0.22767189,0.06681939,0.053400014,2016
37.58731,0.45324352,0.017173292,0.058048237,2016
39.378326,0.26893657,0.005249681,0.10089034,2016
29.168732,0.6469285,-0.24388643,-0.21381465,2016
35.77231,0.39561236,-0.08927922,0.010255829,2016
34.25473,0.4382259,0.02243537,-0.03359254,2016
38.75284,0.22598729,0.08934857,0.086378306,2016
38.366608,0.40025237,-0.03783523,0.07718102,2016
37.211304,0.42393976,-0.022280907,0.048530146,2016
35.741547,0.4742135,-0.029074095,0.009403985,2016
36.07309,0.36897442,0.019333005,0.018508421,2016
29.636993,0.6409708,-0.2556498,-0.19463648,2016
34.99301,0.499541,-0.089952596,-0.011785844,2016
30.30008,0.64958405,-0.2445547,-0.1684931,2016
32.060333,0.5697787,-0.13836436,-0.10433767,2016
38.510162,0.2365456,0.09963016,0.08062103,2016
35.621918,0.39834526,0.022252375,0.0060772714,2016
37.676178,0.33680493,0.027218115,0.06027003,2016
32.90802,0.46943715,-0.035463165,-0.07589073,2016
30.529083,0.6017419,-0.14816082,-0.15972804,2016
36.57556,0.33106652,0.0680837,0.031992067,2016
28.300537,0.6634483,-0.22608367,-0.25105166,2016
35.075043,0.46169123,0.0028544227,-0.009419545,2016
39.839752,0.29327518,0.15151724,0.111303866,2016
35.474945,0.4480344,0.022011494,0.001959451,2016
31.851837,0.5704614,-0.21228983,-0.111566454,2016
40.150787,0.18802571,0.07152574,0.11818831,2016
33.53012,0.49731687,-0.100928724,-0.0559292,2016
36.35681,0.25273293,0.058189727,0.026167803,2016
38.199127,0.22771855,0.17947139,0.07313501,2016
28.905518,0.63612056,-0.24658354,-0.22486766,2016
32.258606,0.5745609,-0.13391724,-0.09755002,2016
35.034027,0.357308,0.06810957,-0.010601309,2016
28.385986,0.632295,-0.2648185,-0.24728566,2016
37.93936,0.23422097,0.100420706,0.06678889,2016
34.548676,0.5240444,-0.11978598,-0.024798581,2016
30.170197,0.48461846,-0.13899396,-0.17352347,2016
35.748383,0.4345571,-0.03413749,0.00959341,2016
36.44568,0.41023293,-0.07259634,0.028542344,2016
35.016937,0.44704854,-0.019327054,-0.011094528,2016
31.827911,0.57671875,-0.21249402,-0.112402044,2016
35.338226,0.5428505,-0.13593885,-0.001901831,2016
40.102936,0.17967835,0.07679873,0.11713611,2016
35.63559,0.44460565,0.038617484,0.0064585977,2016
31.882599,0.5736117,-0.14206837,-0.110493965,2016
35.19467,0.5082777,-0.107885934,-0.005988464,2016
34.746918,0.40748572,0.01379977,-0.01895178,2016
33.123352,0.5543358,-0.10752725,-0.06889646,2016
36.807983,0.40983653,-0.03889108,0.038104497,2016
36.941284,0.45993695,-0.012750251,0.04157545,2016
34.60678,0.44455996,-0.028237728,-0.023077924,2016
33.943695,0.51161563,-0.121120654,-0.043063626,2016
40.290955,0.35227084,0.08570134,0.12125602,2016
33.201996,0.5605667,-0.12052695,-0.066364616,2016
30.464142,0.58593184,-0.18475346,-0.16220026,2016
37.888092,0.28462708,0.0049072504,0.06552608,2016
33.417328,0.54477066,-0.12496173,-0.05949326,2016
35.758636,0.37136996,0.055825748,0.009877413,2016
32.935364,0.54628366,-0.12150378,-0.0749975,2016
35.474945,0.3908079,0.008855564,0.001959451,2016
32.747375,0.5122103,-0.07924125,-0.081168585,2016
38.66397,0.24637769,0.08489508,0.08427839,2016
30.597443,0.61899203,-0.24553758,-0.15713702,2016
31.790314,0.5694967,-0.12361268,-0.11371765,2016
31.161407,0.57204664,-0.21031459,-0.13619494,2016
36.13803,0.41216135,0.027787287,0.020272199,2016
38.653717,0.2413597,0.03933864,0.08403547,2016
35.392914,0.5276164,-0.13277088,-0.0003537385,2016
38.171783,0.2549669,0.057701327,0.07247107,2016
37.915436,0.23960745,0.08722534,0.06620001,2016
38.287994,0.28912565,0.11277921,0.075286284,2016
35.57065,0.31927624,0.09931844,0.0046446873,2016
35.21176,0.42744827,-0.05596095,-0.005500213,2016
36.6781,0.37977797,0.052513715,0.034698278,2016
37.03357,0.2885799,0.084114976,0.04396378,2016
39.62784,0.2627986,0.08188594,0.10655147,2016
38.41446,0.28699407,0.030270457,0.07833055,2016
32.289368,0.5834059,-0.19859387,-0.0965044,2016
37.594147,0.33013168,0.0584096,0.05821952,2016
34.435883,0.46770006,-0.021989936,-0.028155256,2016
34.299164,0.4194453,0.022477122,-0.032253552,2016
33.68051,0.4954658,-0.04668655,-0.05121425,2016
38.236725,0.21403784,0.07150927,0.07404638,2016
40.393494,0.2565996,0.045859255,0.12348672,2016
39.579987,0.2768148,0.13047698,0.105471306,2016
36.59607,0.44904944,-0.04638401,0.032534525,2016
35.95688,0.432496,-0.05430103,0.015336287,2016
37.70694,0.31151855,0.09262278,0.06103667,2016
32.361145,0.54706055,-0.14567271,-0.09407234,2016
39.361237,0.21622778,0.11510806,0.100499965,2016
39.309967,0.24899322,0.112937115,0.099326804,2016
29.97879,0.6286575,-0.23902613,-0.18101609,2016
34.76059,0.43914658,-0.0657031,-0.01855101,2016
35.662933,0.34701467,0.014603368,0.0072203735,2016
40.290955,0.3103476,0.15007395,0.12125602,2016
39.651764,0.33622846,0.108394995,0.10709058,2016
39.361237,0.30342624,0.07742137,0.100499965,2016
30.12918,0.59385705,-0.24303885,-0.17512101,2016
32.849915,0.52255154,-0.17605498,-0.077793784,2016
37.01648,0.27569228,0.06373498,0.043522395,2016
31.598907,0.5619158,-0.108462974,-0.120463856,2016
32.31671,0.48525396,-0.03405253,-0.09557663,2016
37.648834,0.29775825,0.13087606,0.059587516,2016
31.76297,0.53562796,-0.14024542,-0.11467642,2016
33.49594,0.5252838,-0.07481991,-0.057006683,2016
30.590607,0.5946377,-0.23827316,-0.1573956,2016
36.363647,0.29787102,0.00893766,0.02635087,2016
32.33722,0.55613166,-0.15910302,-0.094881825,2016
32.224426,0.6028676,-0.1904047,-0.098714165,2016
32.248352,0.52786654,-0.13218099,-0.097899005,2016
37.717194,0.28074366,-0.0014240453,0.06129194,2016
36.12436,0.30923367,0.06795437,0.019901404,2016
30.286407,0.602975,-0.24538164,-0.16902058,2016
34.107758,0.49437067,-0.09139782,-0.03804636,2016
35.963715,0.37465668,0.029981865,0.01552345,2016
38.09659,0.41690558,-0.046193343,0.0706403,2016
39.27237,0.2406368,0.08661417,0.09846454,2016
39.80899,0.18881331,0.07764035,0.110617146,2016
39.460358,0.23131697,0.10148693,0.102759436,2016
32.72003,0.53698385,-0.15834776,-0.08207211,2016
28.444092,0.6669663,-0.31058857,-0.24473771,2016
38.708405,0.21839052,0.042136244,0.085329555,2016
37.242096,0.38181597,0.0020746598,0.049316835,2016
37.078003,0.36573854,0.019096917,0.045109477,2016
37.31729,0.24247693,0.08126593,0.051232487,2016
31.062286,0.63055795,-0.2420217,-0.13982059,2016
34.77768,0.33170816,0.007130703,-0.018050492,2016
37.26944,0.43985152,-0.03887913,0.05001433,2016
35.341644,0.4455103,-0.011508311,-0.0018049349,2016
36.49353,0.39024663,0.0028573768,0.02981615,2016
37.204468,0.32974675,0.034367852,0.048355326,2016
33.369476,0.5547401,-0.17923369,-0.061012566,2016
40.55414,0.15817465,0.046175774,0.1269588,2016
32.566223,0.5033213,-0.04168755,-0.08718268,2016
30.696564,0.634383,-0.24368243,-0.15340056,2016
31.810822,0.5615728,-0.14748009,-0.11299966,2016
35.78598,0.3411117,0.027261695,0.010633957,2016
36.083344,0.24954072,0.12284223,0.018787336,2016
29.924103,0.63604844,-0.25751144,-0.18317445,2016
36.927612,0.38803303,-0.033048473,0.04122061,2016
35.259613,0.46624944,-0.089140415,-0.0041356273,2016
34.285492,0.3862099,-0.02129882,-0.03266518,2016
36.09018,0.39647448,-0.07707996,0.018973188,2016
38.978424,0.29212397,0.08250837,0.09166585,2016
30.877716,0.5369253,-0.18309532,-0.14663382,2016
29.261017,0.66660327,-0.2719603,-0.20998645,2016
32.2005,0.56554294,-0.11135532,-0.09953054,2016
31.127228,0.5576741,-0.11113757,-0.13744256,2016
33.957367,0.50586665,-0.053510107,-0.04264367,2016
32.121857,0.5299602,-0.07945349,-0.10222252,2016
35.912445,0.48777932,-0.07962404,0.014117987,2016
31.704865,0.59621894,-0.20745352,-0.11671928,2016
32.244934,0.57038176,-0.19516057,-0.09801538,2016
34.418793,0.4964227,-0.0568008,-0.028665762,2016
36.77722,0.45247763,-0.009901861,0.037299935,2016
34.82895,0.34218913,0.052347265,-0.016551882,2016
30.662384,0.59893286,-0.15453984,-0.15468626,2016
40.34906,0.2964056,0.1881268,0.122521475,2016
39.497955,0.19787408,0.10140535,0.1036135,2016
33.013977,0.5033849,-0.070962034,-0.0724377,2016
34.64096,0.47171193,-0.08648179,-0.022068469,2016
29.025146,0.65811664,-0.27195692,-0.21981929,2016
37.898346,0.43782645,-0.01519928,0.06577892,2016
37.713776,0.41056165,-0.060235392,0.061206866,2016
36.674683,0.42501998,0.0040628184,0.034608316,2016
39.368073,0.20489345,0.18309587,0.10065616,2016
38.544342,0.21466333,0.07431584,0.08143629,2016
35.960297,0.28312543,0.09979832,0.015429878,2016
33.0755,0.5605112,-0.07896873,-0.07044287,2016
37.28653,0.3172961,0.027655762,0.050449744,2016
36.807983,0.3392782,0.0848623,0.038104497,2016
33.670258,0.42877817,-0.03511352,-0.05153439,2016
38.35977,0.24175641,0.05147738,0.07701657,2016
31.37674,0.5765582,-0.151486,-0.12839748,2016
39.867096,0.32302803,0.07407384,0.1119134,2016
37.987213,0.28983462,0.058764126,0.067964435,2016
31.892853,0.58779055,-0.1607677,-0.110136926,2016
31.985138,0.53401816,-0.10300655,-0.10693391,2016
36.825073,0.2562927,0.059440073,0.038550895,2016
34.921234,0.5200793,-0.13111706,-0.013865476,2016
33.991547,0.5263836,-0.06828521,-0.041595254,2016
38.014557,0.3223384,0.051697385,0.068634845,2016
35.72104,0.30644083,0.053574905,0.008835274,2016
32.330383,0.5326269,-0.09754299,-0.09511333,2016
32.829407,0.49992755,-0.07393718,-0.078467056,2016
35.95688,0.24011894,0.112611435,0.015336287,2016
35.034027,0.3076496,0.064548016,-0.010601309,2016
31.328888,0.5725794,-0.20061564,-0.13012098,2016
38.845123,0.3990893,-0.06919775,0.08854882,2016
40.072174,0.36044058,0.033209734,0.11645838,2016
35.574066,0.4418514,-0.029713139,0.0047403215,2016
31.397247,0.577396,-0.16670492,-0.12766044,2016
31.469025,0.5663093,-0.19497289,-0.12508836,2016
37.727448,0.23805736,0.050190628,0.06154707,2016
36.29187,0.39113465,-0.0584385,0.024425207,2016
33.612152,0.5435215,-0.16003306,-0.053352177,2016
37.310455,0.32313272,-0.008850355,0.051058654,2016
34.97934,0.48323414,-0.047349658,-0.012181306,2016
33.106262,0.4093915,-0.06642954,-0.06944823,2016
38.58194,0.2794208,0.11507058,0.08233143,2016
38.896393,0.3453494,0.0059052054,0.0897502,2016
37.01306,0.3757701,-0.06196792,0.04343407,2016
33.523285,0.50447047,-0.10505926,-0.05614452,2016
34.042816,0.4738615,-0.022848858,-0.04002658,2016
35.33139,0.50357294,-0.06484837,-0.0020956795,2016
38.544342,0.2473173,0.041329008,0.08143629,2016
39.549225,0.26029158,0.02419024,0.10477553,2016
37.412994,0.28364307,0.05408632,0.05365945,2016
36.961792,0.32141405,0.0077332617,0.04210722,2016
31.858673,0.48818848,-0.101090625,-0.111327946,2016
37.713776,0.29233584,0.058828436,0.061206866,2016
35.53305,0.37935814,0.0832731,0.0035914981,2016
30.228302,0.60442007,-0.22548704,-0.1712677,2016
34.234222,0.44125733,0.014233787,-0.03421171,2016
36.62683,0.38892946,0.009847823,0.033347066,2016
38.725494,0.30585867,0.010063031,0.085733205,2016
37.782135,0.31799117,0.07520782,0.06290543,2016
36.25769,0.3715242,0.036076874,0.023505544,2016
34.49057,0.41014698,-0.0032242304,-0.026525036,2016
36.688354,0.42152235,0.033347495,0.034968067,2016
40.858337,0.3314007,0.19003224,0.13345878,2016
38.130768,0.36741728,0.12880316,0.07147336,2016
29.77713,0.6365445,-0.2719054,-0.1890143,2016
32.58673,0.49666694,-0.10115728,-0.08649848,2016
32.614075,0.52326715,-0.10947503,-0.08558755,2016
33.827484,0.46279016,-0.07311978,-0.046646968,2016
34.227386,0.47240803,-0.03648035,-0.034418263,2016
36.30896,0.4995342,-0.030165909,0.02488439,2016
36.589233,0.44284573,0.031241441,0.032353774,2016
33.960785,0.4998404,-0.07628437,-0.042538732,2016
38.0419,0.41162652,0.036336433,0.069304295,2016
37.90518,0.2616958,0.06904517,0.0659474,2016
37.881256,0.2666716,0.045636423,0.065357454,2016
37.9086,0.34034154,0.062143628,0.06603162,2016
31.311798,0.5834999,-0.1503514,-0.1307378,2016
37.187378,0.3300049,0.025963735,0.04791799,2016
36.49695,0.39259735,-0.0057125813,0.02990701,2016
35.26645,0.48663503,-0.029487612,-0.003940989,2016
36.97888,0.2968703,0.05466585,0.042549912,2016
35.440765,0.35802698,-0.006964693,0.0009969233,2016
36.100433,0.33794165,0.011948485,0.019251838,2016
38.86905,0.31999883,0.07729253,0.08910986,2016
30.877716,0.58398837,-0.24173036,-0.14663382,2016
39.210846,0.2852088,0.09493659,0.09704999,2016
35.70053,0.41540337,-0.036023874,0.00826591,2016
34.15219,0.46009484,-0.0389552,-0.036695816,2016
36.44226,0.28738353,0.07949296,0.028451229,2016
37.9086,0.34856558,-0.011745348,0.06603162,2016
35.68686,0.40123487,-0.052519564,0.007885969,2016
31.674103,0.58109516,-0.19229276,-0.117803834,2016
35.139984,0.45457217,-0.03241725,-0.0075540594,2016
34.866547,0.48636642,-0.052399117,-0.015455704,2016
32.532043,0.5609258,-0.12444062,-0.08832492,2016
30.713654,0.5744341,-0.21571815,-0.15275878,2016
33.22934,0.52131194,-0.15079927,-0.06548713,2016
35.86801,0.43310738,0.044721454,0.012896667,2016
32.79181,0.5404617,-0.0911831,-0.07970358,2016
36.57898,0.3132005,0.020703899,0.03208252,2016
41.59665,0.34680396,0.12718134,0.14883928,2016
39.210846,0.24094763,0.07000711,0.09704999,2016
37.77188,0.24279594,0.11226977,0.06265104,2016
32.15265,0.563595,-0.13783938,-0.10116693,2016
33.24301,0.5362266,-0.084415935,-0.065048926,2016
40.783142,0.24124554,0.0796155,0.13186106,2016
35.881683,0.3052273,0.11446472,0.01327278,2016
38.48282,0.3307015,0.022647295,0.07996777,2016
28.567139,0.6196624,-0.25739354,-0.23937626,2016
36.64734,0.42060715,0.013625157,0.033888005,2016
35.02719,0.38564724,0.048630852,-0.010798539,2016
30.638458,0.62387145,-0.2073973,-0.15558797,2016
36.40808,0.41567826,-0.01677378,0.027539145,2016
40.0961,0.22197086,0.046547033,0.1169856,2016
34.815277,0.47184694,-0.05235417,-0.01695108,2016
38.048737,0.34292606,-0.014405634,0.0694715,2016
35.994476,0.37232593,0.013032465,0.016364807,2016
33.745453,0.6009673,-0.18142727,-0.049191244,2016
40.068756,0.21002008,0.05333929,0.11638301,2016
36.264526,0.31118426,0.03418843,0.023689616,2016
33.400238,0.52686584,-0.12257294,-0.06003537,2016
40.24649,0.28392333,0.15730521,0.12028519,2016
37.55313,0.27636743,0.029396527,0.057190903,2016
36.26111,0.4994709,-0.06082797,0.023597589,2016
36.99597,0.32555965,0.029614788,0.042992193,2016
30.112091,0.5875212,-0.19882749,-0.17578794,2016
38.35977,0.22629358,0.05407794,0.07701657,2016
32.5047,0.5676268,-0.16541106,-0.08924045,2016
40.478943,0.3249014,0.08497503,0.125337,2016
34.982758,0.51639533,-0.067284025,-0.012082412,2016
28.727783,0.65609884,-0.28571337,-0.23244573,2016
38.773346,0.31707498,0.073013216,0.086861536,2016
34.500824,0.3712122,0.009741289,-0.026219944,2016
37.542877,0.33638537,0.14183941,0.056933396,2016
37.330963,0.40584952,-0.0069433716,0.051579956,2016
31.99881,0.5610675,-0.116573475,-0.10646095,2016
37.18396,0.43713012,-0.083657876,0.04783047,2016
38.838287,0.1981804,0.12570663,0.08838839,2016
30.624786,0.6358731,-0.22145371,-0.15610386,2016
38.964752,0.29201835,0.0596479,0.091347136,2016
30.330841,0.6425007,-0.23046243,-0.167308,2016
33.841156,0.35507265,0.063740216,-0.04622412,2016
33.54721,0.5563873,-0.122911885,-0.05539128,2016
39.429596,0.20771435,0.093299806,0.10205944,2016
38.53409,0.23520306,0.13572037,0.08119187,2016
35.290375,0.28447115,0.045968063,-0.003260348,2016
36.585815,0.4098667,0.02182551,0.032263372,2016
42.307587,0.2954981,0.096037954,0.1631422,2016
34.647797,0.5031021,-0.11465371,-0.021866817,2016
39.098053,0.42017883,-0.0032034519,0.094445094,2016
37.224976,0.41568884,0.045046765,0.0488796,2016
37.87784,0.34828955,0.016501911,0.06527311,2016
31.400665,0.57863605,-0.2090539,-0.1275377,2016
30.92215,0.57121265,-0.14721331,-0.14498617,2016
29.090118,0.63165563,-0.2389578,-0.21709487,2016
35.444183,0.28317168,0.082261175,0.0010932597,2016
34.090668,0.44440082,-0.042626712,-0.038566742,2016
32.323547,0.62319875,-0.2405141,-0.09534493,2016
35.495453,0.36179897,-0.035028934,0.0025360778,2016
33.130188,0.4299691,-0.06435707,-0.068675905,2016
30.696564,0.5779567,-0.13946348,-0.15340056,2016
36.079926,0.29229727,0.024122972,0.01869438,2016
28.365479,0.6645255,-0.30482316,-0.24818742,2016
37.330963,0.31429446,0.08060141,0.051579956,2016
36.6781,0.4553684,0.0019315146,0.034698278,2016
32.159485,0.52913755,-0.09298657,-0.10093286,2016
30.846954,0.60497373,-0.1692741,-0.14777729,2016
33.34897,0.46468115,-0.0065917745,-0.06166503,2016
37.221558,0.3134122,0.1271526,0.04879226,2016
36.271362,0.4240448,0.019820057,0.023873618,2016
30.65213,0.5886088,-0.1554697,-0.15507254,2016
33.824066,0.5658449,-0.18275443,-0.046752732,2016
34.67514,0.36012152,0.02466159,-0.021061003,2016
33.90268,0.43398622,-0.043398716,-0.04432553,2016
38.694733,0.32965097,0.09086909,0.08500638,2016
33.704437,0.508495,-0.043602668,-0.050468024,2016
30.351349,0.58668953,-0.16095993,-0.16651928,2016
33.776215,0.47915715,-0.098717384,-0.048235692,2016
32.778137,0.58206505,-0.16692254,-0.08015393,2016
36.6781,0.34537718,0.014623589,0.034698278,2016
37.665924,0.22613855,0.04829048,0.060014203,2016
37.546295,0.37754166,7.189213e-05,0.05701925,2016
35.60141,0.43629026,-0.025772056,0.005504733,2016
43.476532,0.24803787,0.16157566,0.18564264,2016
38.988678,0.18699904,0.07077681,0.09190474,2016
39.3544,0.27008456,0.034793027,0.10034372,2016
32.70294,0.5757727,-0.13893215,-0.08263757,2016
36.555054,0.3285324,0.06151667,0.031449005,2016
30.464142,0.6243943,-0.2602238,-0.16220026,2016
38.038483,0.27939558,0.16774194,0.06922066,2016
34.02231,0.49023166,-0.113278724,-0.040653482,2016
31.636505,0.5780758,-0.20411967,-0.119132265,2016
39.6586,0.18297409,0.047114525,0.107244484,2016
38.42813,0.41442674,0.021805419,0.078658454,2016
38.540924,0.22250462,0.07127991,0.081354834,2016
38.26065,0.26605228,0.07921063,0.07462542,2016
35.269867,0.42189404,-0.017887296,-0.003843698,2016
38.78018,0.3866583,0.042143114,0.0870225,2016
35.724457,0.2984139,-0.014799463,0.008930105,2016
32.296204,0.61426497,-0.17601176,-0.096272305,2016
39.350983,0.29404038,0.1221497,0.10026558,2016
32.176575,0.5095993,-0.077987365,-0.10034812,2016
33.824066,0.50498664,-0.054535285,-0.046752732,2016
33.355804,0.4932538,-0.050191816,-0.061447453,2016
30.717072,0.6300399,-0.24426948,-0.15263051,2016
30.293243,0.62398857,-0.21302766,-0.16875678,2016
32.75763,0.5701888,-0.1601248,-0.08083016,2016
39.47061,0.28913155,0.1673982,0.10299253,2016
36.165375,0.32384172,0.052728377,0.021012947,2016
33.536957,0.41565862,-0.07613384,-0.055713966,2016
36.76013,0.3107455,0.00087823474,0.036852375,2016
31.499786,0.5950374,-0.1816937,-0.12398964,2016
39.38858,0.3284825,0.013225106,0.101124406,2016
32.077423,0.5538508,-0.12310823,-0.10374931,2016
31.817657,0.6063451,-0.20034645,-0.11276054,2016
32.80548,0.53318447,-0.08347658,-0.07925361,2016
35.379242,0.37327406,0.026818601,-0.000740313,2016
38.6127,0.2984141,0.05189004,0.08306251,2016
36.93103,0.35677686,0.021363942,0.04130934,2016
36.397827,0.3193012,0.02328877,0.027265185,2016
38.322174,0.37428433,0.028597847,0.07611103,2016
38.41104,0.39190367,-0.045236826,0.07824853,2016
37.92227,0.42854658,0.03814227,0.066368334,2016
35.997894,0.30301386,0.06708312,0.016458202,2016
34.548676,0.43511507,-0.09547178,-0.024798581,2016
37.765045,0.40592998,-0.027115084,0.062481362,2016
35.980804,0.4296922,0.003256833,0.015991049,2016
35.546722,0.33784157,0.019000772,0.003974734,2016
38.41104,0.3786774,0.016060453,0.07824853,2016
40.472107,0.23243277,0.055309787,0.12518926,2016
36.79773,0.32454228,-0.024260098,0.037836462,2016
30.898224,0.55652815,-0.16555803,-0.14587277,2016
31.906525,0.52801245,-0.07565534,-0.10966124,2016
38.318756,0.27531043,0.05958324,0.07602863,2016
28.58081,0.6070531,-0.23270333,-0.2387834,2016
39.245026,0.29787543,-0.035833403,0.0978364,2016
37.36856,0.42575273,0.0017723372,0.052534193,2016
32.091095,0.5236225,-0.092383176,-0.10327908,2016
35.4852,0.3295427,0.056734756,0.0022478476,2016
34.333344,0.493297,-0.047261693,-0.031225918,2016
35.181,0.43660223,-0.005500811,-0.0063794064,2016
35.307465,0.5184062,-0.048106685,-0.0027747406,2016
39.23477,0.1825919,0.07628435,0.097600624,2016
37.7753,0.41263154,0.013802987,0.06273585,2016
39.12198,0.35672855,-0.021388853,0.0949989,2016
31.91336,0.6178902,-0.18564391,-0.10942355,2016
34.384613,0.5523358,-0.14343779,-0.029688297,2016
41.09076,0.3022062,0.12896264,0.1383602,2016
37.966705,0.20988129,0.10389045,0.06746099,2016
36.353394,0.28677458,0.05646492,0.026076242,2016
36.8114,0.2870617,0.07371193,0.03819381,2016
34.394867,0.51735616,-0.07784463,-0.029381324,2016
31.482697,0.6081777,-0.17184383,-0.124599785,2016
36.500366,0.43387905,-0.016855767,0.029997852,2016
38.571686,0.2566975,0.07537965,0.08208747,2016
38.421295,0.33590466,0.023908388,0.07849453,2016
40.690857,0.3823413,0.050601173,0.12989216,2016
29.975372,0.58616436,-0.21325576,-0.18115075,2016
28.584229,0.65135074,-0.2817324,-0.23863527,2016
39.125397,0.274428,0.10007941,0.09507796,2016
28.276611,0.6529746,-0.24394767,-0.2521102,2016
36.702026,0.3828678,0.0131819695,0.03532755,2016
32.79181,0.48917106,-0.05526621,-0.07970358,2016
35.604828,0.4296586,-0.07970811,0.005600202,2016
34.582855,0.5207628,-0.11778623,-0.023785729,2016
34.733246,0.40330917,-0.015047213,-0.019352864,2016
37.55655,0.3542974,-0.004944092,0.057276707,2016
29.370392,0.6427052,-0.25014314,-0.20548047,2016
41.569305,0.34156653,0.13915741,0.1482794,2016
36.507202,0.471288,-0.11383152,0.030179484,2016
33.656586,0.5356204,-0.13968581,-0.051961537,2016
36.705444,0.4583686,-0.12840521,0.03541738,2016
36.349976,0.35212,0.057292853,0.025984665,2016
36.083344,0.3290628,0.0010513524,0.018787336,2016
40.102936,0.2726513,0.14392646,0.11713611,2016
33.68393,0.5458939,-0.0805969,-0.05110758,2016
31.916779,0.53378874,-0.10248286,-0.10930473,2016
36.992554,0.2474388,-0.017676145,0.04290377,2016
34.244476,0.4888211,-0.025372112,-0.03390203,2016
35.259613,0.41856444,-0.030707877,-0.0041356273,2016
34.890472,0.43478084,-0.040038284,-0.0147593655,2016
38.22647,0.38292104,0.08777185,0.07379801,2016
32.460266,0.5738533,-0.18074344,-0.090731464,2016
29.69168,0.6870883,-0.28651762,-0.19243614,2016
36.572144,0.34001872,0.012050898,0.0319016,2016
33.789886,0.53448296,-0.14902575,-0.04781156,2016
32.309875,0.53250295,-0.10539908,-0.095808424,2016
34.47348,0.34247953,0.093850054,-0.027033923,2016
38.78018,0.25321707,0.09887809,0.0870225,2016
33.595062,0.47256833,-0.019889332,-0.05388802,2016
36.907104,0.40515077,-0.06712106,0.04068785,2016
31.130646,0.56373644,-0.18057007,-0.13731767,2016
35.915863,0.3478782,0.04800815,0.014211809,2016
33.106262,0.49796695,-0.04555661,-0.06944823,2016
29.3909,0.6404838,-0.26213264,-0.20463933,2016
39.75772,0.22511399,0.06839006,0.10947024,2016
36.855835,0.39324436,0.02457739,0.03935337,2016
34.25473,0.41033912,0.0172927,-0.03359254,2016
38.147858,0.20508106,0.057666995,0.07188933,2016
37.918854,0.4627867,-0.023317734,0.06628418,2016
36.127777,0.3990849,0.03179415,0.019994128,2016
33.810394,0.43352026,-0.016446339,-0.047176007,2016
36.15854,0.42685133,-0.04988273,0.020827865,2016
35.546722,0.3703,0.046485502,0.003974734,2016
29.924103,0.6409071,-0.28779948,-0.18317445,2016
38.291412,0.24091206,0.052098874,0.07536882,2016
37.82657,0.3392867,0.0025091984,0.0640062,2016
37.481354,0.19286421,0.12204235,0.05538541,2016
37.542877,0.31484097,0.0218882,0.056933396,2016
38.000885,0.32189572,0.011033649,0.06829976,2016
38.71524,0.21904367,0.07165654,0.085491054,2016
30.768341,0.5990421,-0.17616706,-0.15070987,2016
34.162445,0.50806916,-0.07644005,-0.03638465,2016
37.949615,0.31788072,0.067588374,0.06704105,2016
36.131195,0.44797036,-0.0020791334,0.020086836,2016
35.806488,0.48456386,-0.030776758,0.011200607,2016
37.03357,0.3444923,0.051629245,0.04396378,2016
31.506622,0.56697595,-0.1927444,-0.12374578,2016
36.083344,0.31948525,0.050488714,0.018787336,2016
34.617035,0.5027419,-0.048250545,-0.022774877,2016
36.418335,0.25803667,0.06420776,0.027812948,2016
38.44522,0.29156908,0.044402834,0.07906801,2016
38.185455,0.34300745,-0.01493069,0.072803155,2016
30.255646,0.6623918,-0.2607288,-0.17020915,2016
38.421295,0.2142085,0.13561048,0.07849453,2016
33.95053,0.4965891,-0.08552287,-0.042853605,2016
33.02423,0.37771523,0.03760537,-0.072104715,2016
38.68106,0.30808276,0.12598597,0.08468297,2016
39.231354,0.30909815,0.023745561,0.097522,2016
35.977386,0.3123133,0.06143291,0.015897565,2016
34.64438,0.41946054,0.01753718,-0.021967633,2016
35.054535,0.46060884,-0.06821938,-0.010010081,2016
37.21472,0.21005239,0.04541158,0.048617534,2016
34.986176,0.37404156,0.06929596,-0.011983537,2016
32.761047,0.56232566,-0.14598699,-0.08071739,2016
34.38803,0.4054311,-0.015136909,-0.029585952,2016
31.968048,0.5668934,-0.20247124,-0.10752566,2016
33.034485,0.5428562,-0.08079993,-0.071771935,2016
35.51596,0.31565845,0.029904973,0.0031120386,2016
29.807892,0.6330232,-0.19759151,-0.18778725,2016
40.762634,0.32038006,0.15065967,0.1314243,2016
39.166412,0.19026989,0.067408904,0.09602561,2016
32.716614,0.5715019,-0.122601606,-0.08218515,2016
35.355316,0.33095172,0.068174735,-0.0014175377,2016
36.346558,0.3230751,-0.006809463,0.02589307,2016
38.81778,0.41412395,0.012638395,0.08790678,2016
34.74008,0.467515,-0.09345058,-0.019152282,2016
34.634125,0.38174406,0.0701344,-0.0222702,2016
38.592194,0.22529007,0.015227787,0.08257525,2016
34.613617,0.39876986,0.0010122985,-0.022875873,2016
36.254272,0.37796333,-0.02387454,0.023413483,2016
37.170288,0.48539272,-0.073966645,0.047480248,2016
35.092133,0.4590363,-0.038670667,-0.008927958,2016
36.059418,0.38279116,0.031217119,0.01813629,2016
38.424713,0.42658532,0.020990508,0.0785765,2016
38.11026,0.24748343,0.07236208,0.0709737,2016
34.49057,0.35849935,-0.0164654,-0.026525036,2016
37.348053,0.3216457,0.003515657,0.052013937,2016
34.94516,0.46844667,-0.03324851,-0.013171316,2016
37.03015,0.44478673,-0.034824736,0.043875534,2016
34.668304,0.39461225,0.059841968,-0.021262338,2016
37.207886,0.33216158,0.06159469,0.048442744,2016
36.859253,0.39431164,0.009387693,0.03944245,2016
39.12198,0.3669508,0.10300752,0.0949989,2016
34.244476,0.46577504,-0.032240506,-0.03390203,2016
37.03357,0.3020182,0.06464024,0.04396378,2016
36.83191,0.22832286,0.1104099,0.03872934,2016
39.262115,0.2777172,0.053057536,0.09822909,2016
36.066254,0.4098687,-0.058876462,0.018322391,2016
39.836334,0.31870776,0.14312504,0.11122762,2016
35.41342,0.45366228,-0.06262881,0.00022556352,2016
30.559845,0.56995696,-0.18082793,-0.15856065,2016
38.763092,0.25592595,0.09800902,0.08661998,2016
34.64438,0.54597753,-0.14965686,-0.021967633,2016
33.48227,0.5333571,-0.16653576,-0.05743829,2016
28.293701,0.6422974,-0.26465192,-0.25135392,2016
34.23764,0.34347934,0.057510905,-0.034108464,2016
34.798187,0.48768017,-0.10067844,-0.017450519,2016
39.750885,0.2504515,0.0265894,0.109317094,2016
38.055573,0.44647804,-0.011855907,0.069638655,2016
37.7753,0.456768,0.009361306,0.06273585,2016
34.528168,0.472335,-0.10122514,-0.025407255,2016
39.69278,0.25388658,0.06646898,0.10801324,2016
28.372314,0.6789847,-0.23628108,-0.24788669,2016
33.191742,0.54190874,-0.14292562,-0.06669405,2016
34.835785,0.4436201,-0.004701356,-0.016352402,2016
38.120514,0.36813018,0.1301579,0.0712236,2016
33.44809,0.51713675,-0.09056066,-0.05851886,2016
38.841705,0.2564992,0.051689155,0.08846861,2016
38.438385,0.41994885,0.02212625,0.078904234,2016
38.469147,0.25386703,0.06284327,0.07964078,2016
32.62433,0.56504947,-0.1638388,-0.085246354,2016
39.200592,0.2795273,0.11578199,0.096813805,2016
39.159576,0.34178165,0.14954482,0.095867805,2016
30.573517,0.6489451,-0.248093,-0.15804256,2016
35.960297,0.42414027,-0.00030632364,0.015429878,2016
38.520416,0.29259673,0.015412721,0.080865756,2016
37.146362,0.22826047,0.07123375,0.046866734,2016
35.898773,0.3467059,-0.0043440047,0.013742518,2016
36.725952,0.35476017,0.027700538,0.035956003,2016
39.07071,0.45979849,-0.048493687,0.09381134,2016
37.850494,0.49615142,-0.03936788,0.06459785,2016
31.937286,0.5768564,-0.17458059,-0.10859242,2016
34.45981,0.42151192,-0.03629873,-0.027441397,2016
28.519287,0.64437765,-0.25263762,-0.24145578,2016
35.662933,0.4019032,-0.027731076,0.0072203735,2016
37.597565,0.24211349,0.07600504,0.058305133,2016
34.401703,0.5287161,-0.1496198,-0.029176775,2016
38.120514,0.23107375,0.043522842,0.0712236,2016
38.838287,0.32383317,0.1414423,0.08838839,2016
37.447174,0.38389543,-0.00025835633,0.05452322,2016
40.37982,0.2199777,0.0964202,0.12318995,2016
30.946075,0.61480707,-0.24324147,-0.14410093,2016
34.264984,0.51862127,-0.047011297,-0.033283234,2016
37.170288,0.5266958,-0.063574955,0.047480248,2016
34.535004,0.29144326,0.051045213,-0.025204282,2016
30.874298,0.57461673,-0.15403946,-0.14676076,2016
37.87442,0.4197517,0.018251313,0.06518876,2016
36.55847,0.32396644,0.030094456,0.03153956,2016
32.97296,0.48589987,-0.060594633,-0.07377172,2016
35.796234,0.29017675,0.11206143,0.010917363,2016
31.944122,0.59070885,-0.15850143,-0.10835519,2016
33.841156,0.46872118,-0.029381966,-0.04622412,2016
32.511536,0.5205639,-0.10315541,-0.08901142,2016
38.07608,0.40893057,0.007974458,0.07013975,2016
37.122437,0.4514315,-0.030595053,0.04625243,2016
34.114594,0.4309646,-0.0039933883,-0.037838355,2016
33.574554,0.5533327,-0.087541334,-0.05453175,2016
35.269867,0.444586,0.011002904,-0.003843698,2016
36.148285,0.37678194,0.021096343,0.020550111,2016
36.414917,0.33487436,0.014871504,0.027721697,2016
33.020813,0.42926377,0.010064377,-0.072215684,2016
33.930023,0.5745493,-0.15948808,-0.04348392,2016
39.49112,0.25950417,0.09284564,0.103458345,2016
34.603363,0.5053511,-0.0812788,-0.023178978,2016
35.78598,0.42241403,-0.027413996,0.010633957,2016
38.404205,0.21236162,0.034739155,0.07808446,2016
34.586273,0.532057,-0.08798529,-0.023684554,2016
34.042816,0.51920545,-0.097418696,-0.04002658,2016
33.130188,0.48786497,-0.06621937,-0.068675905,2016
37.05066,0.36574522,-0.051932797,0.044404756,2016
33.70102,0.52848375,-0.13845395,-0.050574563,2016
34.45981,0.35322765,0.026048116,-0.027441397,2016
34.750336,0.5326157,-0.13254522,-0.018851558,2016
38.475983,0.42831022,-0.06029025,0.0798043,2016
35.950043,0.47892928,0.00076004723,0.015149052,2016
36.46277,0.3829396,0.0402088,0.028997658,2016
38.199127,0.21894908,0.060354035,0.07313501,2016
35.139984,0.40336508,0.017229626,-0.0075540594,2016
37.071167,0.36704895,0.005476803,0.044933394,2016
35.392914,0.3252068,0.10171935,-0.0003537385,2016
34.329926,0.4167516,0.0024812946,-0.03132859,2016
38.20938,0.19342357,0.06089542,0.07338374,2016
35.184418,0.4189247,0.008840999,-0.0062816422,2016
36.886597,0.28529692,0.085596524,0.040154506,2016
37.836823,0.30598122,0.0418223,0.06425986,2016
37.94278,0.25584635,0.12929818,0.066872954,2016
39.029694,0.2118161,0.10883129,0.092859045,2016
35.878265,0.29612797,0.07399047,0.013178779,2016
39.81241,0.2873135,0.0073846993,0.1106935,2016
31.67752,0.4395207,-0.049501803,-0.11768323,2016
30.457306,0.603512,-0.17001167,-0.16246112,2016
38.100006,0.2509753,0.07249665,0.070723675,2016
37.187378,0.44368583,-0.016977109,0.04791799,2016
31.390411,0.5665476,-0.1674429,-0.12790601,2016
30.987091,0.5976779,-0.21233499,-0.14258656,2016
34.367523,0.52176046,-0.0836563,-0.030200327,2016
40.116608,0.19319238,0.11024503,0.117437,2016
30.799103,0.5656744,-0.19963758,-0.14956056,2016
38.708405,0.23058896,0.1010436,0.085329555,2016
32.40558,0.52127695,-0.13430096,-0.09257218,2016
38.452057,0.26242495,0.032217845,0.07923174,2016
33.63266,0.52640337,-0.04346548,-0.05270989,2016
36.821655,0.3677589,-0.017861007,0.03846165,2016
34.8768,0.56502455,-0.16748053,-0.015157157,2016
32.50128,0.56965655,-0.19724116,-0.089355,2016
31.537384,0.5730254,-0.16296245,-0.12264967,2016
36.018402,0.3840568,-0.0009522735,0.017018203,2016
36.893433,0.43905714,-0.011374566,0.040332355,2016
31.557892,0.5599543,-0.11520632,-0.121920116,2016
41.572723,0.2089879,0.14135359,0.14834943,2016
33.154114,0.5380493,-0.21840096,-0.06790469,2016
37.9086,0.31725127,0.08103744,0.06603162,2016
36.4115,0.4219949,0.029927667,0.02763043,2016
37.310455,0.42479602,-0.018727386,0.051058654,2016
36.22693,0.3688004,-0.021127386,0.022676365,2016
30.782013,0.6320999,-0.21994156,-0.15019877,2016
37.255768,0.367275,-0.040726747,0.04966571,2016
34.671722,0.3182362,0.026034478,-0.02116166,2016
36.40808,0.42738348,0.00215678,0.027539145,2016
36.05258,0.44499326,-0.03654149,0.01795012,2016
37.72061,0.39063716,0.018911494,0.061377,2016
38.2128,0.3807482,0.008421892,0.07346663,2016
36.40808,0.3452265,0.032732278,0.027539145,2016
38.28116,0.2817411,0.0872945,0.07512116,2016
33.977875,0.42658934,-0.00748521,-0.042014368,2016
32.74054,0.525344,-0.08915931,-0.08139432,2016
35.95688,0.25999987,0.07005197,0.015336287,2016
37.23526,0.4549055,-0.05767866,0.0491423,2016
38.438385,0.26980785,0.04261828,0.078904234,2016
36.267944,0.2983824,0.05470592,0.023781626,2016
32.525208,0.3741385,-0.017406136,-0.08855366,2016
34.85971,0.40005028,-0.031159291,-0.015654834,2016
28.409912,0.6538452,-0.2709787,-0.24623524,2016
36.49695,0.42448124,0.0017336893,0.02990701,2016
38.592194,0.2074093,0.060101505,0.08257525,2016
35.389496,0.30858302,0.08886166,-0.00045035413,2016
36.72937,0.27112138,0.055291086,0.036045715,2016
33.1131,0.49361894,-0.06265807,-0.06922746,2016
34.24106,0.4828461,-0.10449706,-0.034005236,2016
35.08188,0.34678888,0.029874373,-0.009222852,2016
34.873383,0.4020256,-0.02700475,-0.015256653,2016
31.438263,0.63370776,-0.24512592,-0.12618925,2016
31.605743,0.61405754,-0.18750142,-0.12022151,2016
34.664886,0.4274288,-0.04781703,-0.021363035,2016
33.742035,0.5017076,-0.09203914,-0.049297523,2016
32.648254,0.4583925,-0.06624949,-0.08445105,2016
31.431427,0.61487824,-0.19564092,-0.12643418,2016
39.918365,0.296151,0.092642434,0.11305402,2016
37.84366,0.2702869,0.0819819,0.06442889,2016
39.86026,0.27736703,0.040605795,0.11176109,2016
38.188873,0.3849365,0.013278152,0.07288614,2016
35.307465,0.38306165,-0.022517126,-0.0027747406,2016
35.345062,0.39635533,-0.038861282,-0.0017080575,2016
31.899689,0.6257612,-0.22015479,-0.10989903,2016
37.344635,0.27600962,0.038008578,0.051927175,2016
32.05008,0.6051884,-0.20018104,-0.104690984,2016
31.311798,0.6255946,-0.23826781,-0.1307378,2016
29.869415,0.6488783,-0.3598533,-0.1853407,2016
40.068756,0.3139746,-0.026478836,0.11638301,2016
33.082336,0.5578939,-0.12663478,-0.07022168,2016
38.39737,0.29893783,0.04088842,0.07792033,2016
37.549713,0.42811924,-0.06912378,0.057105083,2016
32.087677,0.5875549,-0.21682656,-0.1033966,2016
36.148285,0.3003456,0.063028455,0.020550111,2016
38.58194,0.26977605,0.07646344,0.08233143,2016
36.42859,0.4625923,-0.009699582,0.0280866,2016
35.799652,0.3154893,0.09008707,0.011011795,2016
30.036896,0.58708495,-0.18304217,-0.17873146,2016
32.11502,0.5380865,-0.106488526,-0.10245713,2016
37.16687,0.41320798,-0.018289814,0.04739265,2016
31.76297,0.63868165,-0.26077175,-0.11467642,2016
33.824066,0.5211962,-0.039053686,-0.046752732,2016
36.421753,0.38370666,0.043231502,0.027904183,2016
34.79135,0.50126326,-0.058224075,-0.017650431,2016
35.4852,0.44116828,-0.004229645,0.0022478476,2016
30.125763,0.6437143,-0.24457602,-0.17525434,2016
37.86075,0.34121752,0.09028302,0.064851195,2016
39.70645,0.17246677,0.10082248,0.10832038,2016
38.992096,0.26714382,0.14758973,0.09198434,2016
38.68106,0.4174827,0.0028779902,0.08468297,2016
36.804565,0.41774133,0.006339728,0.03801517,2016
36.91394,0.26683006,0.021331865,0.040865503,2016
31.253693,0.5763411,-0.16719833,-0.13284002,2016
37.871002,0.35094514,-0.024136534,0.06510439,2016
36.78064,0.47221187,-0.028814131,0.037389398,2016
38.219635,0.3262141,0.022348683,0.073632345,2016
37.06775,0.43549547,0.0093711335,0.044845328,2016
35.016937,0.46904582,-0.052806724,-0.011094528,2016
35.105804,0.4016665,-0.0043181144,-0.008535033,2016
33.991547,0.5220583,-0.12837681,-0.041595254,2016
33.472015,0.5401548,-0.11909873,-0.05776223,2016
33.909515,0.35926166,0.0073028565,-0.044115,2016
33.393402,0.53381896,-0.13450114,-0.06025237,2016
35.153656,0.40704182,0.03565996,-0.007162204,2016
35.543304,0.4342575,-0.07700268,0.0038789525,2016
34.685394,0.464267,-0.03174783,-0.020759152,2016
28.331299,0.6165307,-0.23587237,-0.24969327,2016
36.056,0.31351998,0.013396297,0.018043213,2016
40.294373,0.28570265,0.09712268,0.12133056,2016
31.99881,0.5513915,-0.14815766,-0.10646095,2016
33.742035,0.46131867,-0.028420903,-0.049297523,2016
38.66739,0.29895413,0.0015427612,0.08435933,2016
35.423676,0.36961034,-0.028592948,0.000514963,2016
36.551636,0.43550128,0.013088869,0.031358436,2016
39.385162,0.28313747,0.14258021,0.1010464,2016
36.77722,0.275401,0.051843576,0.037299935,2016
28.891846,0.66637516,-0.28746438,-0.22544728,2016
28.358643,0.6453156,-0.2678676,-0.2484883,2016
35.97397,0.45382333,-0.045385607,0.015804064,2016
37.450592,0.47310716,-0.032393686,0.054609507,2016
35.594574,0.46638808,-0.019112743,0.00531374,2016
38.759674,0.21126983,0.13380621,0.08653944,2016
33.41391,0.48862606,-0.07907905,-0.05960164,2016
31.15799,0.5487981,-0.11356914,-0.13631958,2016
28.321045,0.64823604,-0.28155354,-0.25014573,2016
36.185883,0.36104956,0.021273453,0.021567773,2016
40.321716,0.3449981,0.10190204,0.12192643,2016
37.307037,0.35544887,-0.04302977,0.050971717,2016
37.464264,0.3337227,0.09820881,0.05495451,2016
38.83487,0.26738414,0.08905802,0.088308156,2016
34.182953,0.40873367,-0.044030312,-0.035762876,2016
37.32071,0.32320085,0.022554513,0.05131938,2016
34.418793,0.4384172,-0.024205074,-0.028665762,2016
29.066162,0.6364621,-0.26408792,-0.21809798,2016
34.835785,0.4464853,-0.02253627,-0.016352402,2016
37.912018,0.24984364,0.096508,0.06611582,2016
39.802155,0.27413106,0.0042140884,0.110464394,2016
37.932526,0.28895524,0.024258617,0.066620715,2016
31.892853,0.6065263,-0.16795364,-0.110136926,2016
39.395416,0.20144616,0.1234145,0.10128038,2016
37.259186,0.27871427,0.06577521,0.049752887,2016
29.87967,0.6610583,-0.2594743,-0.18493393,2016
35.41684,0.29855493,0.11020351,0.00032204864,2016
38.95108,0.33547056,0.0075774356,0.0910282,2016
34.94516,0.39400202,0.030529032,-0.013171316,2016
29.852325,0.630036,-0.23418014,-0.18601929,2016
33.854828,0.48837328,-0.06043548,-0.045801613,2016
36.233765,0.3514572,0.049673308,0.022860749,2016
39.32364,0.17543066,0.053535387,0.099639945,2016
37.84024,0.35895193,0.051766943,0.064344384,2016
34.746918,0.5059756,-0.067166485,-0.01895178,2016
31.263947,0.59119433,-0.17189534,-0.13246846,2016
36.86609,0.43392757,-0.010213133,0.039620563,2016
32.463684,0.49004292,0.004840642,-0.09061663,2016
33.389984,0.48034424,-0.034240168,-0.0603609,2016
35.143402,0.44646552,-0.025204176,-0.007456067,2016
38.95108,0.35000083,-0.0046890834,0.0910282,2016
33.431,0.5059646,-0.069788,-0.05905997,2016
35.324554,0.53784394,-0.13762505,-0.0022896032,2016
30.077911,0.627418,-0.20612502,-0.17712408,2016
34.852875,0.462021,-0.020551493,-0.01585404,2016
34.16928,0.4489325,-0.06572609,-0.03617731,2016
33.01056,0.546944,-0.15302111,-0.07254874,2016
35.76889,0.44386783,-0.048789866,0.010161253,2016
36.787476,0.33603644,-0.040813245,0.037568275,2016
35.276703,0.52557683,-0.09279693,-0.0036491726,2016
39.880768,0.2179864,0.08292847,0.11221785,2016
36.71228,0.37407577,0.09403513,0.03559699,2016
38.66739,0.34042427,0.07235368,0.08435933,2016
38.069244,0.21592878,0.071324766,0.069972776,2016
37.894928,0.36081985,-0.013499662,0.06569466,2016
38.048737,0.3855601,0.03075002,0.0694715,2016
39.955963,0.24040717,0.12479795,0.11388862,2016
31.619415,0.5889888,-0.13692997,-0.11973714,2016
37.09851,0.38583958,0.009054746,0.045637332,2016
33.307953,0.50445896,-0.0766188,-0.062972374,2016
30.368439,0.5965127,-0.22662924,-0.16586283,2016
38.609283,0.20416503,0.13226567,0.08298133,2016
33.837738,0.54867107,-0.12787412,-0.0463298,2016
40.208893,0.19128112,0.08819333,0.11946261,2016
39.42276,0.22860487,0.14017858,0.10190373,2016
34.767426,0.46026915,-0.032985758,-0.018350745,2016
35.809906,0.35231936,-0.02700818,0.011294985,2016
33.595062,0.45291433,-0.051825404,-0.05388802,2016
38.000885,0.22201079,0.11241807,0.06829976,2016
31.985138,0.56795496,-0.15715845,-0.10693391,2016
35.97397,0.3385094,0.022681708,0.015804064,2016
29.72586,0.6406163,-0.24341966,-0.19106504,2016
33.93344,0.3617381,-0.02092428,-0.043378815,2016
39.378326,0.26285377,0.020006625,0.10089034,2016
36.59265,0.3467063,0.020878006,0.032444157,2016
28.43042,0.6571253,-0.28149134,-0.2453363,2016
32.33722,0.54620117,-0.13240023,-0.094881825,2016
33.33188,0.44085234,-0.092167735,-0.062209364,2016
31.657013,0.5443455,-0.15549175,-0.11840728,2016
33.677094,0.5298395,-0.080232784,-0.05132094,2016
35.946625,0.43648466,0.023353258,0.015055408,2016
38.1752,0.42475066,0.053148795,0.07255411,2016
35.256195,0.5091612,-0.057859216,-0.0042329747,2016
39.921783,0.4453638,0.023969667,0.11312996,2016
32.648254,0.53812885,-0.103028305,-0.08445105,2016
33.923187,0.49568078,-0.080065124,-0.043694194,2016
38.390533,0.22671416,0.061781526,0.077756144,2016
32.764465,0.5141752,-0.048910152,-0.08060465,2016
29.438751,0.6381652,-0.23948723,-0.20268123,2016
33.940277,0.44675478,-0.009018415,-0.043168668,2016
35.167328,0.35970828,-0.0023995778,-0.006770653,2016
37.89151,0.35800913,0.08720774,0.06561038,2016
38.56143,0.3019927,0.019615442,0.08184339,2016
30.474396,0.5868988,-0.25177914,-0.1618092,2016
38.619537,0.24458176,0.059782196,0.08322481,2016
38.54776,0.28805268,0.14808217,0.08151774,2016
33.998383,0.40547594,-0.05054848,-0.041385826,2016
36.418335,0.34757465,0.014781676,0.027812948,2016
39.34073,0.18037207,0.035886966,0.10003107,2016
34.18979,0.46201482,-0.080974236,-0.035555787,2016
36.59265,0.3032963,0.06539276,0.032444157,2016
36.927612,0.40209255,0.0055394783,0.04122061,2016
29.780548,0.6422513,-0.23599966,-0.18887784,2016
33.321625,0.48733017,-0.101083875,-0.06253623,2016
38.147858,0.28269345,0.004044646,0.07188933,2016
29.84549,0.6411479,-0.23022476,-0.18629093,2016
41.063416,0.22523214,0.1113927,0.13778645,2016
36.702026,0.35248947,0.045476623,0.03532755,2016
41.282166,0.33512697,0.091578454,0.14235522,2016
31.448517,0.5887277,-0.21201046,-0.12582205,2016
30.334259,0.6380242,-0.20630781,-0.16717649,2016
35.895355,0.32251102,0.035722546,0.013648606,2016
34.40512,0.3842135,0.028315516,-0.029074533,2016
38.301666,0.3655118,0.054077126,0.07561636,2016
36.937866,0.34114763,0.04127156,0.041486766,2016
33.119934,0.55857086,-0.098954864,-0.06900676,2016
32.685852,0.5094797,-0.06853386,-0.08320363,2016
35.55356,0.43967867,-0.0094290245,0.0041662413,2016
36.8114,0.4569013,-0.015978266,0.03819381,2016
35.98764,0.30531093,0.05496439,0.016177963,2016
33.04474,0.54989403,-0.123491876,-0.071439356,2016
31.84842,0.5063874,-0.038130194,-0.111685745,2016
36.589233,0.35635328,0.0048518036,0.032353774,2016
38.517,0.3273692,0.045732472,0.080784194,2016
36.623413,0.36869082,0.005692192,0.03325685,2016
38.71866,0.28353384,0.1038779,0.08557179,2016
29.59256,0.6082799,-0.21144533,-0.19643025,2016
29.038818,0.6318237,-0.24840961,-0.21924499,2016
34.97934,0.51326865,-0.083458915,-0.012181306,2016
36.76355,0.4692775,-0.034777537,0.03694192,2016
38.44864,0.22088674,0.14748852,0.07914988,2016
31.181915,0.5479341,-0.10546601,-0.1354477,2016
39.850006,0.2634509,0.0699548,0.11153254,2016
37.68985,0.36188534,0.013390403,0.060610913,2016
35.86801,0.3611969,0.019938838,0.012896667,2016
40.06534,0.15982737,-0.0038641049,0.11630763,2016
32.108185,0.5179084,-0.07490569,-0.10269185,2016
37.25235,0.32993352,0.039645016,0.049578514,2016
38.052155,0.19252068,0.09004212,0.06955509,2016
33.977875,0.52181333,-0.0803783,-0.042014368,2016
35.680023,0.46644327,-0.039054226,0.00769589,2016
37.85733,0.24675713,0.106691405,0.064766765,2016
35.252777,0.40639162,-0.047269505,-0.0043303412,2016
39.463776,0.17638361,0.059292704,0.102837145,2016
38.694733,0.31995344,0.04394874,0.08500638,2016
38.57852,0.3857756,0.09849872,0.08225012,2016
35.765472,0.35761622,0.022714537,0.010066657,2016
33.85141,0.5481029,-0.11446793,-0.04590721,2016
37.79239,0.21967082,0.017206153,0.06315968,2016
39.617584,0.35791606,0.047962774,0.106320225,2016
34.16928,0.48682943,-0.071310826,-0.03617731,2016
33.2601,0.54416215,-0.09408746,-0.06450168,2016
37.59073,0.29283562,-0.0051091486,0.058133885,2016
37.55313,0.26507726,0.08825176,0.057190903,2016
31.615997,0.5934274,-0.1943495,-0.11985819,2016
35.474945,0.5019759,-0.06733987,0.001959451,2016
31.366486,0.55610484,-0.13120325,-0.12876636,2016
38.787018,0.40241945,0.0027362143,0.0871834,2016
34.938324,0.42619777,-0.047181062,-0.01336955,2016
33.00714,0.3191486,0.10884258,-0.072659805,2016
37.45401,0.32688037,0.012799935,0.05469578,2016
38.68106,0.30829203,0.01553356,0.08468297,2016
38.711823,0.26329792,0.05286036,0.08541031,2016
34.00522,0.50623524,-0.11842389,-0.04117648,2016
31.838165,0.5348963,-0.15480731,-0.11204378,2016
29.353302,0.6407086,-0.2692179,-0.20618232,2016
36.20981,0.3394113,0.01785112,0.022214277,2016
36.018402,0.25859776,0.056949664,0.017018203,2016
34.487152,0.5011938,-0.11309986,-0.026626773,2016
38.776764,0.21708387,0.0970865,0.086942025,2016
37.18396,0.39296108,0.02469649,0.04783047,2016
38.93741,0.24414654,0.026830027,0.09070904,2016
38.58194,0.2012552,0.09732536,0.08233143,2016
37.105347,0.36626157,0.054154832,0.045813154,2016
36.449097,0.5263586,-0.086460315,0.02863344,2016
35.7518,0.48145103,-0.0633004,0.009688096,2016
36.514038,0.5078596,-0.0804569,0.030361047,2016
28.847412,0.6419327,-0.262384,-0.22733483,2016
37.683014,0.25173596,0.08063002,0.060440503,2016
33.926605,0.44881806,-0.06895332,-0.043589048,2016
34.835785,0.37594867,-0.005523339,-0.016352402,2016
32.819153,0.5335577,-0.11459449,-0.07880401,2016
36.17563,0.40497273,-0.052955586,0.021290438,2016
35.256195,0.40436,0.017327586,-0.0042329747,2016
38.76651,0.20060968,0.13675812,0.086700514,2016
31.216095,0.59374,-0.18882963,-0.13420445,2016
35.823578,0.3962565,-0.0636178,0.011672319,2016
31.69461,0.53272766,-0.1185345,-0.11708057,2016
39.207428,0.24568959,0.08241459,0.09697127,2016
35.83725,0.41559675,-0.033901587,0.012049365,2016
31.30838,0.57361424,-0.15563141,-0.13086124,2016
37.95645,0.31818253,-0.048581667,0.06720907,2016
34.11801,0.43194348,0.0055373353,-0.037734386,2016
40.543884,0.22537841,0.082241595,0.126738,2016
39.730377,0.2997849,0.16207352,0.10885735,2016
35.70053,0.36472318,-0.001137224,0.00826591,2016
39.6586,0.20293732,0.05791609,0.107244484,2016
27.986053,0.6684193,-0.23975243,-0.26510993,2016
37.717194,0.34367287,0.035392553,0.06129194,2016
35.136566,0.45866123,-0.034344133,-0.007652071,2016
36.654175,0.41677466,0.05948095,0.034068182,2016
37.87442,0.3242806,0.0050569223,0.06518876,2016
31.315216,0.589569,-0.20637514,-0.13061439,2016
35.040863,0.45556855,-0.043695513,-0.0104041565,2016
36.3739,0.2951182,0.068334274,0.026625346,2016
36.264526,0.3561139,-0.016757797,0.023689616,2016
37.836823,0.31864083,0.024295846,0.06425986,2016
29.346466,0.64545804,-0.24557881,-0.20646328,2016
35.628754,0.32044008,0.08196484,0.0062679714,2016
36.36023,0.27729234,0.06161517,0.026259346,2016
35.642426,0.42452398,-0.03465,0.0066491514,2016
38.92032,0.2698548,0.028411398,0.09030977,2016
34.6102,0.41768187,-0.035381466,-0.022976888,2016
33.64975,0.49199802,-0.09969834,-0.052175242,2016
33.977875,0.48249584,-0.014642399,-0.042014368,2016
34.99301,0.43142188,-0.05691796,-0.011785844,2016
32.06375,0.55350083,-0.13235697,-0.10421994,2016
33.98813,0.42691493,-0.019339785,-0.0417,2016
38.349518,0.28925976,0.07145731,0.076769784,2016
29.60965,0.635627,-0.21741667,-0.1957397,2016
36.589233,0.45652828,-0.012732415,0.032353774,2016
37.33438,0.4194607,0.02982342,0.051666785,2016
37.963287,0.326309,-0.001967605,0.06737703,2016
38.274323,0.22241065,0.061966673,0.07495597,2016
38.270905,0.3605299,0.04685224,0.07487335,2016
30.970001,0.53672427,-0.114988126,-0.14321706,2016
37.228394,0.27169177,0.09032725,0.048966922,2016
40.06192,0.34607005,0.12187083,0.11623223,2016
35.085297,0.28547022,0.07631164,-0.009124535,2016
39.914948,0.22366245,0.15613757,0.11297807,2016
39.40909,0.27109408,0.018211294,0.10159216,2016
37.262604,0.43085977,-0.064716175,0.04984005,2016
33.048157,0.5074272,-0.08198687,-0.07132854,2016
33.861664,0.590615,-0.17675628,-0.04559049,2016
36.09018,0.3923776,0.0030591725,0.018973188,2016
30.12918,0.61687714,-0.22059119,-0.17512101,2016
37.293365,0.39139736,0.026041465,0.050623797,2016
35.102386,0.44594488,0.0013505826,-0.0086332355,2016
33.454926,0.4329529,-0.039899796,-0.05830257,2016
34.429047,0.5397942,-0.15020075,-0.028359398,2016
37.06433,0.34821406,0.042507503,0.044757247,2016
35.06479,0.43178073,0.007093713,-0.009714726,2016
33.34897,0.5444664,-0.081411414,-0.06166503,2016
30.41629,0.608312,-0.21937323,-0.16402866,2016
39.361237,0.24633464,0.029001193,0.100499965,2016
31.349396,0.6277986,-0.22432694,-0.12938169,2016
37.361725,0.24589121,0.12524177,0.052360836,2016
35.3519,0.40711457,-0.039531156,-0.0015143589,2016
32.32013,0.5108224,-0.091828115,-0.095460765,2016
32.95587,0.5553143,-0.11029905,-0.07432855,2016
39.662018,0.27361253,0.0747052,0.10732142,2016
35.65268,0.4728832,-0.02298304,0.0069348444,2016
35.775726,0.37730062,-0.05727021,0.0103503885,2016
38.09659,0.24188945,0.067430064,0.0706403,2016
36.961792,0.30291197,0.053133897,0.04210722,2016
36.288452,0.3895733,0.05179856,0.024333319,2016
33.55063,0.4950855,-0.058578674,-0.055283763,2016
40.783142,0.19830935,0.085723,0.13186106,2016
31.916779,0.5565364,-0.13467015,-0.10930473,2016
35.345062,0.46440262,-0.10240847,-0.0017080575,2016
34.326508,0.5237299,-0.12604111,-0.03143128,2016
33.386566,0.56039804,-0.14718246,-0.060469456,2016
36.00473,0.29222164,0.045175802,0.01664494,2016
39.282623,0.18776312,0.11212555,0.09869987,2016
36.64734,0.26616192,0.04836324,0.033888005,2016
41.972626,0.28251332,0.12715824,0.1564637,2016
32.159485,0.52917784,-0.09550663,-0.10093286,2016
31.892853,0.5565749,-0.12999338,-0.110136926,2016
30.036896,0.6132272,-0.24336675,-0.17873146,2016
30.93924,0.5915739,-0.21656352,-0.14435372,2016
38.906647,0.24246745,0.0853316,0.0899901,2016
36.633667,0.34004614,0.099986784,0.03352745,2016
32.398743,0.566688,-0.15108745,-0.0928027,2016
39.098053,0.25652748,0.032631226,0.094445094,2016
37.498444,0.39073825,0.06289992,0.055815917,2016
29.028564,0.6254863,-0.25528738,-0.21967566,2016
34.193207,0.44057512,-0.02488843,-0.035452273,2016
33.290863,0.49790236,-0.06022503,-0.06351805,2016
39.750885,0.37170744,0.016501505,0.109317094,2016
38.325592,0.344591,-0.03346608,0.07619343,2016
34.032562,0.5006214,-0.05145118,-0.040339936,2016
31.732208,0.5629395,-0.14417778,-0.115757,2016
28.73462,0.64339226,-0.26691407,-0.23215254,2016
39.37491,0.3187694,0.13665216,0.10081229,2016
35.02719,0.40283796,-0.0023729734,-0.010798539,2016
34.55551,0.46202597,-0.09573874,-0.02459585,2016
34.613617,0.47408777,-0.03103365,-0.022875873,2016
37.55313,0.28855214,0.026810236,0.057190903,2016
31.045197,0.6339764,-0.23354699,-0.14044805,2016
33.554047,0.5200173,-0.06424412,-0.055176266,2016
37.378815,0.2798906,0.013025091,0.052794103,2016
39.703033,0.21623011,0.048602805,0.108243614,2016
36.387573,0.43580928,-0.011795077,0.026991071,2016
39.159576,0.34314814,0.007904202,0.095867805,2016
39.74063,0.20778814,0.065164156,0.10908728,2016
34.999847,0.35251296,0.0073983767,-0.011588229,2016
35.24594,0.4180766,-0.015978156,-0.0045251306,2016
36.52771,0.31390306,0.06547108,0.03072397,2016
33.36606,0.5633695,-0.124581575,-0.061121255,2016
34.111176,0.43375856,-0.02298922,-0.03794235,2016
36.30896,0.37302235,0.0133629935,0.02488439,2016
37.221558,0.33826345,0.05916717,0.04879226,2016
36.708862,0.20610292,0.055872526,0.03550719,2016
34.44272,0.38896114,0.039638486,-0.027951196,2016
36.68152,0.45885625,-0.0017466052,0.034788225,2016
37.9086,0.30273268,0.02274307,0.06603162,2016
28.673096,0.6402514,-0.2709529,-0.23479635,2016
38.31534,0.3478863,0.04918073,0.075946204,2016
37.662506,0.3583816,0.01728073,0.059928898,2016
38.1752,0.22262982,0.059749063,0.07255411,2016
30.628204,0.5452575,-0.13294773,-0.15597484,2016
31.868927,0.5807754,-0.124808565,-0.11097037,2016
34.89731,0.4233196,0.013915803,-0.014560588,2016
34.401703,0.46726435,0.08957136,-0.029176775,2016
37.669342,0.44673654,0.009164835,0.060099494,2016
32.55255,0.5985211,-0.20489328,-0.08763929,2016
37.84024,0.20552963,0.089256495,0.064344384,2016
36.39099,0.4413014,-0.008521715,0.02708246,2016
39.28604,0.19323541,0.09442059,0.09877828,2016
34.415375,0.48363253,-0.06641779,-0.028767925,2016
36.756714,0.4808289,-0.016909845,0.036762815,2016
33.964203,0.4701667,-0.07702572,-0.042433817,2016
37.847076,0.21452658,0.07134857,0.06451338,2016
34.798187,0.3759479,0.013358583,-0.017450519,2016
39.754303,0.33894017,0.08774211,0.10939368,2016
37.75479,0.39067933,-0.04343639,0.062226743,2016
31.479279,0.58358324,-0.18244423,-0.12472189,2016
37.006226,0.27426246,0.06472684,0.043257367,2016
28.05783,0.6681455,-0.3007382,-0.2618735,2016
36.52771,0.43205583,-0.09503393,0.03072397,2016
35.02719,0.4657936,-0.03973776,-0.010798539,2016
31.626251,0.55053616,-0.15189251,-0.11949511,2016
35.21518,0.35328308,0.0078014447,-0.0054026195,2016
34.634125,0.4884706,-0.102603555,-0.0222702,2016
35.912445,0.41198042,0.032686125,0.014117987,2016
33.981293,0.48581403,-0.016350348,-0.041909557,2016
32.68927,0.5813117,-0.14356634,-0.08309037,2016
31.704865,0.60568225,-0.21945776,-0.11671928,2016
39.057037,0.3153129,0.113942795,0.09349413,2016
35.621918,0.33964676,0.055945158,0.0060772714,2016
36.32605,0.42370808,-0.036494132,0.025343139,2016
35.068207,0.46203822,-0.028644929,-0.0096163135,2016
35.823578,0.29923403,0.047383286,0.011672319,2016
39.586823,0.20884329,0.08774277,0.10562578,2016
38.86563,0.19433032,0.2056739,0.08902975,2016
37.60782,0.2901535,0.060955063,0.05856189,2016
36.271362,0.32782698,0.01600235,0.023873618,2016
36.57898,0.30239913,-0.0019996886,0.03208252,2016
39.207428,0.37285107,0.0335115,0.09697127,2016
33.16095,0.55616325,-0.13995846,-0.067684546,2016
36.00815,0.3965343,-0.0045782384,0.016738283,2016
39.17325,0.31407112,0.07096701,0.09618336,2016
33.796722,0.59045863,-0.18706022,-0.04759962,2016
40.46869,0.2790594,0.18204443,0.12511538,2016
38.17862,0.21637993,0.09116313,0.07263714,2016
34.753754,0.49447542,-0.08197065,-0.018751355,2016
37.79239,0.3195381,-0.017908454,0.06315968,2016
33.93344,0.49343997,-0.0434535,-0.043378815,2016
39.426178,0.16269287,0.07090544,0.10198159,2016
40.369568,0.17606357,0.11610963,0.122967236,2016
35.93637,0.46533844,-0.10173914,0.014774369,2016
35.826996,0.48764077,-0.057869546,0.011766608,2016
36.8114,0.34121498,0.024212854,0.03819381,2016
35.290375,0.4269455,-0.057491995,-0.003260348,2016
36.03891,0.39606857,0.03719698,0.017577564,2016
38.188873,0.2658648,0.13193186,0.07288614,2016
28.86792,0.66191196,-0.27353448,-0.22646293,2016
37.395905,0.26034614,0.06936241,0.053226974,2016
37.45401,0.3428231,0.023302654,0.05469578,2016
35.150238,0.39237335,-0.0097061265,-0.007260139,2016
33.591644,0.5374296,-0.14037059,-0.053995255,2016
32.09793,0.54607135,-0.12360519,-0.10304411,2016
37.187378,0.40880635,0.008936791,0.04791799,2016
32.60382,0.5699673,-0.121447645,-0.08592898,2016
37.918854,0.410104,0.030519245,0.06628418,2016
33.759125,0.50663126,-0.052847344,-0.048766337,2016
39.747467,0.29090592,0.010599235,0.1092405,2016
37.361725,0.3912032,-0.005533589,0.052360836,2016
32.600403,0.5379221,-0.10248172,-0.08604283,2016
35.88852,0.44318363,-0.060087092,0.013460729,2016
34.33676,0.41116464,-0.049731515,-0.031123267,2016
35.526215,0.28947368,0.05452996,0.0033997695,2016
39.17325,0.3102373,0.07518017,0.09618336,2016
38.014557,0.28831986,0.018225357,0.068634845,2016
31.301544,0.65113413,-0.23961721,-0.13110821,2016
29.561798,0.6482795,-0.2499404,-0.19767524,2016
37.163452,0.32486367,0.05505801,0.047305036,2016
32.022736,0.5561362,-0.16366455,-0.105634265,2016
31.352814,0.56444556,-0.14932558,-0.12925857,2016
33.352386,0.52101237,-0.08913176,-0.06155623,2016
32.508118,0.54224074,-0.08874943,-0.089125924,2016
33.536957,0.47166595,-0.040205255,-0.055713966,2016
32.15265,0.54952675,-0.12504591,-0.10116693,2016
35.929535,0.49209595,-0.083726935,0.01458692,2016
37.727448,0.32981485,0.14311318,0.06154707,2016
35.003265,0.51168126,-0.04705073,-0.01148945,2016
33.14386,0.5477915,-0.12646261,-0.06823508,2016
33.287445,0.5305795,-0.0734422,-0.06362725,2016
35.003265,0.33117276,0.068758234,-0.01148945,2016
32.65851,0.55880964,-0.15099071,-0.08411056,2016
32.41925,0.58932155,-0.18447371,-0.092111416,2016
39.662018,0.33311772,0.09667882,0.10732142,2016
31.803986,0.49997437,-0.13156639,-0.11323889,2016
34.264984,0.46352288,-0.04373344,-0.033283234,2016
38.400787,0.23194164,0.07084505,0.0780024,2016
37.122437,0.33482835,0.09556932,0.04625243,2016
38.15811,0.20097771,0.069388404,0.072138734,2016
39.043365,0.20387082,0.12263684,0.0931767,2016
30.19754,0.6144976,-0.25398666,-0.17246085,2016
32.381653,0.576875,-0.10608705,-0.093379445,2016
36.367065,0.28889808,0.09476594,0.02644238,2016
35.864594,0.4409083,0.0,0.012802594,2016
39.805573,0.16952087,0.054626115,0.11054078,2016
32.89435,0.5565497,-0.13014586,-0.076337904,2016
36.179047,0.5058531,-0.112233564,0.021382902,2016
39.214264,0.19733053,0.07963917,0.0971287,2016
35.642426,0.481929,-0.03689367,0.0066491514,2016
38.872467,0.19216631,0.10397082,0.08918995,2016
35.762054,0.32596865,0.008117218,0.009972044,2016
35.02719,0.49366686,-0.051037073,-0.010798539,2016
37.16687,0.33358422,0.018400755,0.04739265,2016
35.792816,0.46898237,-0.031393893,0.010822913,2016
37.90518,0.24691369,0.13128698,0.0659474,2016
36.39099,0.3378874,0.072017424,0.02708246,2016
37.01648,0.31657937,0.02781008,0.043522395,2016
40.437927,0.3943964,0.07285239,0.12444984,2016
38.88614,0.25992915,-0.0012485855,0.08951018,2016
37.327545,0.25528887,0.08141578,0.051493112,2016
33.618988,0.53999346,-0.109275095,-0.053137995,2016
38.38028,0.29970795,0.018819813,0.07750975,2016
37.036987,0.32694143,0.042189505,0.04405201,2016
36.30896,0.43809515,-0.020600054,0.02488439,2016
38.09317,0.44383428,-0.013441271,0.07055692,2016
37.84366,0.26928794,0.0655527,0.06442889,2016
37.187378,0.30337578,0.07864779,0.04791799,2016
31.67752,0.58881646,-0.14079852,-0.11768323,2016
34.306,0.46661913,-0.073155105,-0.03204786,2016
36.599487,0.41462728,-0.05588741,0.032624874,2016
38.171783,0.30736744,0.0050705555,0.07247107,2016
32.391907,0.5501654,-0.13353339,-0.09303333,2016
35.45102,0.26801857,0.06610511,0.0012858765,2016
30.351349,0.64814806,-0.24695492,-0.16651928,2016
35.57065,0.44370946,0.05016118,0.0046446873,2016
33.63266,0.518412,-0.13223672,-0.05270989,2016
30.638458,0.59557885,-0.22037286,-0.15558797,2016
29.746368,0.64143735,-0.2678036,-0.1902439,2016
38.400787,0.341631,-0.039586112,0.0780024,2016
35.676605,0.4581042,-0.027056476,0.0076008234,2016
34.4393,0.49684662,-0.044224612,-0.028053215,2016
35.11606,0.30298114,0.06251236,-0.0082405405,2016
35.98764,0.38497785,0.00648216,0.016177963,2016
41.101013,0.26254356,0.104623064,0.13857517,2016
37.696686,0.22294581,0.100144796,0.060781263,2016
35.39975,0.33954006,-0.006948526,-0.00016056326,2016
35.63217,0.4788906,-0.060611457,0.0063632936,2016
36.859253,0.3547351,-0.006297422,0.03944245,2016
39.296295,0.33374602,0.0,0.09901344,2016
39.241608,0.26799682,0.04658818,0.09775782,2016
38.065826,0.40654275,0.022797553,0.06988927,2016
39.433014,0.31680787,0.16419771,0.10213727,2016
39.703033,0.17424074,0.107888356,0.108243614,2016
34.07016,0.4526596,-0.089330934,-0.039191883,2016
38.660553,0.22473592,0.15251671,0.08419743,2016
37.296783,0.23208219,0.08613211,0.0507108,2016
37.63858,0.37743604,0.048114724,0.05933132,2016
31.49295,0.6112972,-0.21707629,-0.12423362,2016
32.10135,0.6142662,-0.20766953,-0.102926664,2016
32.918274,0.5312927,-0.10195001,-0.07555559,2016
31.59549,0.62728685,-0.24005608,-0.12058506,2016
36.329468,0.3393368,-0.0104096085,0.025434839,2016
32.901184,0.45363185,-0.027032638,-0.07611427,2016
29.05249,0.64595747,-0.25387332,-0.21867122,2016
28.163818,0.6409212,-0.27948776,-0.25712478,2016
35.290375,0.50529736,-0.064082265,-0.003260348,2016
40.36615,0.28534698,0.07652149,0.122892976,2016
36.770386,0.35764557,0.005269512,0.03712096,2016
29.30545,0.6623336,-0.30045965,-0.20815183,2016
37.768463,0.4310217,-0.07649011,0.062566206,2016
34.33676,0.47975424,-0.050401267,-0.031123267,2016
34.52133,0.3940911,-0.0077098166,-0.025610305,2016
36.33972,0.39567304,-0.00927891,0.025709828,2016
31.048615,0.5784761,-0.14474556,-0.14032249,2016
38.875885,0.33681673,0.001706738,0.089270025,2016
37.040405,0.4575282,-0.06954712,0.04414022,2016
37.542877,0.39760676,0.026707878,0.056933396,2016
37.60782,0.27589783,0.084663674,0.05856189,2016
42.174286,0.25139928,0.22866268,0.16049714,2016
39.84317,0.2225334,0.04020415,0.11138011,2016
36.568726,0.32543764,0.012978223,0.031811114,2016
40.041412,0.20218389,0.14603879,0.1157796,2016
39.77481,0.39089027,0.07917782,0.10985287,2016
37.833405,0.28240028,0.04704067,0.06417532,2016
38.85196,0.2719079,0.13089976,0.08870918,2016
37.095093,0.19898187,0.07631294,0.045549396,2016
34.34018,0.47412822,-0.08721262,-0.031020636,2016
32.904602,0.57393986,-0.19796084,-0.076002486,2016
30.200958,0.59559804,-0.21319538,-0.17232816,2016
30.925568,0.588282,-0.17426139,-0.14485963,2016
39.214264,0.29034415,0.0058086775,0.0971287,2016
34.64096,0.5294825,-0.09357848,-0.022068469,2016
30.494904,0.6072562,-0.19102952,-0.1610279,2016
30.949493,0.57878983,-0.18810663,-0.14397457,2016
40.16104,0.28872222,0.11839905,0.118413456,2016
36.89685,0.2582629,0.07847027,0.04042125,2016
35.64926,0.42415446,0.014948712,0.0068396316,2016
37.25235,0.39510676,-0.013549999,0.049578514,2016
35.386078,0.49418384,-0.092480555,-0.0005469884,2016
36.281616,0.3135019,0.050444398,0.02414949,2016
37.259186,0.3427051,0.029881716,0.049752887,2016
35.77231,0.43100074,0.0067052976,0.010255829,2016
41.1933,0.16733032,0.06273707,0.140505,2016
34.562347,0.5351041,-0.07614527,-0.024393199,2016
37.888092,0.33634293,0.09444523,0.06552608,2016
40.981384,0.26416633,0.08987534,0.13606057,2016
37.795807,0.23203924,0.07794851,0.0632444,2016
39.549225,0.22830454,0.09326488,0.10477553,2016
30.740997,0.61381793,-0.19400243,-0.15173341,2016
32.42267,0.5437417,-0.11054674,-0.09199629,2016
37.710358,0.20337932,0.059335798,0.061121777,2016
35.33481,0.45150012,-0.02626303,-0.0019987458,2016
34.227386,0.36428124,0.02386791,-0.034418263,2016
38.240143,0.26915345,0.06966308,0.07412915,2016
33.837738,0.46086755,-0.004776112,-0.0463298,2016
35.826996,0.42914587,0.013759829,0.011766608,2016
37.481354,0.26378736,-0.004240043,0.05538541,2016
37.97354,0.41434044,-0.004060809,0.06762887,2016
39.733795,0.330885,0.13961332,0.10893401,2016
33.400238,0.53873515,-0.08266932,-0.06003537,2016
37.980377,0.25015408,0.12941451,0.067796685,2016
37.97354,0.3232099,0.05308333,0.06762887,2016
39.309967,0.19526727,0.0562871,0.099326804,2016
34.22397,0.45106953,-0.07389221,-0.034521572,2016
38.7836,0.24220082,0.07930074,0.08710296,2016
38.773346,0.25049216,0.10459547,0.086861536,2016
33.09259,0.5378247,-0.056077957,-0.06989007,2016
37.80606,0.23579672,0.069584645,0.063498475,2016
32.056915,0.5219972,-0.12889089,-0.10445541,2016
31.465607,0.542564,-0.15208964,-0.12521058,2016
36.555054,0.34294778,0.0420382,0.031449005,2016
38.356354,0.3160567,0.05025134,0.07693432,2016
31.082794,0.6322023,-0.22952731,-0.13906856,2016
29.678009,0.63807905,-0.2526499,-0.19298548,2016
37.563385,0.2338109,0.051435925,0.057448268,2016
37.245514,0.29554465,0.08830272,0.049404077,2016
36.514038,0.421341,-0.024351886,0.030361047,2016
38.322174,0.4023782,0.019393614,0.07611103,2016
39.72696,0.3531352,0.052595932,0.108780675,2016
35.02719,0.41245753,-0.047851034,-0.010798539,2016
33.36606,0.508734,-0.059398826,-0.061121255,2016
37.464264,0.32490817,-0.025126081,0.05495451,2016
40.43109,0.31290802,0.14095935,0.124301806,2016
39.292877,0.15945898,0.1901622,0.09893507,2016
38.421295,0.4257205,-0.005440666,0.07849453,2016
31.961212,0.42592958,0.017060516,-0.107762545,2016
33.909515,0.46508503,-0.10095339,-0.044115,2016
35.492035,0.45840985,-0.13067715,0.0024400195,2016
36.469604,0.4895728,-0.045018107,0.029179664,2016
30.771759,0.6387086,-0.25550473,-0.15058205,2016
38.944244,0.24070875,0.06954509,0.090868644,2016
36.691772,0.312172,0.042445675,0.035057962,2016
31.031525,0.5615824,-0.12702757,-0.1409505,2016
37.255768,0.23228154,0.09795047,0.04966571,2016
38.46573,0.28995085,0.0488462,0.079559006,2016
35.594574,0.31288445,0.044883966,0.00531374,2016
37.778717,0.30671364,0.070057705,0.06282064,2016
36.989136,0.39900616,-0.0517618,0.04281533,2016
35.242523,0.59521705,-0.17071886,-0.004622554,2016
38.021393,0.38693058,0.012378579,0.0688023,2016
35.72104,0.40089077,-0.0076906662,0.008835274,2016
35.994476,0.3197101,0.03878223,0.016364807,2016
33.80014,0.5534933,-0.14083175,-0.047493685,2016
35.72104,0.38354728,0.04279929,0.008835274,2016
33.721527,0.49167523,-0.13042963,-0.049935654,2016
34.179535,0.52573854,-0.12860158,-0.035866454,2016
39.193756,0.27225313,0.042095147,0.09665628,2016
28.830322,0.6332269,-0.25201234,-0.22806236,2016
38.28116,0.36040437,0.013325653,0.07512116,2016
39.166412,0.39130113,0.06211438,0.09602561,2016
33.02765,0.5842721,-0.13525978,-0.07199376,2016
37.460846,0.30472973,0.095737636,0.054868285,2016
33.878754,0.4778879,-0.033968415,-0.045063052,2016
39.07071,0.24702075,0.05695339,0.09381134,2016
34.384613,0.4490062,0.0016822385,-0.029688297,2016
34.179535,0.54874665,-0.16250254,-0.035866454,2016
33.86508,0.43655363,-0.040111568,-0.04548496,2016
32.13553,0.53639203,-0.10992686,-0.10175358,2016
30.095001,0.6785549,-0.31361324,-0.17645563,2016
34.251312,0.54517484,-0.083784424,-0.033695683,2016
36.062836,0.3079646,0.058163278,0.01822935,2016
34.42563,0.41436046,-0.028465511,-0.0284615,2016
35.016937,0.3441058,0.024846982,-0.011094528,2016
38.98526,0.38544473,-0.05782456,0.09182513,2016
32.52179,0.51661986,-0.11423022,-0.08866806,2016
35.051117,0.3713529,0.04385045,-0.0101085715,2016
37.324127,0.35647908,0.0080231475,0.051406253,2016
33.97104,0.5011652,-0.15644336,-0.04222405,2016
40.526794,0.3374154,0.1440655,0.12636974,2016
34.032562,0.5181185,-0.056139767,-0.040339936,2016
32.060333,0.57666117,-0.14500333,-0.10433767,2016
37.730865,0.35598028,-0.013617806,0.061632082,2016
37.580475,0.42982402,0.003447387,0.057876896,2016
37.512115,0.2667708,0.08593898,0.056160036,2016
39.69278,0.3332609,0.1200594,0.10801324,2016
33.745453,0.52956444,-0.15329026,-0.049191244,2016
37.313873,0.31047344,-0.021120658,0.05114558,2016
33.106262,0.5402468,-0.07274984,-0.06944823,2016
33.24643,0.54116726,-0.14461416,-0.06493943,2016
41.025818,0.21911867,0.03403182,0.13699627,2016
36.937866,0.37677595,-0.044167303,0.041486766,2016
31.800568,0.54337955,-0.15367594,-0.11335854,2016
38.455475,0.22631507,0.073521644,0.079313576,2016
28.744873,0.63956463,-0.27917218,-0.231713,2016
29.688263,0.59237224,-0.23093185,-0.19257343,2016
37.987213,0.19202673,0.07661815,0.067964435,2016
35.60141,0.41745943,-0.0446884,0.005504733,2016
31.277618,0.59076345,-0.22242428,-0.13197345,2016
38.896393,0.36102524,0.104256384,0.0897502,2016
29.821564,0.6351595,-0.22289746,-0.18724269,2016
39.528717,0.2424453,0.023218377,0.104311086,2016
39.245026,0.23413226,0.075501315,0.0978364,2016
39.299713,0.1593576,0.09504012,0.099091806,2016
35.57065,0.43231657,0.0011781,0.0046446873,2016
35.338226,0.54842347,-0.12968847,-0.001901831,2016
37.464264,0.39840758,0.032943424,0.05495451,2016
35.864594,0.42974707,-0.05391504,0.012802594,2016
36.68152,0.282012,0.06912841,0.034788225,2016
29.76004,0.62101126,-0.2477072,-0.1896971,2016
28.686768,0.6483684,-0.2934146,-0.23420785,2016
34.22055,0.5137332,-0.051297393,-0.0346249,2016
31.991974,0.60500133,-0.21613973,-0.10669738,2016
34.955414,0.35238865,-6.0801238e-05,-0.01287411,2016
30.224884,0.6230192,-0.24123226,-0.17140014,2016
37.631744,0.3107286,0.09597822,0.059160445,2016
31.34256,0.5517671,-0.18031618,-0.12962802,2016
39.063873,0.27181387,0.06175071,0.09365276,2016
31.000763,0.57263184,-0.19480687,-0.14208266,2016
36.20981,0.33095503,0.04762333,0.022214277,2016
38.602448,0.38840303,0.116089985,0.08281894,2016
36.30896,0.42808825,0.01082996,0.02488439,2016
37.24893,0.34047064,-0.005596204,0.049491305,2016
32.58673,0.51594627,-0.07776507,-0.08649848,2016
34.965668,0.4624965,0.0021891173,-0.012577078,2016
34.411957,0.49502048,-0.01959259,-0.028870108,2016
37.546295,0.3792802,-0.0120693995,0.05701925,2016
35.109222,0.41622353,0.060297444,-0.00843685,2016
36.10385,0.35893223,0.0253939,0.019344686,2016
30.310333,0.6207288,-0.23352055,-0.16809781,2016
33.824066,0.40227643,0.020797027,-0.046752732,2016
39.754303,0.2505231,0.13585855,0.10939368,2016
43.41159,0.2656957,0.11612968,0.18442442,2016
31.944122,0.5658705,-0.17948002,-0.10835519,2016
30.81961,0.5772576,-0.13140276,-0.14879562,2016
39.68936,0.21009703,0.07608628,0.10793643,2016
29.062744,0.6545444,-0.25752458,-0.21824124,2016
36.951538,0.25487036,0.09959595,0.04184141,2016
36.722534,0.43301046,-0.0049530216,0.035866275,2016
34.784515,0.450726,-0.07492427,-0.017850421,2016
31.633087,0.58703154,-0.16949226,-0.11925319,2016
37.9086,0.29984203,0.06893949,0.06603162,2016
37.611237,0.31475866,0.11204268,0.058647446,2016
36.08676,0.41422236,0.04656251,0.01888027,2016
35.242523,0.4463867,0.02635557,-0.004622554,2016
30.860626,0.41517696,-0.016313845,-0.1472688,2016
28.085205,0.6474866,-0.24984889,-0.26064357,2016
38.506744,0.25617027,0.053092137,0.08053942,2016
39.685944,0.31410992,0.059217058,0.1078596,2016
35.543304,0.41591933,0.0056248833,0.0038789525,2016
38.44864,0.22412309,0.0573133,0.07914988,2016
34.367523,0.46987128,-0.04305807,-0.030200327,2016
32.494446,0.49736437,-0.10979393,-0.089584164,2016
35.22885,0.47613406,0.0022596547,-0.0050124354,2016
36.3739,0.4069682,-0.059273787,0.026625346,2016
33.844574,0.50457466,-0.15625058,-0.04611846,2016
32.97638,0.48668417,-0.061668072,-0.073660426,2016
40.184967,0.2180408,0.031044638,0.11893834,2016
40.581482,0.32280672,0.110330515,0.12754706,2016
34.668304,0.50245976,-0.04549514,-0.021262338,2016
37.966705,0.42531744,0.013779699,0.06746099,2016
37.255768,0.31396064,0.049617562,0.04966571,2016
35.68344,0.3308082,0.049535275,0.007790939,2016
38.554596,0.3669117,0.055539716,0.081680596,2016
36.500366,0.4305684,0.014696115,0.029997852,2016
31.903107,0.5884041,-0.16849835,-0.109780125,2016
32.306458,0.5011461,-0.08858618,-0.095924355,2016
35.522797,0.4643233,-0.09509001,0.0033038778,2016
32.68927,0.46607554,-0.08201462,-0.08309037,2016
28.539795,0.6505294,-0.27878156,-0.2405637,2016
39.057037,0.27703944,0.040484134,0.09349413,2016
34.148773,0.45737383,-0.05799696,-0.03679958,2016
38.2128,0.19667093,0.08373301,0.07346663,2016
36.25769,0.3161443,0.07900513,0.023505544,2016
37.221558,0.21449448,0.09010671,0.04879226,2016
38.168365,0.41952085,0.051447,0.07238801,2016
33.27719,0.61212283,-0.19753532,-0.063954994,2016
29.117462,0.6351999,-0.265669,-0.2159519,2016
34.01889,0.3008462,0.056419995,-0.04075804,2016
37.43692,0.215262,0.13732097,0.054264255,2016
37.43692,0.2821889,0.045555454,0.054264255,2016
32.60724,0.5388762,-0.11177771,-0.08581515,2016
38.29825,0.369178,0.017006867,0.07553386,2016
30.867462,0.590197,-0.19610427,-0.14701472,2016
36.5448,0.35651863,0.059709795,0.031177245,2016
35.731293,0.462097,-0.02975696,0.009119711,2016
34.702484,0.42011562,-0.068389736,-0.020256462,2016
33.957367,0.4797673,-0.08064453,-0.04264367,2016
34.941742,0.39623898,0.019687055,-0.013270424,2016
39.552643,0.20293748,0.08704057,0.1048529,2016
35.4852,0.435662,-0.05403799,0.0022478476,2016
36.336304,0.35754138,-0.018715505,0.025618182,2016
31.349396,0.5301642,-0.1391267,-0.12938169,2016
30.457306,0.61646336,-0.2311995,-0.16246112,2016
36.469604,0.40426198,-0.0066973493,0.029179664,2016
28.461182,0.6378932,-0.2695113,-0.24399029,2016
37.62149,0.299675,0.09954819,0.058904015,2016
33.34897,0.550024,-0.18201713,-0.06166503,2016
36.380737,0.4046706,-0.057039365,0.026808243,2016
31.868927,0.5733739,-0.2346681,-0.11097037,2016
33.19516,0.5190337,-0.058065657,-0.066584215,2016
37.122437,0.44176704,0.029842813,0.04625243,2016
35.909027,0.42410874,0.007626325,0.014024146,2016
38.711823,0.23567332,0.09295404,0.08541031,2016
37.829987,0.34780982,0.0021542516,0.064090766,2016
30.949493,0.56390214,-0.13961647,-0.14397457,2016
36.387573,0.26598072,0.0858038,0.026991071,2016
35.7894,0.5044003,-0.045893542,0.010728444,2016
36.903687,0.4000499,0.037477445,0.040599003,2016
36.00815,0.45751396,-0.06032577,0.016738283,2016
33.287445,0.52266645,-0.09701111,-0.06362725,2016
38.404205,0.34418112,0.13218957,0.07808446,2016
35.915863,0.49741697,-0.074788384,0.014211809,2016
38.274323,0.27844098,0.020530457,0.07495597,2016
37.139526,0.27648976,0.05184518,0.0466913,2016
31.622833,0.5935756,-0.1775101,-0.11961611,2016
38.728912,0.28593445,0.07980028,0.085813895,2016
35.526215,0.35874802,-0.0038223418,0.0033997695,2016
34.907562,0.27578038,0.08548885,-0.014262565,2016
29.32254,0.64173084,-0.2385578,-0.2074477,2016
35.826996,0.39350134,0.033423036,0.011766608,2016
37.594147,0.42953542,0.030825775,0.05821952,2016
38.22647,0.33698905,-0.015532372,0.07379801,2016
39.35782,0.22872505,0.06694256,0.10042185,2016
32.378235,0.5447487,-0.12284329,-0.09349487,2016
37.953033,0.41513544,-0.017934322,0.06712507,2016
32.668762,0.47529346,-0.034252383,-0.08377028,2016
34.076996,0.5691123,-0.11940555,-0.03898342,2016
36.79773,0.3704616,-0.02531259,0.037836462,2016
36.69861,0.49709198,-0.13174902,0.035237703,2016
31.08963,0.56960505,-0.14564995,-0.1388181,2016
36.972046,0.348058,0.08720416,0.042372886,2016
36.110687,0.2980278,0.06712434,0.01953033,2016
36.88318,0.4190016,-0.034319505,0.040065557,2016
37.55313,0.26246196,0.02560169,0.057190903,2016
36.380737,0.3170078,0.037338942,0.026808243,2016
30.378693,0.5767652,-0.24251175,-0.1654693,2016
39.180084,0.2289987,0.058453307,0.09634105,2016
35.7518,0.41007745,-0.044676326,0.009688096,2016
35.676605,0.36558917,0.022733042,0.0076008234,2016
38.93741,0.27770272,0.016059997,0.09070904,2016
36.151703,0.3516043,0.012578236,0.020642713,2016
35.324554,0.36921,0.033718064,-0.0022896032,2016
36.42517,0.3663058,0.03324919,0.0279954,2016
39.012604,0.20051397,0.09516267,0.09246166,2016
32.087677,0.48017502,-0.05069706,-0.1033966,2016
36.213226,0.38729414,-0.020875784,0.022306565,2016
37.665924,0.31076175,0.0278155,0.060014203,2016
30.255646,0.63067853,-0.22853632,-0.17020915,2016
37.600983,0.3912577,0.052618098,0.058390737,2016
35.826996,0.47985724,-0.0574506,0.011766608,2016
37.30362,0.26432648,0.082691826,0.05088476,2016
37.036987,0.3999615,0.028255537,0.04405201,2016
31.875763,0.49806175,-0.08009989,-0.110732116,2016
32.323547,0.5919418,-0.22194017,-0.09534493,2016
35.01352,0.5194022,-0.06435014,-0.01119323,2016
32.248352,0.53529096,-0.15936811,-0.097899005,2016
35.529633,0.33052754,0.022608597,0.0034956431,2016
32.473938,0.56077677,-0.15244432,-0.090272255,2016
35.191254,0.4743096,-0.1304796,-0.006086171,2016
37.25235,0.2825869,0.08275757,0.049578514,2016
37.901764,0.2821344,0.029334487,0.06586317,2016
31.47586,0.6058625,-0.21000625,-0.12484402,2016
39.231354,0.32274163,0.03320121,0.097522,2016
38.61612,0.29186353,0.11235535,0.08314367,2016
39.69278,0.2915368,0.12513863,0.10801324,2016
35.204926,0.5386435,-0.08298601,-0.005695456,2016
34.815277,0.4490683,-0.08877153,-0.01695108,2016
34.107758,0.43434584,-0.088120356,-0.03804636,2016
35.77231,0.3540296,0.033751484,0.010255829,2016
36.281616,0.34206298,0.06966704,0.02414949,2016
35.38266,0.4301706,-0.032487966,-0.00064364134,2016
36.57556,0.4465545,-0.017769475,0.031992067,2016
28.64917,0.65243095,-0.2726388,-0.23582755,2016
38.810944,0.25468707,0.09392136,0.08774613,2016
33.150696,0.49698794,-0.025169624,-0.0680148,2016
33.772797,0.5325225,-0.06650109,-0.048341777,2016
34.0018,0.4264649,-0.07605012,-0.04128114,2016
37.348053,0.4066934,0.0,0.052013937,2016
39.231354,0.22657004,0.07046089,0.097522,2016
37.307037,0.27062082,0.067442924,0.050971717,2016
37.77188,0.3857358,0.017471759,0.06265104,2016
40.0961,0.18563657,0.07227379,0.1169856,2016
40.489197,0.28506932,0.110021226,0.12555851,2016
36.285034,0.29130083,0.040729426,0.024241414,2016
29.59256,0.62561977,-0.22738649,-0.19643025,2016
28.932861,0.6469971,-0.2516184,-0.22371006,2016
37.009644,0.31836787,0.026378583,0.043345727,2016
37.06433,0.42805827,-0.010624954,0.044757247,2016
31.22293,0.61112136,-0.19204135,-0.13395612,2016
33.55063,0.51544213,-0.067698136,-0.055283763,2016
40.30121,0.35727033,0.05196914,0.1214796,2016
35.41684,0.46812123,-0.037246216,0.00032204864,2016
40.714783,0.4113245,0.06567026,0.13040347,2016
39.057037,0.24422093,0.11519538,0.09349413,2016
38.85196,0.25790095,0.05404417,0.08870918,2016
38.49991,0.27436057,0.019319424,0.08037616,2016
36.96521,0.2639631,0.058784116,0.042195793,2016
35.204926,0.4531746,-0.08003278,-0.005695456,2016
38.038483,0.20970355,0.07292431,0.06922066,2016
33.687347,0.50580823,-0.07394701,-0.051000934,2016
40.24649,0.29806545,0.08566662,0.12028519,2016
38.756256,0.35280713,0.002175479,0.08645888,2016
32.33722,0.60237867,-0.16195187,-0.094881825,2016
39.2211,0.24961141,0.10973542,0.09728606,2016
33.687347,0.34935072,0.0629664,-0.051000934,2016
36.69861,0.3476394,-0.009117781,0.035237703,2016
32.077423,0.54825246,-0.14094898,-0.10374931,2016
37.717194,0.29527336,0.0061741695,0.06129194,2016
38.66397,0.36082372,-0.032158267,0.08427839,2016
36.10385,0.36994132,-0.024488686,0.019344686,2016
34.70932,0.40250945,0.05161711,-0.020055523,2016
34.45981,0.43753597,-0.07974812,-0.027441397,2016
36.524292,0.30313602,0.020431792,0.030633265,2016
37.481354,0.25549096,0.10156566,0.05538541,2016
39.132233,0.22768602,0.080296524,0.09523604,2016
35.23227,0.38823134,0.037527945,-0.0049149366,2016
35.63559,0.37461582,-0.026052753,0.0064585977,2016
38.267487,0.43984732,0.008202098,0.07479072,2016
36.599487,0.4560052,-0.10266996,0.032624874,2016
33.000305,0.543073,-0.15806092,-0.072882004,2016
37.62491,0.30866423,0.13809143,0.058989506,2016
32.408997,0.57145077,-0.11626398,-0.09245695,2016
35.269867,0.41096073,0.014392889,-0.003843698,2016
34.630707,0.3131822,0.042828254,-0.022371097,2016
38.46573,0.31408477,0.14577729,0.079559006,2016
34.887054,0.33107802,0.051819872,-0.014858784,2016
39.15274,0.20826603,0.15499583,0.09570995,2016
40.28067,0.21761987,0.03845052,0.121031664,2016
30.621368,0.58190453,-0.1588085,-0.15623291,2016
31.961212,0.5853109,-0.12629592,-0.107762545,2016
34.275238,0.5267801,-0.11130399,-0.032974113,2016
33.595062,0.52971023,-0.13433926,-0.05388802,2016
34.982758,0.45829034,-0.068594515,-0.012082412,2016
37.35147,0.3342159,-0.020769542,0.05210069,2016
35.269867,0.47754154,-0.080126,-0.003843698,2016
36.79431,0.36960533,-0.04094404,0.03774708,2016
31.725372,0.5676076,-0.12433036,-0.11599742,2016
35.86801,0.44803253,-0.12439757,0.012896667,2016
36.756714,0.23342152,0.12497495,0.036762815,2016
35.563812,0.36774603,0.048988964,0.004453364,2016
35.8851,0.31960773,0.016629413,0.0133667635,2016
34.012054,0.48472148,-0.033219777,-0.04096722,2016
34.67514,0.42607838,-0.027760383,-0.021061003,2016
34.377777,0.54544485,-0.14693047,-0.029893048,2016
34.941742,0.37822396,0.004916612,-0.013270424,2016
36.15854,0.447918,-0.050753906,0.020827865,2016
36.732788,0.44616833,0.0033332282,0.036135413,2016
31.715118,0.5531764,-0.1568969,-0.116358235,2016
33.947113,0.44642457,-0.031338297,-0.042958606,2016
35.3143,0.35655543,0.013098805,-0.0025806292,2016
30.829865,0.60528713,-0.33109683,-0.14841354,2016
39.969635,0.2337937,0.065658644,0.11419172,2016
36.24402,0.3018038,0.105756976,0.023137195,2016
33.964203,0.38169318,0.03279275,-0.042433817,2016
34.798187,0.49557722,-0.10446978,-0.017450519,2016
35.731293,0.43809748,-0.03192378,0.009119711,2016
36.907104,0.22584754,0.10643434,0.04068785,2016
33.034485,0.49816442,-0.13429263,-0.071771935,2016
35.020355,0.46048316,-0.041379657,-0.010995846,2016
34.965668,0.50781363,-0.14558251,-0.012577078,2016
28.324463,0.65695065,-0.26530173,-0.24999489,2016
37.177124,0.2896823,0.046320967,0.047655392,2016
38.875885,0.28537232,0.1309396,0.089270025,2016
32.036407,0.51216024,-0.15225825,-0.10516242,2016
35.57065,0.48153335,-0.06628262,0.0046446873,2016
31.47586,0.5799898,-0.16625112,-0.12484402,2016
35.55014,0.42912763,0.048852343,0.0040704967,2016
38.49649,0.29013345,0.045904025,0.08029451,2016
34.719574,0.41393024,0.03874677,-0.019754266,2016
34.596527,0.48718312,-0.031461358,-0.02338115,2016
35.57065,0.45120785,-0.032598965,0.0046446873,2016
28.006561,0.6456399,-0.27877757,-0.26418352,2016
39.685944,0.3036315,0.002449636,0.1078596,2016
31.83133,0.6066231,-0.17771736,-0.1122826,2016
38.510162,0.2759882,0.06241307,0.08062103,2016
36.271362,0.32518193,0.016490392,0.023873618,2016
34.076996,0.45935005,-0.072383106,-0.03898342,2016
37.057495,0.26221406,0.07382875,0.044581033,2016
40.376404,0.29590955,0.15831698,0.123115726,2016
37.170288,0.27599654,0.013474746,0.047480248,2016
33.376312,0.49917886,-0.09301504,-0.060795255,2016
40.024323,0.27107158,0.0560554,0.11540205,2016
37.40616,0.26030245,0.050816435,0.053486507,2016
34.080414,0.53007257,-0.06686984,-0.03887922,2016
31.045197,0.62902355,-0.22919524,-0.14044805,2016
37.036987,0.38222414,-0.005047467,0.04405201,2016
35.040863,0.42629206,-0.03348303,-0.0104041565,2016
39.696198,0.32037485,-0.011148589,0.10809005,2016
36.247437,0.40781584,-0.0034016303,0.023229308,2016
36.20639,0.4224566,-0.0642894,0.022121971,2016
33.837738,0.37098235,0.008978333,-0.0463298,2016
35.861176,0.44824803,-0.043120194,0.012708504,2016
36.05258,0.30018514,0.06056596,0.01795012,2016
40.711365,0.31186152,0.1469168,0.13033046,2016
37.036987,0.43836507,0.005462376,0.04405201,2016
34.716156,0.38536376,0.02166994,-0.019854665,2016
32.159485,0.52881163,-0.11348906,-0.10093286,2016
38.86905,0.21572502,0.069432266,0.08910986,2016
33.847992,0.51956,-0.08217352,-0.046012826,2016
36.199554,0.35888124,0.05995716,0.021937309,2016
35.762054,0.45486638,-0.03662057,0.009972044,2016
35.73813,0.4625383,-0.05616782,0.009309245,2016
30.987091,0.6092282,-0.2213293,-0.14258656,2016
35.49887,0.42339623,0.04939024,0.0026321174,2016
29.818146,0.6337805,-0.20830238,-0.18737878,2016
37.833405,0.22478257,0.07397684,0.06417532,2016
34.517914,0.4042546,-0.035497583,-0.025711862,2016
37.477936,0.41540146,0.03433393,0.05529926,2016
36.619995,0.28387377,0.012087572,0.03316662,2016
37.58731,0.37986818,0.04123886,0.058048237,2016
34.822113,0.2889906,-0.054386202,-0.016751442,2016
36.452515,0.30685785,0.0024474417,0.02872452,2016
31.455353,0.5229251,-0.16448686,-0.12557738,2016
31.301544,0.5671986,-0.14199993,-0.13110821,2016
37.812897,0.42985874,0.05466666,0.063667774,2016
34.849457,0.4876484,-0.05069865,-0.015953673,2016
31.489532,0.59834623,-0.18563461,-0.124355644,2016
36.035492,0.3654293,0.01470055,0.017484382,2016
39.569733,0.22567566,0.08371591,0.1052395,2016
37.84366,0.27909446,0.025259007,0.06442889,2016
32.97638,0.49625486,-0.09597286,-0.073660426,2016
34.548676,0.4131107,-0.048027452,-0.024798581,2016
30.241974,0.6452127,-0.2380992,-0.17073819,2016
37.324127,0.41733184,-0.052677598,0.051406253,2016
38.469147,0.24585766,0.08446178,0.07964078,2016
35.46469,0.4491557,0.00030667055,0.0016708875,2016
37.62149,0.36648875,-0.011721744,0.058904015,2016
39.25186,0.24066867,0.14748004,0.097993515,2016
34.89731,0.5320002,-0.09175424,-0.014560588,2016
33.506195,0.54271734,-0.074729085,-0.056683205,2016
33.796722,0.49129203,-0.055705063,-0.04759962,2016
30.218048,0.6179153,-0.22986253,-0.17166515,2016
32.528625,0.5640923,-0.15913498,-0.08843928,2016
33.287445,0.49221125,-0.059824716,-0.06362725,2016
34.278656,0.41773263,-0.01223732,-0.032871116,2016
38.793854,0.24658415,0.08515546,0.08734425,2016
37.139526,0.3587374,0.06918884,0.0466913,2016
29.240509,0.5959019,-0.24308302,-0.21083507,2016
33.123352,0.5128334,-0.14563385,-0.06889646,2016
38.1752,0.37855753,0.023026366,0.07255411,2016
32.340637,0.5403259,-0.076959334,-0.09476611,2016
32.62433,0.55822587,-0.16771248,-0.085246354,2016
37.3002,0.46744633,-0.008654992,0.05079779,2016
38.56143,0.26840007,0.08363828,0.08184339,2016
37.799225,0.2244376,0.08392343,0.06332911,2016
39.545807,0.23159486,0.1333922,0.10469816,2016
33.02765,0.5230132,-0.10958073,-0.07199376,2016
28.044159,0.67221475,-0.24305639,-0.2624887,2016
34.02231,0.47179896,-0.012991422,-0.040653482,2016
37.953033,0.29829064,0.012327999,0.06712507,2016
29.865997,0.6394485,-0.22641842,-0.18547636,2016
33.677094,0.6126392,-0.2181073,-0.05132094,2016
34.787933,0.23689057,0.083521135,-0.017750416,2016
36.2782,0.33348933,-0.0013529802,0.02405755,2016
40.07901,0.23152202,0.08978581,0.116609074,2016
37.474518,0.26245975,0.049648006,0.055213097,2016
36.02182,0.35146067,0.02278773,0.017111473,2016
34.637543,0.39428383,-0.032543246,-0.022169326,2016
34.7435,0.36450145,0.03284216,-0.019052021,2016
33.677094,0.5181369,-0.11052098,-0.05132094,2016
29.014893,0.6359184,-0.24450836,-0.22025038,2016
29.107208,0.6507848,-0.25497642,-0.21638027,2016
34.487152,0.35959423,0.09690285,-0.026626773,2016
34.347015,0.42676184,-0.033814188,-0.030815437,2016
31.363068,0.5395608,-0.10507704,-0.12888937,2016
31.858673,0.56411517,-0.1756328,-0.111327946,2016
38.913483,0.28621215,0.022327213,0.09014996,2016
36.787476,0.25763956,0.020337282,0.037568275,2016
36.00815,0.3479397,0.031626392,0.016738283,2016
39.638092,0.39425626,-0.006132945,0.10678259,2016
34.941742,0.4931668,-0.04660462,-0.013270424,2016
38.841705,0.285805,0.06686647,0.08846861,2016
35.04428,0.32333466,0.05549131,-0.010305609,2016
35.372406,0.33064935,0.06832567,-0.00093371223,2016
36.87976,0.4078331,0.0046919878,0.03997659,2016
36.582397,0.29838702,0.024552092,0.032172956,2016
27.931366,0.6632902,-0.2515052,-0.26758692,2016
31.851837,0.61233485,-0.20910166,-0.111566454,2016
35.218597,0.4354177,0.009442819,-0.005305045,2016
37.38565,0.2608686,0.110061474,0.0529673,2016
38.711823,0.28740954,0.025707966,0.08541031,2016
36.39441,0.36495164,0.12742338,0.02717383,2016
35.068207,0.32727295,0.03976105,-0.0096163135,2016
33.687347,0.53471357,-0.1036864,-0.051000934,2016
28.242432,0.66007644,-0.30412018,-0.25362554,2016
34.805023,0.47777107,-0.12661447,-0.017250685,2016
37.036987,0.30427763,-0.024760602,0.04405201,2016
41.14203,0.23900917,0.046073176,0.13943394,2016
37.97696,0.35908857,-0.02443404,0.067712784,2016
38.53409,0.23317187,0.017591238,0.08119187,2016
34.446136,0.48062438,-0.041002996,-0.027849196,2016
38.06241,0.28102577,0.0017398335,0.06980575,2016
28.252686,0.6509249,-0.24342902,-0.25317055,2016
39.7919,0.23930235,0.09809276,0.11023517,2016
34.066742,0.41994157,-0.016564941,-0.039296146,2016
35.126312,0.33023927,0.02444653,-0.00794622,2016
38.151276,0.3072781,-0.0024841775,0.07197248,2016
34.74008,0.5000619,-0.025338452,-0.019152282,2016
36.91394,0.37699717,0.048358716,0.040865503,2016
36.927612,0.36912638,-0.00042265095,0.04122061,2016
35.34848,0.37441427,0.021270921,-0.0016111989,2016
35.11606,0.44501853,-0.009972416,-0.0082405405,2016
34.326508,0.31329226,-0.015506923,-0.03143128,2016
34.781097,0.3812314,-0.018935239,-0.017950447,2016
38.06241,0.33386782,0.071749985,0.06980575,2016
35.310883,0.48526645,-0.007215827,-0.0026776756,2016
36.39099,0.36669686,0.06162879,0.02708246,2016
39.64151,0.37169665,0.032980423,0.10685961,2016
33.80014,0.4375837,0.013290464,-0.047493685,2016
34.200043,0.49257198,-0.029407157,-0.035245303,2016
35.184418,0.3734524,-0.0153553,-0.0062816422,2016
39.54239,0.24208926,0.042449888,0.10462077,2016
39.296295,0.26776916,0.14146397,0.09901344,2016
33.677094,0.573194,-0.16792734,-0.05132094,2016
37.04724,0.33233026,0.08325927,0.044316594,2016
38.992096,0.2739634,0.02476906,0.09198434,2016
37.833405,0.2752196,0.06791484,0.06417532,2016
32.713196,0.55853117,-0.10902829,-0.08229822,2016
30.464142,0.6035048,-0.19771662,-0.16220026,2016
39.23819,0.2196491,0.04185746,0.09767923,2016
29.353302,0.6688019,-0.2851007,-0.20618232,2016
31.756134,0.58407,-0.14218627,-0.11491637,2016
39.364655,0.25518024,0.03841731,0.10057807,2016
34.10092,0.45885667,-0.122224465,-0.03825445,2016
34.637543,0.5406295,-0.09765291,-0.022169326,2016
37.378815,0.40126598,0.023238173,0.052794103,2016
37.361725,0.38544062,-0.012390072,0.052360836,2016
37.99405,0.30356264,0.029236842,0.068132125,2016
36.920776,0.32411906,0.015739335,0.041043088,2016
34.736664,0.49846524,-0.038038883,-0.019252563,2016
30.177032,0.6888908,-0.29046994,-0.17325763,2016
35.727875,0.35554025,0.04302871,0.009024917,2016
36.22693,0.3152108,0.031214217,0.022676365,2016
39.5253,0.40402728,0.11509459,0.10423363,2016
34.073578,0.4996237,-0.05300742,-0.039087642,2016
37.768463,0.41655457,0.013988441,0.062566206,2016
38.98526,0.28475156,0.027663924,0.09182513,2016
36.216675,0.3275727,0.08595197,0.022399658,2016
37.983795,0.35131308,-0.0061650416,0.06788056,2016
34.969086,0.3959785,0.018818311,-0.012478106,2016
41.500946,0.2975949,0.1869766,0.14687647,2016
37.566803,0.38946292,-0.0007917585,0.057534024,2016
33.670258,0.53331953,-0.08774238,-0.05153439,2016
37.06433,0.37341177,-0.020046927,0.044757247,2016
36.582397,0.3817825,0.023040779,0.032172956,2016
38.6127,0.28889063,0.015107545,0.08306251,2016
34.162445,0.41190422,0.0076420987,-0.03638465,2016
36.708862,0.27224523,0.021254756,0.03550719,2016
38.219635,0.25357768,0.042885218,0.073632345,2016
36.414917,0.31583095,0.054691687,0.027721697,2016
32.070587,0.49703416,-0.060024492,-0.10398458,2016
32.576477,0.59798276,-0.17499873,-0.08684047,2016
38.53409,0.25557742,0.114569806,0.08119187,2016
30.077911,0.6117889,-0.21264315,-0.17712408,2016
41.05316,0.279378,0.121521376,0.13757108,2016
37.160034,0.45929378,-0.075258635,0.04721741,2016
34.401703,0.50865924,-0.07678099,-0.029176775,2016
36.39441,0.3808052,0.023595182,0.02717383,2016
36.148285,0.32899043,0.020908022,0.020550111,2016
36.749878,0.27369434,0.07835593,0.03658364,2016
39.265533,0.30988458,0.095351025,0.09830759,2016
36.725952,0.399267,0.015971282,0.035956003,2016
36.432007,0.3831438,0.09879171,0.028177783,2016
34.805023,0.47870633,-0.092421934,-0.017250685,2016
31.557892,0.55652523,-0.20666067,-0.121920116,2016
34.49057,0.5457466,-0.14885564,-0.026525036,2016
35.406586,0.35881445,0.020088485,3.253741e-05,2016
32.06375,0.573498,-0.13038635,-0.10421994,2016
36.117523,0.37054893,-0.015284988,0.019715901,2016
37.105347,0.39697385,0.03574562,0.045813154,2016
35.765472,0.3639354,0.02177225,0.010066657,2016
35.60141,0.35686564,-0.011110676,0.005504733,2016
32.128693,0.5586983,-0.1188042,-0.101987995,2016
38.96817,0.20052381,0.042093094,0.091426834,2016
32.48419,0.5505452,-0.14972512,-0.089928105,2016
31.1409,0.52252597,-0.08059916,-0.13694319,2016
33.068665,0.47834876,-0.033445567,-0.07066415,2016
39.245026,0.28258455,0.05798652,0.0978364,2016
31.216095,0.5916991,-0.216022,-0.13420445,2016
38.233307,0.30182812,0.015928904,0.073963605,2016
29.360138,0.5930029,-0.24342297,-0.20590147,2016
35.628754,0.41490608,-0.004419574,0.0062679714,2016
30.553009,0.60102344,-0.18828319,-0.15881985,2016
31.499786,0.564898,-0.15782753,-0.12398964,2016
37.1532,0.27974004,0.038999148,0.0470421,2016
34.11801,0.32741356,0.03455438,-0.037734386,2016
35.102386,0.4865766,-0.039994303,-0.0086332355,2016
37.99063,0.18758833,0.041008715,0.06804829,2016
28.399658,0.62419283,-0.26273036,-0.2466852,2016
32.248352,0.5676393,-0.13015017,-0.097899005,2016
33.591644,0.51586026,-0.16967137,-0.053995255,2016
41.25824,0.2830589,0.12826279,0.14185788,2016
34.80844,0.46266958,-0.0074719684,-0.017150797,2016
34.01889,0.4771724,-0.13790043,-0.04075804,2016
31.058868,0.6277304,-0.24472369,-0.13994603,2016
30.90506,0.5866832,-0.19708306,-0.14561932,2016
37.002808,0.39519593,-0.07184282,0.04316899,2016
34.839203,0.44949433,-0.051263403,-0.01625269,2016
31.421173,0.5936206,-0.16409156,-0.12680177,2016
34.705902,0.4504636,-0.07859454,-0.020155983,2016
37.447174,0.32826182,0.045740318,0.05452322,2016
34.23764,0.47288164,-0.069581434,-0.034108464,2016
30.734161,0.61497384,-0.22130643,-0.15198958,2016
36.736206,0.44316152,0.0039149183,0.03622509,2016
31.588654,0.5785032,-0.22929054,-0.12082756,2016
33.824066,0.43691552,0.004000072,-0.046752732,2016
36.61316,0.42249092,0.007203062,0.032986104,2016
37.710358,0.42348665,-0.080692336,0.061121777,2016
36.87976,0.4823063,-0.05543247,0.03997659,2016
35.136566,0.36384338,-0.008055077,-0.007652071,2016
30.56668,0.60052276,-0.23732604,-0.15830155,2016
38.489655,0.20384347,0.12149711,0.080131166,2016
39.477448,0.23492622,0.108183086,0.10314785,2016
32.361145,0.5345911,-0.119419515,-0.09407234,2016
32.193665,0.5653346,-0.20533758,-0.09976401,2016
37.97354,0.30055946,0.02932463,0.06762887,2016
36.432007,0.40219057,-0.028487235,0.028177783,2016
33.93686,0.41954738,-0.021682084,-0.043273732,2016
35.83383,0.3552948,-0.008511399,0.011955131,2016
39.863678,0.24262933,-0.025102085,0.11183725,2016
30.840118,0.5724827,-0.16487907,-0.1480317,2016
36.551636,0.30401245,0.0039823237,0.031358436,2016
34.466644,0.52818984,-0.09459833,-0.02723762,2016
35.181,0.46349192,-0.0130424835,-0.0063794064,2016
33.325043,0.5045414,-0.08157281,-0.062427256,2016
36.09018,0.36376214,0.029226458,0.018973188,2016
32.279114,0.58349127,-0.14632611,-0.09685272,2016
36.466187,0.44600877,-0.008615976,0.02908867,2016
37.21472,0.45291954,-0.10557298,0.048617534,2016
37.53946,0.4107346,0.050588284,0.05684753,2016
34.066742,0.4384401,-0.027537223,-0.039296146,2016
36.45935,0.25557905,0.068163395,0.028906628,2016
40.11319,0.32580966,0.10693209,0.1173618,2016
35.235687,0.51904786,-0.12623957,-0.004817457,2016
31.164825,0.59968376,-0.1727521,-0.13607034,2016
38.24356,0.2673871,0.05751533,0.074211895,2016
37.894928,0.3462962,0.030573014,0.06569466,2016
38.776764,0.23071839,0.054303866,0.086942025,2016
31.98172,0.57456833,-0.15035759,-0.10705221,2016
36.00815,0.38195142,0.052564297,0.016738283,2016
36.097015,0.4985589,-0.08165599,0.019158972,2016
38.978424,0.28351843,0.080515996,0.09166585,2016
34.377777,0.47768837,-0.08861772,-0.029893048,2016
36.216675,0.40316147,0.0003112817,0.022399658,2016
34.282074,0.51775014,-0.06997345,-0.032768138,2016
31.687775,0.5658689,-0.14036417,-0.11732156,2016
38.520416,0.19328289,0.120188385,0.080865756,2016
28.54663,0.6608568,-0.29333824,-0.24026664,2016
32.432922,0.47782913,-0.054155473,-0.091651045,2016
35.43051,0.34810865,0.0064785024,0.00070780294,2016
36.182465,0.39717433,0.028394697,0.021475347,2016
32.009064,0.54991657,-0.14704658,-0.106106505,2016
32.480774,0.52960414,-0.10738946,-0.0900428,2016
31.968048,0.5494657,-0.11148056,-0.10752566,2016
39.241608,0.31277335,0.06916639,0.09775782,2016
38.37686,0.20998971,0.110174075,0.07742759,2016
40.02774,0.25629207,0.051926427,0.115477584,2016
37.761627,0.27234772,0.06411877,0.062396504,2016
34.67514,0.43926573,-0.03553561,-0.021061003,2016
34.16928,0.51246226,-0.07078137,-0.03617731,2016
38.216217,0.3907262,0.016247418,0.073549494,2016
36.281616,0.33527344,0.043403752,0.02414949,2016
33.80014,0.4920763,-0.038871456,-0.047493685,2016
33.776215,0.54121274,-0.10392268,-0.048235692,2016
38.978424,0.2776586,0.07916778,0.09166585,2016
36.185883,0.41046754,0.030951325,0.021567773,2016
34.528168,0.40110588,-0.036364682,-0.025407255,2016
32.13211,0.5921804,-0.18933247,-0.101870775,2016
29.954865,0.62747896,-0.20479858,-0.1819594,2016
40.48236,0.3148369,0.006861205,0.12541085,2016
29.531036,0.6124505,-0.21972941,-0.19892283,2016
36.13803,0.29185364,-0.024094725,0.020272199,2016
34.50766,0.4418133,0.010296019,-0.02601665,2016
34.88022,0.3096128,0.068168424,-0.015057679,2016
34.40854,0.5096608,-0.15044421,-0.02897231,2016
39.484283,0.23263286,0.041324235,0.10330312,2016
35.97397,0.5118232,-0.079615965,0.015804064,2016
34.42221,0.46884346,-0.079022005,-0.02856362,2016
38.896393,0.22246094,0.11197765,0.0897502,2016
36.87976,0.28355733,0.090858884,0.03997659,2016
33.97104,0.3800147,-0.009309059,-0.04222405,2016
39.733795,0.2967864,0.13299675,0.10893401,2016
36.267944,0.36918402,0.058310706,0.023781626,2016
34.261566,0.46026438,-0.036603294,-0.033386316,2016
34.4393,0.52301246,-0.097412,-0.028053215,2016
31.322052,0.5866462,-0.14516668,-0.13036762,2016
36.06967,0.39882046,-0.032985877,0.018415416,2016
34.671722,0.49168274,-0.1203852,-0.02116166,2016
34.99301,0.42072573,0.09150645,-0.011785844,2016
32.92511,0.59310937,-0.17680407,-0.075332284,2016
37.70694,0.25774518,0.07148418,0.06103667,2016
36.842163,0.4097049,-0.0076386514,0.03899688,2016
35.574066,0.42833552,-0.059834473,0.0047403215,2016
36.654175,0.2785794,0.053342965,0.034068182,2016
35.929535,0.32037476,0.019946309,0.01458692,2016
33.878754,0.46389586,-0.03004198,-0.045063052,2016
38.56485,0.23588498,0.1549038,0.08192477,2016
37.026733,0.3246456,0.0022815336,0.043787275,2016
37.7377,0.31775117,0.07403956,0.061802063,2016
33.779633,0.44896126,-0.015896486,-0.048129626,2016
33.540375,0.515509,-0.08283373,-0.055606384,2016
34.090668,0.5130388,-0.089565024,-0.038566742,2016
31.961212,0.6065718,-0.17663425,-0.107762545,2016
30.549591,0.5832361,-0.19306335,-0.15894951,2016
30.18045,0.63174754,-0.22865623,-0.17312476,2016
30.337677,0.6492212,-0.24482125,-0.16704498,2016
28.115967,0.648155,-0.2730502,-0.25926432,2016
39.361237,0.19370939,0.08671826,0.100499965,2016
41.131775,0.19239417,0.1476744,0.1392194,2016
34.15219,0.36023507,0.07835637,-0.036695816,2016
40.19522,0.34899592,0.12850443,0.1191631,2016
40.051666,0.30879197,0.14155278,0.11600597,2016
32.969543,0.55148715,-0.1682047,-0.07388304,2016
36.756714,0.41188708,0.036796737,0.036762815,2016
33.98471,0.45111227,-0.027810989,-0.04180477,2016
37.44034,0.2984859,0.0071686604,0.054350592,2016
38.188873,0.43027037,0.025646204,0.07288614,2016
32.95929,0.5153047,-0.10223999,-0.07421713,2016
33.355804,0.5870772,-0.19456196,-0.061447453,2016
39.884186,0.27929932,0.14042771,0.11229394,2016
34.668304,0.4634094,-0.016215682,-0.021262338,2016
33.266937,0.5530903,-0.13201052,-0.06428294,2016
36.702026,0.27846685,0.07553369,0.03532755,2016
34.0394,0.5381862,-0.10409445,-0.04013101,2016
35.24594,0.36401418,0.038010046,-0.0045251306,2016
30.966583,0.587524,-0.20630683,-0.14334324,2016
37.279694,0.38301244,0.02384246,0.050275628,2016
29.917267,0.63092536,-0.24948536,-0.1834448,2016
31.752716,0.5488367,-0.20501833,-0.11503638,2016
38.24698,0.19999069,0.030876698,0.07429463,2016
37.190796,0.37135535,0.0052034925,0.048005488,2016
34.350433,0.510613,-0.042291377,-0.030712867,2016
37.190796,0.32869095,0.0069577666,0.048005488,2016
28.63208,0.6587345,-0.28439766,-0.23656519,2016
30.2659,0.58583343,-0.15446462,-0.1698127,2016
32.644836,0.58147186,-0.15545297,-0.08456459,2016
38.188873,0.26797882,0.10771256,0.07288614,2016
31.496368,0.5327388,-0.1526696,-0.124111615,2016
36.449097,0.41229653,0.009607483,0.02863344,2016
38.086334,0.2881588,0.09926729,0.07039009,2016
37.80948,0.36805218,0.05792192,0.063583136,2016
30.727325,0.6046184,-0.19663657,-0.15224586,2016
39.333893,0.30156246,-0.018638361,0.09987466,2016
37.833405,0.40770075,0.051230993,0.06417532,2016
36.233765,0.25701708,0.049141757,0.022860749,2016
34.781097,0.48254052,-0.04770996,-0.017950447,2016
35.546722,0.35810384,0.038669053,0.003974734,2016
34.668304,0.5218788,-0.06337168,-0.021262338,2016
31.923615,0.5252427,-0.11613942,-0.109067194,2016
35.604828,0.29508725,0.08656656,0.005600202,2016
38.120514,0.35315776,0.11559873,0.0712236,2016
39.648346,0.24574511,0.10285094,0.1070136,2016
37.187378,0.31890082,0.067017585,0.04791799,2016
38.452057,0.25845233,0.044483215,0.07923174,2016
32.091095,0.56213355,-0.11972538,-0.10327908,2016
32.593567,0.60647786,-0.2085687,-0.08627061,2016
34.688812,0.50115776,-0.058143213,-0.020658575,2016
36.449097,0.4566602,0.0067389,0.02863344,2016
37.38907,0.2799709,0.022196166,0.053053875,2016
39.77823,0.31017408,0.12717947,0.10992936,2016
33.878754,0.48943996,-0.09604466,-0.045063052,2016
38.240143,0.22877747,0.08011219,0.07412915,2016
38.48282,0.17588831,0.083616026,0.07996777,2016
35.310883,0.4165517,-0.062054023,-0.0026776756,2016
36.749878,0.35807455,0.08817873,0.03658364,2016
32.56964,0.5894004,-0.15642652,-0.08706859,2016
35.181,0.48400414,-0.05538316,-0.0063794064,2016
32.18683,0.5551199,-0.14173552,-0.09999758,2016
30.303497,0.6155231,-0.20888598,-0.1683613,2016
35.76889,0.32677588,0.00970356,0.010161253,2016
34.4393,0.46394798,-0.0656958,-0.028053215,2016
32.29962,0.568891,-0.17111035,-0.0961563,2016
36.305542,0.25197712,0.09810915,0.024792587,2016
34.200043,0.4642662,-0.057016373,-0.035245303,2016
36.03891,0.40627694,0.026559575,0.017577564,2016
27.986053,0.6397855,-0.26921377,-0.26510993,2016
39.904694,0.3114699,0.13203335,0.11275014,2016
38.742584,0.21221867,0.048299428,0.0861365,2016
36.486694,0.43854827,-0.033174206,0.029634383,2016
35.184418,0.39790374,0.029391171,-0.0062816422,2016
39.644928,0.29446983,0.1406137,0.10693661,2016
40.085846,0.20139918,0.073889315,0.116759725,2016
31.916779,0.53166384,-0.09015195,-0.10930473,2016
32.313293,0.54890984,-0.12383666,-0.09569251,2016
36.15512,0.33727852,0.024818595,0.020735297,2016
38.554596,0.29385284,0.06049463,0.081680596,2016
33.95395,0.51320314,-0.09260548,-0.042748626,2016
35.020355,0.3873372,0.037364285,-0.010995846,2016
31.903107,0.55159986,-0.11343739,-0.109780125,2016
37.898346,0.3376621,0.0015999668,0.06577892,2016
33.47885,0.40654016,-0.009492896,-0.05754625,2016
36.042328,0.37711883,-0.012378273,0.01767073,2016
36.435425,0.30150595,-0.015166017,0.028268948,2016
31.872345,0.5655315,-0.12300953,-0.11085123,2016
32.9422,0.5391698,-0.1386678,-0.07477442,2016
36.36023,0.32166842,0.06651043,0.026259346,2016
39.00235,0.35430405,0.060135353,0.09222306,2016
36.02182,0.3854424,0.03404832,0.017111473,2016
38.182037,0.27787146,0.0376986,0.072720155,2016
34.917816,0.48189598,-0.08663193,-0.013964719,2016
32.473938,0.47901347,-0.05989319,-0.090272255,2016
36.825073,0.29689133,0.08036026,0.038550895,2016
34.18979,0.51786876,-0.109876744,-0.035555787,2016
36.151703,0.42978898,0.011963555,0.020642713,2016
34.637543,0.48231798,-0.056643806,-0.022169326,2016
30.139435,0.62776065,-0.21395563,-0.17472123,2016
28.273193,0.6670911,-0.30461624,-0.25226158,2016
36.26111,0.2753087,0.047065232,0.023597589,2016
36.64734,0.4189802,0.024447422,0.033888005,2016
37.11902,0.37930444,-0.017764246,0.046164606,2016
36.00473,0.4203713,0.00065757014,0.01664494,2016
36.127777,0.43177164,-0.030320423,0.019994128,2016
33.28061,0.517692,-0.07356418,-0.063845724,2016
33.687347,0.46671498,-0.09481965,-0.051000934,2016
37.68985,0.3675096,0.02609053,0.060610913,2016
32.95587,0.56542385,-0.11454469,-0.07432855,2016
32.296204,0.5457622,-0.07758236,-0.096272305,2016
37.62149,0.42516127,0.059657294,0.058904015,2016
28.088623,0.64692014,-0.278372,-0.26049018,2016
40.564392,0.3122648,0.10114021,0.12717949,2016
34.333344,0.49503693,-0.093960345,-0.031225918,2016
35.546722,0.32779405,0.026081672,0.003974734,2016
40.24991,0.3261816,0.12921265,0.1203599,2016
30.351349,0.62055355,-0.21798581,-0.16651928,2016
35.269867,0.44353858,-0.030081159,-0.003843698,2016
33.00714,0.49342164,-0.04296733,-0.072659805,2016
39.039948,0.22061926,0.05129107,0.09309731,2016
35.87143,0.4500366,-0.03858467,0.012990722,2016
33.5643,0.5020187,-0.07239934,-0.05485391,2016
38.523834,0.19952576,0.075837344,0.0809473,2016
33.95395,0.45403066,-0.08653021,-0.042748626,2016
30.727325,0.5856838,-0.20791404,-0.15224586,2016
32.685852,0.5512164,-0.09159801,-0.08320363,2016
33.95395,0.4893568,-0.07130994,-0.042748626,2016
33.90268,0.45909286,-0.031491667,-0.04432553,2016
37.43692,0.40152586,0.05381504,0.054264255,2016
33.95395,0.51786536,-0.08408084,-0.042748626,2016
39.579987,0.17120194,0.052560195,0.105471306,2016
31.02127,0.59393746,-0.17935227,-0.14132763,2016
29.561798,0.6324402,-0.23723017,-0.19767524,2016
37.795807,0.4594752,-0.0133425,0.0632444,2016
39.258698,0.18045905,0.033285934,0.09815058,2016
39.638092,0.23242798,0.09546295,0.10678259,2016
37.1156,0.29798433,0.02190983,0.046076767,2016
36.838745,0.31968325,0.027771497,0.038907718,2016
38.54776,0.20291317,0.11926876,0.08151774,2016
38.793854,0.20462818,0.095794514,0.08734425,2016
39.95938,0.25792187,0.11096437,0.113964416,2016
37.091675,0.3172913,0.09515417,0.045461446,2016
34.798187,0.47866932,-0.037310448,-0.017450519,2016
34.972504,0.48033598,-0.026594505,-0.012379154,2016
32.6756,0.5580258,-0.13369498,-0.083543554,2016
32.022736,0.56025136,-0.170647,-0.105634265,2016
35.714203,0.33411497,0.02379423,0.008645559,2016
36.10385,0.3087028,0.030835297,0.019344686,2016
31.667267,0.54214704,-0.09835323,-0.11804514,2016
33.44809,0.5370391,-0.15957052,-0.05851886,2016
38.356354,0.34694323,0.12357453,0.07693432,2016
32.14923,0.5945273,-0.18620287,-0.101284,2016
38.906647,0.2738189,0.06221471,0.0899901,2016
37.82657,0.20612766,0.054863293,0.0640062,2016
36.001312,0.44807893,-0.10512535,0.01655158,2016
38.503326,0.33563384,0.16393761,0.0804578,2016
33.926605,0.5156939,-0.07716653,-0.043589048,2016
34.18979,0.37143517,0.05504374,-0.035555787,2016
39.43643,0.42512113,0.006280518,0.10221508,2016
40.017487,0.1669616,0.07852765,0.11525094,2016
30.006134,0.6316264,-0.2694456,-0.17993987,2016
37.970123,0.22965908,0.067359895,0.06754494,2016
33.51645,0.528997,-0.084365815,-0.056359928,2016
34.275238,0.47121674,0.0,-0.032974113,2016
38.404205,0.20547098,-0.026054597,0.07808446,2016
32.426086,0.59462017,-0.21442823,-0.091881186,2016
32.142365,0.5484012,-0.12384342,-0.101519264,2016
29.770294,0.65565795,-0.27688295,-0.18928733,2016
35.310883,0.45358348,-0.013863341,-0.0026776756,2016
32.75763,0.5861151,-0.14760686,-0.08083016,2016
39.494537,0.30950978,0.09975083,0.10353593,2016
31.08963,0.5235673,-0.09538958,-0.1388181,2016
35.65268,0.37464598,0.036624048,0.0069348444,2016
35.58432,0.31094313,0.015932098,0.0050271135,2016
31.769806,0.5462074,-0.14517444,-0.114436574,2016
35.608246,0.4874539,-0.037552733,0.0056956527,2016
38.46231,0.348795,0.03929099,0.079477206,2016
38.32901,0.40492877,-0.0396175,0.07627581,2016
31.472443,0.60239726,-0.16330773,-0.12496618,2016
38.58194,0.29836982,0.053794958,0.08233143,2016
39.79532,0.23713997,0.0980054,0.11031159,2016
36.69519,0.5145718,-0.053916283,0.035147842,2016
37.057495,0.40015292,-0.004680814,0.044581033,2016
38.97159,0.47048444,-0.0642627,0.09150652,2016
33.17807,0.5882882,-0.18645573,-0.067133605,2016
38.14102,0.26653403,0.080057174,0.07172299,2016
32.18683,0.49092087,-0.071897924,-0.09999758,2016
38.325592,0.25433686,0.062789306,0.07619343,2016
36.63025,0.3514861,-0.025840865,0.033437267,2016
38.171783,0.29719126,0.022321532,0.07247107,2016
34.042816,0.52499205,-0.09202773,-0.04002658,2016
38.927155,0.18759292,0.07935711,0.09046952,2016
34.729828,0.52165574,-0.17093904,-0.019453185,2016
34.432465,0.47601867,-0.086561136,-0.028257316,2016
36.110687,0.46429843,-0.03426069,0.01953033,2016
34.47348,0.4749163,-0.019049248,-0.027033923,2016
36.72937,0.2825841,0.040480483,0.036045715,2016
33.80356,0.51652807,-0.06638525,-0.04738777,2016
39.74063,0.2807754,0.13767199,0.10908728,2016
33.724945,0.45812437,-5.9322814e-05,-0.049829245,2016
38.84854,0.28840968,0.07568444,0.08862901,2016
39.952545,0.18812394,0.10735385,0.11381281,2016
38.872467,0.3953425,0.008652329,0.08918995,2016
37.87784,0.30717584,0.08429883,0.06527311,2016
35.150238,0.48315978,-0.1319867,-0.007260139,2016
40.089264,0.2656689,0.080980495,0.11683503,2016
32.880676,0.490501,-0.09710062,-0.076785445,2016
37.293365,0.3487958,0.04769862,0.050623797,2016
35.656097,0.3580678,0.057671662,0.007030039,2016
33.034485,0.5207851,-0.068944834,-0.071771935,2016
37.30362,0.29541412,0.092819974,0.05088476,2016
38.46573,0.2642731,0.06177228,0.079559006,2016
36.15512,0.3581772,0.062344827,0.020735297,2016
38.472565,0.34283245,0.072215244,0.07972255,2016
32.48761,0.55237687,-0.116572425,-0.08981343,2016
38.44864,0.35082603,0.031156596,0.07914988,2016
36.835327,0.3088105,0.076994404,0.03881854,2016
30.734161,0.6350123,-0.25150305,-0.15198958,2016
35.604828,0.40406793,0.004697771,0.005600202,2016
36.336304,0.33274254,0.014166718,0.025618182,2016
32.04666,0.5135594,-0.081542835,-0.10480881,2016
35.21518,0.45760742,-0.03036841,-0.0054026195,2016
34.8768,0.5539962,-0.14357871,-0.015157157,2016
36.623413,0.24404058,0.028729385,0.03325685,2016
31.448517,0.609719,-0.16888057,-0.12582205,2016
37.146362,0.24588712,0.03676583,0.046866734,2016
38.291412,0.25745946,0.067803204,0.07536882,2016
35.242523,0.4932564,-0.06511238,-0.004622554,2016
33.33188,0.42171186,-0.029455295,-0.062209364,2016
38.944244,0.29086763,0.124808416,0.090868644,2016
38.387115,0.24640118,0.08792884,0.077674024,2016
37.060913,0.35717976,0.019191207,0.044669148,2016
31.61258,0.63201386,-0.26180223,-0.11997928,2016
32.108185,0.5261488,-0.10963596,-0.10269185,2016
33.6019,0.36655256,-0.016707562,-0.053673618,2016
36.34314,0.29835647,0.06527694,0.025801457,2016
31.803986,0.56237847,-0.21160682,-0.11323889,2016
37.82657,0.34655088,0.009184556,0.0640062,2016
36.404663,0.43799567,0.003976712,0.027447842,2016
30.829865,0.5652589,-0.14378455,-0.14841354,2016
38.551178,0.3749687,0.03336111,0.081599176,2016
39.84317,0.23426178,0.086918466,0.11138011,2016
37.23526,0.4406762,0.010000289,0.0491423,2016
30.200958,0.610009,-0.21182695,-0.17232816,2016
32.62433,0.57270825,-0.15002635,-0.085246354,2016
32.45685,0.5588337,-0.15828411,-0.09084633,2016
37.836823,0.3040222,0.027607596,0.06425986,2016
38.28116,0.33757612,0.12424162,0.07512116,2016
37.532623,0.3396142,-0.02465193,0.05667575,2016
28.977295,0.67054754,-0.35557482,-0.22183363,2016
35.3143,0.49005213,-0.017501198,-0.0025806292,2016
33.577972,0.56459486,-0.124272294,-0.05442441,2016
32.05008,0.59243774,-0.14416559,-0.104690984,2016
38.537506,0.30895364,0.0094113,0.081273355,2016
37.946198,0.23238769,0.08098371,0.06695701,2016
32.344055,0.57480186,-0.19087338,-0.094650425,2016
39.443268,0.24908914,0.07853759,0.10237068,2016
32.26886,0.54152167,-0.12961717,-0.09720126,2016
38.961334,0.24201655,0.1834073,0.09126742,2016
36.88318,0.26908436,0.09114947,0.040065557,2016
33.41391,0.49929145,-0.018201493,-0.05960164,2016
34.81186,0.46316427,-0.12750135,-0.01705093,2016
38.9169,0.25063288,0.04378314,0.09022987,2016
35.813324,0.27666405,0.10648474,0.011389346,2016
37.44034,0.299559,-0.011528624,0.054350592,2016
35.50229,0.37081718,-0.042856574,0.0027281386,2016
38.56485,0.3868009,0.034907725,0.08192477,2016
36.199554,0.30386317,0.07389692,0.021937309,2016
34.582855,0.4946226,-0.061317552,-0.023785729,2016
34.22397,0.46472842,-0.062736556,-0.034521572,2016
31.424591,0.60000664,-0.17242582,-0.12667921,2016
38.205963,0.34328556,0.11129078,0.073300846,2016
31.137482,0.5980464,-0.18774673,-0.13706799,2016
32.559387,0.5697749,-0.12667888,-0.087410934,2016
34.688812,0.49570444,-0.06532319,-0.020658575,2016
38.38028,0.2141513,0.11044161,0.07750975,2016
28.139893,0.6484373,-0.27467918,-0.25819364,2016
35.977386,0.399307,0.025479406,0.015897565,2016
35.474945,0.4509161,-0.014818079,0.001959451,2016
36.179047,0.39666834,-0.004606574,0.021382902,2016
36.473022,0.39657608,-0.058902994,0.029270643,2016
38.182037,0.26851588,0.08236331,0.072720155,2016
31.978302,0.59276587,-0.19027933,-0.10717053,2016
37.091675,0.26179013,0.07540975,0.045461446,2016
32.665344,0.5509452,-0.10348459,-0.08388368,2016
34.176117,0.42125273,0.016952964,-0.03597005,2016
37.279694,0.4848979,-0.011483302,0.050275628,2016
37.272858,0.39754587,0.04702301,0.050101444,2016
35.102386,0.33470932,0.023749163,-0.0086332355,2016
28.037323,0.6865243,-0.30086157,-0.26279652,2016
39.361237,0.18606748,0.078135595,0.100499965,2016
34.032562,0.5090994,-0.08024117,-0.040339936,2016
34.5726,0.48807472,-0.037977953,-0.024089374,2016
32.716614,0.57340384,-0.21460733,-0.08218515,2016
30.539337,0.64308584,-0.30991632,-0.15933864,2016
35.744965,0.3915301,-0.020586552,0.009498707,2016
37.765045,0.4840647,-0.056283094,0.062481362,2016
29.883087,0.67926264,-0.26825717,-0.18479839,2016
37.443756,0.29022893,0.049630698,0.05443691,2016
38.29483,0.24115917,0.048205156,0.07545135,2016
34.429047,0.5231884,-0.08226329,-0.028359398,2016
40.01407,0.29840925,0.07804335,0.11517537,2016
39.501373,0.22017665,0.15786219,0.10369107,2016
40.376404,0.40215898,0.029746566,0.123115726,2016
29.066162,0.6348735,-0.25015068,-0.21809798,2016
37.7377,0.34543896,0.042407878,0.061802063,2016
34.049652,0.40552154,0.002824113,-0.03981778,2016
32.84308,0.5472068,-0.18232287,-0.078018114,2016
35.697113,0.39841288,-0.021006705,0.008170951,2016
40.024323,0.21690825,0.07385231,0.11540205,2016
34.30258,0.5280419,-0.13196063,-0.032150697,2016
38.88272,0.32351118,0.030443562,0.089430146,2016
36.951538,0.30624518,0.021323826,0.04184141,2016
42.6904,0.2535575,0.15557882,0.17064646,2016
38.335846,0.2628547,0.01193557,0.07644053,2016
32.8089,0.5070469,-0.16398515,-0.07914117,2016
38.26407,0.25697505,0.08321139,0.074708074,2016
36.250854,0.38888514,-0.011545877,0.023321405,2016
35.594574,0.38653558,0.09546351,0.00531374,2016
39.125397,0.1791405,0.10243859,0.09507796,2016
35.662933,0.42454037,0.020754231,0.0072203735,2016
31.684357,0.5319655,-0.1377966,-0.11744209,2016
40.30121,0.3248464,0.085243694,0.1214796,2016
34.042816,0.5601836,-0.12620555,-0.04002658,2016
29.500275,0.57681984,-0.21906833,-0.20017302,2016
35.454437,0.42769292,0.014751584,0.0013821571,2016
31.855255,0.52744365,-0.08239815,-0.111447185,2016
31.438263,0.5682214,-0.23779474,-0.12618925,2016
38.93399,0.27229893,0.06611051,0.09062921,2016
35.97055,0.46083263,-0.05434378,0.015710544,2016
38.636627,0.23804064,0.07696158,0.08363032,2016
30.993927,0.64802355,-0.2518962,-0.14233455,2016
32.210754,0.5200103,-0.09845013,-0.09918052,2016
33.372894,0.5218918,-0.05404088,-0.0609039,2016
35.242523,0.42594314,-0.05903046,-0.004622554,2016
38.988678,0.29578662,0.08692434,0.09190474,2016
28.79956,0.6462,-0.25848606,-0.2293741,2016
37.08142,0.33342096,0.12217771,0.045197494,2016
32.627747,0.5505487,-0.099584535,-0.085132666,2016
35.085297,0.488335,-0.09644521,-0.009124535,2016
33.6976,0.53332466,-0.10261624,-0.050681125,2016
34.96225,0.38811457,-0.02298841,-0.0126760695,2016
36.46277,0.26085803,0.12820697,0.028997658,2016
35.218597,0.33200288,0.014957566,-0.005305045,2016
33.909515,0.53689235,-0.12380518,-0.044115,2016
36.57556,0.28202224,0.07030609,0.031992067,2016
39.43643,0.2955715,0.05973739,0.10221508,2016
39.552643,0.24915378,0.087362334,0.1048529,2016
37.08142,0.29595077,0.056816224,0.045197494,2016
36.72937,0.31812745,0.005214719,0.036045715,2016
30.587189,0.57367754,-0.22383256,-0.15752493,2016
34.603363,0.36061925,0.03169958,-0.023178978,2016
32.77472,0.5294547,-0.15284152,-0.08026657,2016
30.744415,0.5845529,-0.18422963,-0.15160537,2016
35.75522,0.2995587,0.03560177,0.009782763,2016
35.21176,0.47143254,-0.13805278,-0.005500213,2016
35.12973,0.50910807,-0.08338852,-0.007848151,2016
37.26602,0.42561114,-0.074563935,0.049927197,2016
32.528625,0.4713765,-0.010950885,-0.08843928,2016
32.275696,0.5459426,-0.09793737,-0.096968874,2016
37.156616,0.2757405,0.043601528,0.047129765,2016
35.41684,0.52576345,-0.14614213,0.00032204864,2016
35.338226,0.37401086,0.018808708,-0.001901831,2016
35.3143,0.48971978,-0.049956728,-0.0025806292,2016
35.56723,0.3164661,0.08112065,0.004549035,2016
32.227844,0.58878136,-0.1549939,-0.09859764,2016
35.690277,0.379117,0.018123893,0.007980982,2016
33.861664,0.39096674,-0.011301091,-0.04559049,2016
28.560303,0.6390465,-0.2712658,-0.23967291,2016
32.01248,0.5119607,-0.095848374,-0.105988406,2016
36.045746,0.42503765,-0.056934193,0.017763877,2016
28.273193,0.6390384,-0.27224663,-0.25226158,2016
35.587738,0.3775307,0.0938452,0.005122674,2016
30.286407,0.608518,-0.21002845,-0.16902058,2016
33.003723,0.51287836,-0.083306834,-0.07277089,2016
36.985718,0.35777158,-0.0051635173,0.042726874,2016
38.383698,0.3244396,0.08264026,0.077591896,2016
38.22989,0.23127137,0.04969022,0.073880814,2016
33.150696,0.48373392,-0.061905112,-0.0680148,2016
37.194214,0.43465772,0.026046613,0.04809297,2016
38.506744,0.43562576,-0.080004945,0.08053942,2016
37.088257,0.31311306,0.041343845,0.045373477,2016
39.822662,0.23183167,0.024854545,0.110922486,2016
40.796814,0.36120912,0.083428785,0.13215199,2016
34.11801,0.53119326,-0.16958994,-0.037734386,2016
36.801147,0.2656021,0.03836344,0.037925825,2016
34.0018,0.48480207,-0.030607574,-0.04128114,2016
37.293365,0.3877718,0.07837811,0.050623797,2016
32.887512,0.5274012,-0.092950016,-0.07656163,2016
37.296783,0.2006529,0.10586283,0.0507108,2016
35.587738,0.51384574,-0.072603084,0.005122674,2016
34.466644,0.46303248,0.004810586,-0.02723762,2016
37.871002,0.34353453,0.021151839,0.06510439,2016
36.032074,0.38587716,0.0004655903,0.01739118,2016
33.76596,0.51487887,-0.14020213,-0.048554014,2016
36.838745,0.42978442,0.013740811,0.038907718,2016
32.945618,0.5463423,-0.09561232,-0.07466292,2016
35.724457,0.3884046,0.0037130534,0.008930105,2016
39.012604,0.3078041,0.09930566,0.09246166,2016
34.411957,0.51491565,-0.06017273,-0.028870108,2016
40.157623,0.2766313,0.0027416907,0.11833842,2016
35.782562,0.48878583,-0.071952604,0.010539453,2016
34.029144,0.49771622,-0.07292809,-0.04044443,2016
32.30304,0.54845005,-0.14721952,-0.096040316,2016
38.48282,0.32429495,0.012549701,0.07996777,2016
32.258606,0.51562953,-0.12888516,-0.09755002,2016
37.194214,0.49737233,-0.08151023,0.04809297,2016
35.741547,0.31530848,0.07455768,0.009403985,2016
33.91977,0.5599121,-0.1313389,-0.043799367,2016
36.790894,0.46765998,-0.030892946,0.037657686,2016
38.291412,0.2677485,0.058255225,0.07536882,2016
31.91336,0.56331295,-0.13226883,-0.10942355,2016
37.62491,0.4000853,0.07553534,0.058989506,2016
36.910522,0.4057562,0.019280933,0.040776685,2016
39.99698,0.23570795,0.09487679,0.1147973,2016
37.935944,0.41008905,0.098162755,0.06670481,2016
37.932526,0.2960778,0.13150717,0.066620715,2016
35.984222,0.40361258,0.051004134,0.016084515,2016
35.680023,0.25986505,0.084080435,0.00769589,2016
39.364655,0.24683152,0.025239928,0.10057807,2016
36.57898,0.2882364,0.028152378,0.03208252,2016
38.27774,0.38110864,0.077516206,0.07503857,2016
37.717194,0.27338716,0.03189373,0.06129194,2016
37.559967,0.2292209,0.08765288,0.057362493,2016
35.826996,0.36583704,0.023002142,0.011766608,2016
37.457428,0.30831438,0.021494713,0.05478204,2016
36.281616,0.39201027,0.01779935,0.02414949,2016
30.976837,0.6239899,-0.20490707,-0.14296478,2016
37.847076,0.29286703,0.02847176,0.06451338,2016
36.26111,0.4882529,-0.11994728,0.023597589,2016
31.821075,0.6258162,-0.22744249,-0.112641014,2016
37.600983,0.33252338,0.0988296,0.058390737,2016
37.683014,0.27580735,0.040398706,0.060440503,2016
34.97592,0.35700318,0.01836553,-0.01228022,2016
33.690765,0.52125216,-0.12560542,-0.05089431,2016
37.52237,0.23203774,0.09842652,0.056417964,2016
35.97397,0.4340319,-0.0439926,0.015804064,2016
34.13852,0.5218727,-0.1075587,-0.03711099,2016
29.70877,0.60175264,-0.22970727,-0.1917502,2016
37.361725,0.26711294,0.10611168,0.052360836,2016
39.703033,0.28977424,0.061847907,0.108243614,2016
28.293701,0.6210969,-0.26294816,-0.25135392,2016
36.384155,0.33125705,-0.0381764,0.026899666,2016
38.308502,0.2605094,0.04348242,0.07578131,2016
38.117096,0.3799632,0.016773619,0.07114032,2016
33.776215,0.41854823,0.04682584,-0.048235692,2016
38.383698,0.27741525,0.042944897,0.077591896,2016
32.665344,0.52836293,-0.08539894,-0.08388368,2016
34.654633,0.46789637,-0.11063935,-0.021665245,2016
36.985718,0.377138,0.024312716,0.042726874,2016
35.33481,0.4982434,-0.093954355,-0.0019987458,2016
35.11606,0.4873213,-0.035496376,-0.0082405405,2016
34.883636,0.48013282,-0.0687624,-0.014958222,2016
35.102386,0.31081477,0.10984678,-0.0086332355,2016
32.02957,0.5554014,-0.11662714,-0.10539829,2016
36.9823,0.38332826,0.027911361,0.042638402,2016
38.59561,0.36891136,0.016054392,0.082656495,2016
34.620453,0.37747645,0.06160128,-0.022673903,2016
31.438263,0.55839807,-0.09292604,-0.12618925,2016
33.198578,0.5023944,-0.053928617,-0.06647441,2016
32.918274,0.50342387,-0.058813088,-0.07555559,2016
32.511536,0.5811815,-0.15777512,-0.08901142,2016
38.100006,0.29828522,0.06333216,0.070723675,2016
34.01889,0.4287415,0.011922109,-0.04075804,2016
34.999847,0.4306087,-0.042591203,-0.011588229,2016
36.876343,0.37885392,0.026886936,0.039887607,2016
38.626373,0.25354117,0.08427571,0.083387055,2016
31.479279,0.58325505,-0.22442341,-0.12472189,2016
36.93445,0.3473557,0.020945013,0.041398063,2016
35.379242,0.3915599,-0.007886391,-0.000740313,2016
39.429596,0.23721848,0.072509035,0.10205944,2016
34.4769,0.5420547,-0.14964397,-0.026932105,2016
35.608246,0.31375292,0.059981935,0.0056956527,2016
36.08676,0.28560627,0.06820068,0.01888027,2016
35.389496,0.30125198,0.08644,-0.00045035413,2016
36.13803,0.34449178,0.011985223,0.020272199,2016
33.236176,0.5076813,-0.0893377,-0.06526798,2016
33.91977,0.48344722,-0.06368538,-0.043799367,2016
38.28116,0.27724126,0.018358935,0.07512116,2016
37.795807,0.26093188,0.11078402,0.0632444,2016
38.1752,0.26286715,0.01839583,0.07255411,2016
38.370026,0.30170447,-0.0110712955,0.07726323,2016
34.40512,0.4462071,-0.06616466,-0.029074533,2016
34.716156,0.44671884,-0.0894207,-0.019854665,2016
32.408997,0.5195216,-0.16581911,-0.09245695,2016
38.32901,0.20529763,0.1605364,0.07627581,2016
34.77426,0.31149814,0.07724287,-0.018150557,2016
35.304047,0.31920794,0.086637706,-0.0028718244,2016
39.815826,0.31577966,0.17969774,0.11076984,2016
34.92807,0.5000609,-0.08929148,-0.013667047,2016
30.846954,0.55976886,-0.16033977,-0.14777729,2016
39.65518,0.19416657,0.088510975,0.10716754,2016
38.913483,0.24897602,0.021517182,0.09014996,2016
39.347565,0.29181245,0.057175733,0.10018742,2016
31.15799,0.5723095,-0.15634395,-0.13631958,2016
34.159027,0.45237166,0.011350781,-0.03648835,2016
38.517,0.24694245,0.09002516,0.080784194,2016
37.802643,0.29485822,0.06275739,0.0634138,2016
36.910522,0.36150667,-0.054689292,0.040776685,2016
34.586273,0.40621954,-0.0006270525,-0.023684554,2016
35.55014,0.36674336,0.036356367,0.0040704967,2016
34.82895,0.41560018,-0.019922037,-0.016551882,2016
34.483734,0.48402578,-0.036702085,-0.02672853,2016
40.321716,0.33885098,0.06735056,0.12192643,2016
32.952454,0.41444948,-0.035851125,-0.07443998,2016
38.588776,0.37078452,-0.032330453,0.08249399,2016
35.977386,0.41138566,0.022713214,0.015897565,2016
36.230347,0.34808812,0.021299917,0.022768566,2016
32.364563,0.52117646,-0.084528506,-0.0939568,2016
30.245392,0.57815063,-0.23245674,-0.17060588,2016
37.833405,0.36443496,0.056216802,0.06417532,2016
36.69519,0.3103353,0.01730575,0.035147842,2016
37.409576,0.36087242,-0.039011396,0.053572986,2016
38.824615,0.23261866,0.029860144,0.08806737,2016
32.78839,0.53616035,-0.09737749,-0.07981613,2016
34.9144,0.3619621,0.0634937,-0.014063981,2016
33.957367,0.51143,-0.06806527,-0.04264367,2016
34.900726,0.32753146,0.088950805,-0.014461228,2016
39.754303,0.25979277,0.09814053,0.10939368,2016
35.505707,0.41294932,-0.02999018,0.0028241412,2016
33.981293,0.32519764,0.020197447,-0.041909557,2016
33.977875,0.47484124,-0.07907514,-0.042014368,2016
34.801605,0.4215621,-0.047093816,-0.017350592,2016
38.458893,0.22845615,0.030218676,0.0793954,2016
28.283447,0.6118694,-0.23586713,-0.25180757,2016
38.1752,0.28448084,0.123437405,0.07255411,2016
34.244476,0.4895582,-0.096683435,-0.03390203,2016
33.31137,0.56812614,-0.17600115,-0.062863305,2016
38.202545,0.29547736,0.08343881,0.073217936,2016
35.150238,0.4769746,-0.05918678,-0.007260139,2016
30.911896,0.6230235,-0.22788976,-0.14536598,2016
32.716614,0.49558502,-0.092459686,-0.08218515,2016
40.81732,0.33183166,0.1009973,0.13258803,2016
40.14395,0.25849774,0.05754187,0.11803815,2016
36.657593,0.49612606,-0.05777532,0.03415825,2016
38.862213,0.32036665,0.032740742,0.08894963,2016
35.85434,0.444413,0.0045374804,0.012520269,2016
37.53946,0.3087248,0.031150194,0.05684753,2016
31.424591,0.57901776,-0.16616613,-0.12667921,2016
38.05899,0.323231,0.016190339,0.069722205,2016
33.355804,0.3995442,0.036594097,-0.061447453,2016
37.036987,0.27820462,0.04774847,0.04405201,2016
38.00772,0.34057292,0.011547823,0.068467334,2016
38.54776,0.2464566,0.07914416,0.08151774,2016
38.352936,0.23938632,0.091367364,0.07685206,2016
36.537964,0.31570426,0.022912009,0.030995985,2016
36.66101,0.25810212,0.09560636,0.034248296,2016
31.144318,0.5578271,-0.12754291,-0.13681841,2016
36.14145,0.34195322,0.050535012,0.020364854,2016
39.446686,0.28385133,0.05513859,0.102448456,2016
39.01944,0.38727632,0.020733187,0.092620656,2016
36.346558,0.302023,0.07575963,0.02589307,2016
36.025238,0.44665706,-0.026419405,0.017204726,2016
33.940277,0.3374472,0.050149377,-0.043168668,2016
36.910522,0.34715354,0.012820116,0.040776685,2016
38.267487,0.30477968,0.009552413,0.07479072,2016
36.582397,0.38496897,-0.0084178485,0.032172956,2016
36.97888,0.3955257,-0.0025831969,0.042549912,2016
37.717194,0.30178535,0.03179294,0.06129194,2016
36.54138,0.3499397,0.05061511,0.031086624,2016
35.659515,0.35198575,0.0010476351,0.007125215,2016
36.401245,0.45257825,-0.029144041,0.027356522,2016
35.51596,0.36727828,-0.02882311,0.0031120386,2016
37.259186,0.3257639,0.05170397,0.049752887,2016
36.551636,0.43407625,0.024900272,0.031358436,2016
37.32071,0.24347231,0.09772953,0.05131938,2016
36.72937,0.26288518,0.165988,0.036045715,2016
36.452515,0.44553924,-0.05771154,0.02872452,2016
36.657593,0.37389764,0.026373548,0.03415825,2016
38.035065,0.25131074,0.10995325,0.06913702,2016
33.2601,0.5090736,-0.11553792,-0.06450168,2016
37.631744,0.32739025,-0.011826818,0.059160445,2016
37.946198,0.253038,0.024795918,0.06695701,2016
30.419708,0.56764495,-0.22183938,-0.16389787,2016
33.372894,0.48679376,-0.097140856,-0.0609039,2016
32.638,0.5504018,-0.1268801,-0.08479175,2016
29.937775,0.63474715,-0.21824268,-0.18263412,2016
35.26303,0.3280979,0.08351187,-0.0040382985,2016
36.910522,0.31173775,0.06749837,0.040776685,2016
35.208344,0.4401489,-0.062028002,-0.005597825,2016
35.276703,0.4470705,-0.020897927,-0.0036491726,2016
32.48761,0.5353625,-0.16469051,-0.08981343,2016
35.054535,0.4021738,-0.057113655,-0.010010081,2016
34.664886,0.46806604,-0.0649564,-0.021363035,2016
34.11801,0.50463754,-0.07512145,-0.037734386,2016
39.10147,0.23405758,0.14513534,0.09452425,2016
36.732788,0.4830276,-0.021946954,0.036135413,2016
35.423676,0.4240424,0.0034505322,0.000514963,2016
36.196136,0.29757166,0.06516073,0.021844951,2016
33.116516,0.53492266,-0.097261444,-0.0691171,2016
39.569733,0.2880393,0.035910897,0.1052395,2016
30.115509,0.5326721,-0.15478137,-0.1756545,2016
35.403168,0.51875204,-0.12626503,-6.40036e-05,2016
35.76889,0.26033548,0.087482214,0.010161253,2016
36.59607,0.43232968,-0.012111481,0.032534525,2016
35.95346,0.3258593,0.0024833586,0.015242678,2016
35.46811,0.28464976,0.11658792,0.0017670938,2016
39.094635,0.23374453,0.033515044,0.094365925,2016
36.332886,0.28267503,0.06229671,0.025526518,2016
35.19467,0.49439818,-0.033340544,-0.005988464,2016
33.789886,0.53916186,-0.08860158,-0.04781156,2016
40.311462,0.24115898,0.05540349,0.12170307,2016
40.068756,0.22879624,0.050024632,0.11638301,2016
34.55893,0.44836172,0.028203167,-0.024494516,2016
28.987549,0.6234639,-0.22963244,-0.22140144,2016
37.262604,0.3812446,0.09267195,0.04984005,2016
37.41983,0.44748026,-0.0051324726,0.05383233,2016
38.383698,0.2715742,0.029252522,0.077591896,2016
32.173157,0.53873515,-0.1181485,-0.10046502,2016
37.57364,0.26823646,0.05896062,0.05770549,2016
30.443634,0.60588115,-0.20859945,-0.16298316,2016
37.563385,0.31865808,0.0038179636,0.057448268,2016
33.509613,0.54274255,-0.18050116,-0.056575425,2016
31.499786,0.59873444,-0.17017376,-0.12398964,2016
32.056915,0.50979984,-0.05506467,-0.10445541,2016
37.4711,0.2702842,0.077738926,0.055126917,2016
36.507202,0.39999834,-0.03180191,0.030179484,2016
34.671722,0.3277397,0.023783384,-0.02116166,2016
35.41684,0.43795073,-0.037158653,0.00032204864,2016
36.5448,0.369878,0.021885058,0.031177245,2016
34.685394,0.49577612,-0.08121162,-0.020759152,2016
32.836243,0.5359285,-0.097833365,-0.07824254,2016
40.46869,0.25314882,0.0296496,0.12511538,2016
31.315216,0.60783434,-0.24689421,-0.13061439,2016
33.36264,0.55206233,-0.118129194,-0.061229963,2016
37.08142,0.29736504,0.089037694,0.045197494,2016
30.717072,0.55653965,-0.13772678,-0.15263051,2016
34.835785,0.43283343,-0.0828938,-0.016352402,2016
34.196625,0.4359535,0.01090299,-0.035348777,2016
39.47061,0.15449642,0.0389319,0.10299253,2016
35.574066,0.38918856,0.009838654,0.0047403215,2016
40.3183,0.26177743,0.06962528,0.12185199,2016
34.15219,0.33249366,0.042703327,-0.036695816,2016
33.93686,0.38287902,-0.012609522,-0.043273732,2016
36.736206,0.4350176,-0.022276217,0.03622509,2016
38.810944,0.2815447,0.02640624,0.08774613,2016
37.912018,0.28840336,0.026130168,0.06611582,2016
39.64151,0.31865767,0.12906545,0.10685961,2016
28.908936,0.65046924,-0.27473322,-0.22472285,2016
40.56781,0.15307252,0.08842927,0.12725303,2016
34.10434,0.37378964,0.052277226,-0.038150396,2016
39.55948,0.24437602,0.08455303,0.10500758,2016
36.00473,0.35043272,0.009355656,0.01664494,2016
34.264984,0.51435363,-0.059155032,-0.033283234,2016
34.822113,0.27743724,0.0847543,-0.016751442,2016
32.79181,0.48172674,-0.059719738,-0.07970358,2016
34.904144,0.43591407,-0.031415667,-0.014361886,2016
38.540924,0.33229887,0.07527018,0.081354834,2016
33.39682,0.50719655,-0.06128351,-0.06014386,2016
38.02481,0.29516053,0.028730938,0.068886,2016
33.16095,0.51879454,-0.0856965,-0.067684546,2016
35.057953,0.3408247,-0.015372572,-0.009911611,2016
36.281616,0.46127525,-0.044961464,0.02414949,2016
37.97354,0.2621453,0.041979313,0.06762887,2016
35.932953,0.3799043,0.058532085,0.014680654,2016
28.187744,0.65171176,-0.21255684,-0.2560577,2016
35.580902,0.43355837,-0.011718627,0.0049315346,2016
37.06433,0.22652563,0.110644236,0.044757247,2016
32.576477,0.5258149,-0.110394925,-0.08684047,2016
35.522797,0.3073829,0.05188422,0.0033038778,2016
36.00473,0.3946963,-0.0276503,0.01664494,2016
35.191254,0.40598398,-0.046371385,-0.006086171,2016
33.6976,0.5604535,-0.13021713,-0.050681125,2016
29.989044,0.6445582,-0.2542546,-0.18061228,2016
35.08188,0.5254937,-0.06770447,-0.009222852,2016
31.691193,0.59670603,-0.13737759,-0.11720105,2016
35.71762,0.45218077,-0.0310194,0.008740425,2016
37.99405,0.1753912,0.07170216,0.068132125,2016
35.167328,0.35990158,0.002348497,-0.006770653,2016
37.90518,0.3926545,-0.022983633,0.0659474,2016
38.151276,0.27019694,0.0012007955,0.07197248,2016
36.39099,0.3679227,-0.004336261,0.02708246,2016
33.451508,0.40602782,-0.027279273,-0.058410704,2016
30.573517,0.6022113,-0.21077827,-0.15804256,2016
36.2782,0.4176655,-0.026522618,0.02405755,2016
34.012054,0.4498342,-0.011599065,-0.04096722,2016
34.951996,0.51068485,-0.079327404,-0.01297316,2016
30.392365,0.60770714,-0.20473634,-0.16494502,2016
35.55014,0.4043312,0.030257573,0.0040704967,2016
36.435425,0.26499712,0.009481632,0.028268948,2016
36.19272,0.45771426,-0.07118189,0.021752575,2016
36.582397,0.3216413,0.014620862,0.032172956,2016
31.920197,0.6023798,-0.17367262,-0.10918596,2016
36.89685,0.3617729,0.015462742,0.04042125,2016
32.90802,0.58958626,-0.1831745,-0.07589073,2016
32.463684,0.61731213,-0.22848746,-0.09061663,2016
29.343048,0.63951546,-0.24150074,-0.20660381,2016
31.954376,0.56545234,-0.1747696,-0.107999526,2016
32.3338,0.55956995,-0.13151851,-0.09499756,2016
35.184418,0.27584344,0.07165637,-0.0062816422,2016
37.751373,0.25271308,0.09643802,0.062141836,2016
28.184326,0.6466511,-0.25624266,-0.25621006,2016
30.857208,0.6117475,-0.21853055,-0.14739588,2016
29.50711,0.6285633,-0.22907357,-0.19989498,2016
36.40808,0.5270784,-0.10333962,0.027539145,2016
39.84659,0.3391389,-0.016854832,0.11145633,2016
40.26358,0.34176686,0.09691628,0.120658584,2016
33.591644,0.53625596,-0.14942278,-0.053995255,2016
35.840668,0.31263062,0.07512664,0.012143581,2016
36.19272,0.28111768,0.018351022,0.021752575,2016
31.448517,0.56713533,-0.12411729,-0.12582205,2016
36.179047,0.42422843,0.0154646,0.021382902,2016
37.515533,0.25194088,0.063195,0.05624603,2016
35.355316,0.41573402,0.02168751,-0.0014175377,2016
37.4711,0.34330267,0.09195377,0.055126917,2016
39.70645,0.30887058,0.08689634,0.10832038,2016
34.02231,0.49416712,-0.08733513,-0.040653482,2016
37.382233,0.40297607,0.0011493545,0.05288071,2016
34.712738,0.44842947,0.02955221,-0.019955084,2016
34.69565,0.44453204,-0.036480103,-0.020457478,2016
35.60141,0.4437508,-0.02084882,0.005504733,2016
33.687347,0.5592,-0.17708538,-0.051000934,2016
39.27237,0.16711172,0.08753149,0.09846454,2016
35.09555,0.45673403,-0.08552628,-0.008829698,2016
37.915436,0.27718705,0.055932917,0.06620001,2016
32.25177,0.5632855,-0.12181428,-0.09778266,2016
33.841156,0.49511534,-0.072346635,-0.04622412,2016
37.618073,0.3223274,0.016710207,0.058818508,2016
35.967133,0.29944226,0.057676144,0.0156170055,2016
35.293793,0.44498703,-0.037795246,-0.0031631887,2016
30.966583,0.5566331,-0.17255916,-0.14334324,2016
28.83374,0.62796783,-0.24908747,-0.22791679,2016
38.26065,0.36464766,0.057577115,0.07462542,2016
36.739624,0.2602709,0.08881446,0.036314752,2016
34.58969,0.4263882,-0.009270102,-0.0235834,2016
35.256195,0.37554443,0.06642091,-0.0042329747,2016
38.558014,0.23038551,0.08442453,0.081762,2016
38.653717,0.18784676,0.039749395,0.08403547,2016
38.387115,0.3153903,0.07871558,0.077674024,2016
38.202545,0.19772615,0.085836664,0.073217936,2016
37.279694,0.2113504,0.15544313,0.050275628,2016
34.28891,0.43630144,-0.059191544,-0.03256224,2016
34.798187,0.40174007,-0.068987496,-0.017450519,2016
37.747955,0.23215991,0.10749722,0.062056914,2016
38.387115,0.29251125,0.007364311,0.077674024,2016
36.29187,0.4358732,-0.0259942,0.024425207,2016
36.312378,0.3354956,-0.0031176244,0.024976173,2016
34.213715,0.47678918,-0.01696794,-0.034831617,2016
37.16687,0.4259965,0.0368824,0.04739265,2016
31.301544,0.55808234,-0.11222844,-0.13110821,2016
30.224884,0.6307379,-0.21888012,-0.17140014,2016
37.108765,0.3084146,0.010703295,0.04590104,2016
37.932526,0.42396814,-0.10319162,0.066620715,2016
31.30838,0.61131483,-0.23832281,-0.13086124,2016
36.315796,0.33762234,0.048776142,0.025067942,2016
37.112183,0.36521366,-0.00070010725,0.045988914,2016
35.90561,0.3213145,0.020002868,0.013930288,2016
36.131195,0.41068536,0.028261201,0.020086836,2016
35.710785,0.5205786,-0.08064972,0.008550674,2016
35.410004,0.3982248,-0.02924027,0.00012905979,2016
28.977295,0.63000834,-0.23950098,-0.22183363,2016
36.91394,0.39329782,0.024360226,0.040865503,2016
39.730377,0.3733489,0.03221157,0.10885735,2016
36.47986,0.31842738,0.030070657,0.029452547,2016
37.28311,0.3606224,0.06779281,0.050362695,2016
39.651764,0.36493614,0.026809001,0.10709058,2016
35.823578,0.3520013,0.026855342,0.011672319,2016
35.66977,0.36439174,0.025808541,0.007410635,2016
30.235138,0.5909551,-0.16061653,-0.17100288,2016
36.449097,0.389926,0.011021661,0.02863344,2016
35.410004,0.5155158,-0.119861536,0.00012905979,2016
35.023773,0.5041391,-0.051359273,-0.010897183,2016
33.284027,0.4811568,-0.17519301,-0.063736476,2016
36.42859,0.41012248,-0.021962428,0.0280866,2016
38.36319,0.27783147,0.040878993,0.0770988,2016
40.256744,0.18685369,0.08289482,0.12050927,2016
38.493073,0.21086901,0.095282465,0.08021285,2016
37.078003,0.4579816,-0.025505526,0.045109477,2016
35.276703,0.46286106,-0.05286575,-0.0036491726,2016
29.835236,0.5718913,-0.20213054,-0.18669865,2016
38.773346,0.26120776,0.06969882,0.086861536,2016
35.157074,0.41807845,0.052156337,-0.0070642876,2016
37.55655,0.33816022,0.057259362,0.057276707,2016
37.97696,0.35600108,0.06251617,0.067712784,2016
36.17221,0.35872355,0.0011700445,0.02119796,2016
37.744537,0.4296234,0.047456946,0.06197198,2016
36.144867,0.3709173,0.051289517,0.020457491,2016
35.24936,0.41288266,0.025938224,-0.0044277264,2016
28.454346,0.6647574,-0.2962771,-0.24428914,2016
32.542297,0.51650864,-0.07198566,-0.087982,2016
33.29428,0.51454663,-0.13854858,-0.06340887,2016
34.128265,0.4734016,-0.034035966,-0.037422597,2016
34.55893,0.4697623,-0.00011482898,-0.024494516,2016
29.732697,0.5857047,-0.1726453,-0.1907912,2016
30.009552,0.6027627,-0.21030661,-0.17980547,2016
37.683014,0.2161193,-0.0021123167,0.060440503,2016
34.415375,0.42963046,-0.007555788,-0.028767925,2016
38.404205,0.3659466,-0.008837343,0.07808446,2016
32.514954,0.36204553,-0.054915756,-0.088896945,2016
34.196625,0.5008976,-0.060857818,-0.035348777,2016
37.6044,0.35448936,0.013569886,0.05847632,2016
37.426666,0.41109812,0.003078639,0.054005146,2016
35.034027,0.4763604,-0.00790266,-0.010601309,2016
38.643463,0.27343747,0.08489229,0.083792426,2016
32.330383,0.5423677,-0.107310854,-0.09511333,2016
40.29779,0.2697425,0.13602959,0.12140509,2016
37.26944,0.299234,0.045802873,0.05001433,2016
33.97104,0.5676823,-0.1561649,-0.04222405,2016
36.182465,0.5106594,-0.08938017,0.021475347,2016
37.348053,0.28276083,0.07358598,0.052013937,2016
38.352936,0.23291454,0.1380669,0.07685206,2016
35.379242,0.4224664,-0.007740348,-0.000740313,2016
38.657135,0.30716747,0.12366083,0.08411646,2016
34.55893,0.47116414,-0.04358938,-0.024494516,2016
38.29825,0.33316064,0.0874791,0.07553386,2016
38.691315,0.29237655,0.0815368,0.08492555,2016
36.22351,0.4069443,0.03919235,0.022584148,2016
36.825073,0.3679026,0.06488166,0.038550895,2016
37.683014,0.3708167,0.007908438,0.060440503,2016
29.250763,0.61822253,-0.21348745,-0.21041061,2016
35.950043,0.4112229,-0.0360602,0.015149052,2016
38.46573,0.4276138,-0.0077910633,0.079559006,2016
37.747955,0.30680296,0.06803549,0.062056914,2016
37.75479,0.35836414,0.046737164,0.062226743,2016
34.435883,0.48228362,-0.03650531,-0.028155256,2016
33.335297,0.55355984,-0.12592529,-0.06210045,2016
35.994476,0.31819302,0.046000198,0.016364807,2016
39.32022,0.18901043,0.07727195,0.099561684,2016
30.28299,0.6222035,-0.19568864,-0.16915253,2016
32.45685,0.46561238,-0.03382913,-0.09084633,2016
36.12436,0.2648516,0.058701023,0.019901404,2016
38.147858,0.2313319,0.08220456,0.07188933,2016
40.97113,0.34304893,0.12084223,0.13584435,2016
36.68152,0.3497115,-0.016685344,0.034788225,2016
32.40558,0.5740384,-0.18536133,-0.09257218,2016
34.79477,0.48893094,-0.08673021,-0.017550465,2016
33.854828,0.56223935,-0.18648717,-0.045801613,2016
39.55948,0.24114643,0.09355556,0.10500758,2016
37.13269,0.30554032,0.15226422,0.0465158,2016
37.125854,0.33523414,0.034551263,0.046340235,2016
39.06729,0.3851292,-0.010915126,0.09373206,2016
35.3519,0.25955206,0.121541955,-0.0015143589,2016
37.310455,0.36731726,0.070416234,0.051058654,2016
37.006226,0.40604162,-0.044910852,0.043257367,2016
30.306915,0.59560114,-0.1631676,-0.16822954,2016
37.142944,0.4868608,-0.0531253,0.046779025,2016
34.4393,0.5056742,-0.08971553,-0.028053215,2016
33.639496,0.4128206,-0.00019041677,-0.052495964,2016
38.776764,0.30905095,-0.0037696187,0.086942025,2016
35.34848,0.49109343,-0.053890385,-0.0016111989,2016
36.66101,0.36112845,0.001680383,0.034248296,2016
35.840668,0.3498076,0.016936468,0.012143581,2016
34.85971,0.5040343,-0.06890603,-0.015654834,2016
37.35147,0.31347775,0.15136118,0.05210069,2016
40.072174,0.18044561,0.14283781,0.11645838,2016
35.512543,0.47314194,-0.03961556,0.0030160912,2016
36.52771,0.40619448,-0.0454051,0.03072397,2016
36.872925,0.3738703,-0.010635909,0.03979861,2016
34.736664,0.38191646,0.035272323,-0.019252563,2016
28.539795,0.67730016,-0.31354386,-0.2405637,2016
37.751373,0.36868447,-0.006481367,0.062141836,2016
35.707367,0.39124805,0.05059079,0.00845577,2016
33.76938,0.47002372,-0.070091724,-0.048447885,2016
32.50128,0.59789205,-0.20980747,-0.089355,2016
39.3544,0.18347721,0.08647664,0.10034372,2016
34.326508,0.4187321,0.007934001,-0.03143128,2016
37.190796,0.30072454,0.016360337,0.048005488,2016
35.560394,0.41945115,-0.040340792,0.0043576746,2016
37.412994,0.21794023,0.1147638,0.05365945,2016
35.71762,0.40639326,-0.025486607,0.008740425,2016
38.1752,0.18334283,0.06536056,0.07255411,2016
38.728912,0.18376121,0.08871442,0.085813895,2016
33.97104,0.5190007,-0.11150578,-0.04222405,2016
36.346558,0.38516593,0.035559606,0.02589307,2016
36.725952,0.4642224,-0.029334314,0.035956003,2016
33.215668,0.5431187,-0.07525008,-0.065925695,2016
34.664886,0.37163976,0.057382137,-0.021363035,2016
39.515045,0.28337792,0.012235956,0.10400119,2016
40.304626,0.22479054,0.097205915,0.12155411,2016
33.947113,0.52218384,-0.066297114,-0.042958606,2016
37.245514,0.3384577,0.06393748,0.049404077,2016
32.80548,0.5232815,-0.106570765,-0.07925361,2016
39.210846,0.2491619,0.09437637,0.09704999,2016
34.08725,0.47420064,-0.1321798,-0.03867088,2016
35.375824,0.4524127,-0.014046681,-0.0008370033,2016
34.733246,0.5520356,-0.1224062,-0.019352864,2016
39.13565,0.2480821,0.034674115,0.09531506,2016
38.588776,0.24597427,0.00077544607,0.08249399,2016
30.758087,0.6351116,-0.21422178,-0.15109348,2016
35.218597,0.4300201,0.05597853,-0.005305045,2016
37.84366,0.30018723,0.033866167,0.06442889,2016
37.662506,0.34669057,0.0051514753,0.059928898,2016
28.334717,0.6273778,-0.25372326,-0.24954253,2016
29.544708,0.63470083,-0.2324203,-0.19836803,2016
38.622955,0.20375712,0.08101525,0.08330594,2016
34.398285,0.4172544,-0.0709755,-0.02927904,2016
35.88852,0.3324488,0.026837474,0.013460729,2016
38.558014,0.30623192,0.1024407,0.081762,2016
39.57315,0.22056703,0.07455949,0.10531679,2016
30.908478,0.5677894,-0.11143551,-0.14549263,2016
36.370483,0.36177173,0.062049106,0.026533872,2016
39.47061,0.29588464,0.15443905,0.10299253,2016
38.072662,0.19306746,0.07600259,0.07005627,2016
33.485687,0.49361807,-0.049006943,-0.057330355,2016
33.1644,0.5295636,-0.069078654,-0.06757353,2016
40.06534,0.30671915,0.11716973,0.11630763,2016
37.92569,0.36580843,0.018069064,0.06645248,2016
38.592194,0.23671386,0.081938885,0.08257525,2016
36.302124,0.32600048,0.031992644,0.024700768,2016
33.290863,0.5570296,-0.14832003,-0.06351805,2016
35.543304,0.38172838,0.094587,0.0038789525,2016
33.1131,0.5443972,-0.16033225,-0.06922746,2016
34.91098,0.45022655,-0.008553339,-0.014163264,2016
32.849915,0.54122394,-0.1498015,-0.077793784,2016
31.1409,0.5857179,-0.19726631,-0.13694319,2016
35.676605,0.35795546,-0.046757285,0.0076008234,2016
33.947113,0.4582634,-0.06512543,-0.042958606,2016
39.057037,0.2873308,0.09593073,0.09349413,2016
31.407501,0.6037423,-0.20093416,-0.12729228,2016
32.897766,0.57220435,-0.1646194,-0.07622607,2016
38.56143,0.36771795,0.061520893,0.08184339,2016
31.530548,0.60948974,-0.22686131,-0.12289306,2016
33.05841,0.5513919,-0.12242289,-0.07099625,2016
29.5242,0.6650891,-0.27638122,-0.19920042,2016
39.57657,0.21160008,0.05951573,0.10539405,2016
33.974457,0.5544805,-0.115349956,-0.042119198,2016
33.6976,0.5247657,-0.07220466,-0.050681125,2016
35.93637,0.48833543,-0.018084705,0.014774369,2016
33.05841,0.5225212,-0.15787481,-0.07099625,2016
38.387115,0.24832562,0.057939824,0.077674024,2016
32.95929,0.52960885,-0.09955033,-0.07421713,2016
37.23181,0.35348904,0.0101765,0.04905423,2016
36.99597,0.36264104,0.037729144,0.042992193,2016
37.676178,0.41845402,-0.013491421,0.06027003,2016
37.160034,0.34658194,0.06584316,0.04721741,2016
36.42859,0.42761573,-0.043979242,0.0280866,2016
36.81482,0.4541216,-0.03859194,0.038283106,2016
32.679016,0.4543705,-0.061823282,-0.08343022,2016
30.826447,0.57811284,-0.19640008,-0.14854087,2016
34.179535,0.51321626,-0.13969234,-0.035866454,2016
37.529205,0.25559276,0.09159854,0.056589838,2016
31.721954,0.59751093,-0.25061873,-0.11611766,2016
34.97934,0.42333797,-0.028141128,-0.012181306,2016
32.326965,0.54671514,-0.20534182,-0.09522912,2016
37.006226,0.2967821,0.022482973,0.043257367,2016
33.612152,0.51309687,-0.04059622,-0.053352177,2016
39.309967,0.18297425,0.08782171,0.099326804,2016
38.81778,0.38484347,0.13619736,0.08790678,2016
32.28253,0.5579654,-0.22501352,-0.09673659,2016
36.182465,0.4007933,-0.007936219,0.021475347,2016
35.63559,0.43484524,0.028246965,0.0064585977,2016
32.935364,0.55111486,-0.16843985,-0.0749975,2016
38.57852,0.24105398,0.020443825,0.08225012,2016
33.284027,0.5610961,-0.13920733,-0.063736476,2016
33.670258,0.38191527,-0.05027197,-0.05153439,2016
41.17279,0.24857941,0.2181584,0.1400769,2016
39.10489,0.3218367,0.0008905823,0.0946034,2016
40.23282,0.3500361,0.090152815,0.11998625,2016
35.90219,0.403694,-0.039003834,0.013836412,2016
28.36206,0.6307624,-0.26666564,-0.24833785,2016
37.272858,0.2820011,0.037931018,0.050101444,2016
36.49695,0.29333565,0.07627855,0.02990701,2016
35.08188,0.33661366,0.015951406,-0.009222852,2016
37.819733,0.31835917,0.008690235,0.06383702,2016
37.57364,0.27972856,0.09556449,0.05770549,2016
39.528717,0.26041526,0.06680225,0.104311086,2016
38.404205,0.24890716,0.04821449,0.07808446,2016
31.725372,0.5527544,-0.150376,-0.11599742,2016
37.94278,0.23862301,0.11449711,0.066872954,2016
30.508575,0.619963,-0.2040477,-0.1605076,2016
35.625336,0.35760334,0.03444432,0.0061726305,2016
31.67752,0.6251309,-0.22850803,-0.11768323,2016
37.307037,0.39512023,-0.0010826424,0.050971717,2016
34.497406,0.51064,-0.061984736,-0.026321622,2016
31.171661,0.61229247,-0.20849301,-0.1358212,2016
30.799103,0.56682616,-0.10655237,-0.14956056,2016
39.13907,0.2311457,0.101694636,0.09539407,2016
40.526794,0.26077327,0.1629286,0.12636974,2016
35.49887,0.48958012,-0.07670069,0.0026321174,2016
30.710236,0.60875887,-0.2284097,-0.15288708,2016
38.407623,0.26581255,0.03303893,0.07816651,2016
33.677094,0.4728965,-0.06845875,-0.05132094,2016
37.163452,0.4208865,-0.017532384,0.047305036,2016
30.23172,0.6374876,-0.24435423,-0.17113528,2016
36.196136,0.33457696,0.02453634,0.021844951,2016
39.043365,0.22019216,0.11785618,0.0931767,2016
37.33438,0.34564233,0.052352402,0.051666785,2016
37.935944,0.19598651,0.13518971,0.06670481,2016
35.792816,0.37180623,-0.0194667,0.010822913,2016
37.14978,0.25228658,0.08216081,0.046954427,2016
37.676178,0.2906628,0.010853699,0.06027003,2016
31.957794,0.5707806,-0.1682451,-0.107881024,2016
31.875763,0.5694519,-0.1428695,-0.110732116,2016
39.17325,0.35130078,0.06381872,0.09618336,2016
31.769806,0.55108607,-0.16564298,-0.114436574,2016
38.97159,0.22171517,0.048767027,0.09150652,2016
37.375397,0.27689594,0.045157094,0.052707482,2016
39.378326,0.28008643,0.026622243,0.10089034,2016
33.338715,0.56518245,-0.11974721,-0.061991565,2016
37.259186,0.32977387,0.025418155,0.049752887,2016
36.384155,0.2908339,0.00026823147,0.026899666,2016
37.62149,0.4641747,-0.037995096,0.058904015,2016
33.622406,0.5077915,-0.13850819,-0.053030934,2016
38.216217,0.30971065,0.0806288,0.073549494,2016
29.17215,0.6158451,-0.22128949,-0.21367243,2016
36.903687,0.3947832,0.036250126,0.040599003,2016
36.893433,0.29787636,0.10710463,0.040332355,2016
30.563263,0.65000826,-0.23642139,-0.15843108,2016
32.901184,0.5468764,-0.16062444,-0.07611427,2016
31.602325,0.54407626,-0.10375109,-0.12034267,2016
37.597565,0.3932034,0.0064853327,0.058305133,2016
36.10385,0.5171429,-0.055682987,0.019344686,2016
31.76297,0.5488779,-0.114516035,-0.11467642,2016
35.690277,0.4224594,-0.010156001,0.007980982,2016
35.488617,0.371587,0.0162965,0.0023439429,2016
32.549133,0.5445396,-0.11719961,-0.0877535,2016
34.268402,0.47400543,-0.04071787,-0.033180173,2016
36.99939,0.29992837,0.047878142,0.0430806,2016
39.9628,0.3673161,0.028938394,0.114040196,2016
33.58481,0.52860284,-0.062046405,-0.054209787,2016
36.367065,0.26897493,0.067461185,0.02644238,2016
35.83725,0.40527076,-0.012177168,0.012049365,2016
39.696198,0.37554646,0.037361074,0.10809005,2016
34.712738,0.47805122,-0.10837264,-0.019955084,2016
40.04825,0.30508062,0.012081351,0.11593053,2016
33.779633,0.5238767,-0.076977976,-0.048129626,2016
34.343597,0.5334929,-0.14062949,-0.030918026,2016
34.176117,0.53722817,-0.114589505,-0.03597005,2016
36.110687,0.28664383,0.099680565,0.01953033,2016
39.545807,0.46072623,-0.023270007,0.10469816,2016
38.48282,0.21033171,0.10131985,0.07996777,2016
34.217133,0.43481204,0.021260297,-0.034728248,2016
37.87784,0.24301566,0.059803277,0.06527311,2016
29.531036,0.6560758,-0.31029388,-0.19892283,2016
39.0502,0.30752158,0.07185676,0.09333544,2016
37.204468,0.39071313,0.051036585,0.048355326,2016
37.224976,0.24960175,0.08731345,0.0488796,2016
35.153656,0.3178861,0.012821661,-0.007162204,2016
36.93445,0.36382243,-0.028902948,0.041398063,2016
38.70157,0.21870157,0.07709399,0.085168,2016
38.171783,0.24145438,0.08598049,0.07247107,2016
38.199127,0.28979883,0.08717634,0.07313501,2016
38.957916,0.2584102,0.041484486,0.09118769,2016
36.250854,0.43800622,0.006746285,0.023321405,2016
28.338135,0.60553354,-0.23340127,-0.24939181,2016
35.057953,0.3214566,0.028878732,-0.009911611,2016
34.586273,0.51448333,-0.10151438,-0.023684554,2016
32.381653,0.5360294,-0.08855599,-0.093379445,2016
37.583893,0.40996024,0.059354894,0.057962574,2016
38.27774,0.31698325,0.020894503,0.07503857,2016
36.514038,0.49086258,-0.036757145,0.030361047,2016
32.38507,0.57372874,-0.141926,-0.09326405,2016
32.7713,0.56235206,-0.09003643,-0.08037924,2016
33.431,0.52968544,-0.1604769,-0.05905997,2016
34.025726,0.3417077,0.06240581,-0.040548947,2016
34.128265,0.45326695,-0.02942416,-0.037422597,2016
36.418335,0.35354942,0.046574853,0.027812948,2016
39.853424,0.18692835,0.08010246,0.111608736,2016
39.03653,0.27685913,0.14566265,0.0930179,2016
28.731201,0.6372422,-0.2648573,-0.2322991,2016
29.250763,0.6365846,-0.25949264,-0.21041061,2016
28.163818,0.67982787,-0.32190767,-0.25712478,2016
36.384155,0.3762678,0.010024337,0.026899666,2016
36.12094,0.29273024,0.0161106,0.019808661,2016
32.33722,0.55126065,-0.11928434,-0.094881825,2016
36.855835,0.3607967,0.052889917,0.03935337,2016
39.887604,0.22100475,0.079112716,0.11237,2016
33.106262,0.51170284,-0.13446961,-0.06944823,2016
36.09018,0.45736134,-0.1373468,0.018973188,2016
32.460266,0.567016,-0.14670113,-0.090731464,2016
28.215088,0.69566023,-0.3235483,-0.25484046,2016
35.68344,0.517493,-0.059359357,0.007790939,2016
36.332886,0.33749694,0.041528866,0.025526518,2016
35.102386,0.35618567,0.057904568,-0.0086332355,2016
39.76114,0.22903204,0.059282005,0.109546795,2016
35.471527,0.46988267,-0.012227663,0.0018632816,2016
31.759552,0.6022144,-0.14346273,-0.114796385,2016
32.214172,0.5423784,-0.08487118,-0.099063896,2016
38.66397,0.28248337,0.14916252,0.08427839,2016
39.299713,0.24935517,0.057766136,0.099091806,2016
35.714203,0.36660373,0.0032592025,0.008645559,2016
37.125854,0.3238476,0.054807752,0.046340235,2016
37.026733,0.42339346,-0.038171224,0.043787275,2016
35.191254,0.31960356,0.03671919,-0.006086171,2016
35.727875,0.29512987,0.06998872,0.009024917,2016
36.032074,0.50497925,-0.058940932,0.01739118,2016
32.2381,0.56633073,-0.20099984,-0.09824821,2016
37.006226,0.43972787,0.0,0.043257367,2016
38.906647,0.25228417,0.035297286,0.0899901,2016
31.732208,0.61877173,-0.2100003,-0.115757,2016
37.78897,0.21111079,0.11048534,0.06307495,2016
40.711365,0.27887687,0.151399,0.13033046,2016
38.291412,0.25286517,0.089428976,0.07536882,2016
39.299713,0.22365686,0.05913638,0.099091806,2016
38.88272,0.22053461,0.08633167,0.089430146,2016
36.07309,0.5261722,-0.07135878,0.018508421,2016
34.029144,0.521139,-0.09177986,-0.04044443,2016
37.79239,0.41234845,0.0062498166,0.06315968,2016
35.840668,0.38441673,0.018822357,0.012143581,2016
34.99301,0.5651969,-0.13719463,-0.011785844,2016
34.418793,0.47040546,-0.05015728,-0.028665762,2016
34.579437,0.4702748,-0.11398641,-0.023886925,2016
38.51358,0.20308806,0.12215226,0.08070262,2016
35.7518,0.3223824,0.004270295,0.009688096,2016
33.48227,0.4820618,-0.11298981,-0.05743829,2016
35.201508,0.41190484,-0.038429182,-0.0057931067,2016
37.648834,0.33222815,0.084407926,0.059587516,2016
40.290955,0.3253351,0.1346016,0.12125602,2016
33.745453,0.5232039,-0.05848943,-0.049191244,2016
38.81778,0.2747967,0.1260567,0.08790678,2016
38.636627,0.30661613,0.04598189,0.08363032,2016
34.251312,0.44957212,-0.0199475,-0.033695683,2016
39.0878,0.20317554,0.048412357,0.09420754,2016
34.951996,0.51392615,-0.072072454,-0.01297316,2016
34.969086,0.38772318,0.054277185,-0.012478106,2016
36.859253,0.45771942,-0.03657,0.03944245,2016
36.44568,0.33896697,0.07344914,0.028542344,2016
33.66342,0.536759,-0.0596344,-0.051747918,2016
36.305542,0.34285825,0.028914865,0.024792587,2016
36.633667,0.43026578,-0.0670277,0.03352745,2016
39.279205,0.26571298,0.08881369,0.098621435,2016
31.985138,0.5855927,-0.15122575,-0.10693391,2016
28.997803,0.6501292,-0.24373806,-0.22096953,2016
33.595062,0.43580085,0.008273667,-0.05388802,2016
40.506287,0.20120333,0.08269044,0.12592743,2016
37.078003,0.2279938,0.16024557,0.045109477,2016
35.587738,0.30384994,0.053271282,0.005122674,2016
37.542877,0.20840672,0.110084966,0.056933396,2016
40.14737,0.24045284,0.04141224,0.118113235,2016
37.92227,0.30635694,0.051494513,0.066368334,2016
34.736664,0.51934874,-0.09259811,-0.019252563,2016
37.52237,0.3497277,0.00062199257,0.056417964,2016
38.71866,0.21766621,0.10717882,0.08557179,2016
38.58194,0.2857133,0.1180202,0.08233143,2016
35.58432,0.3956467,0.008212699,0.0050271135,2016
32.296204,0.57239836,-0.11303958,-0.096272305,2016
36.346558,0.3632437,0.02269152,0.02589307,2016
35.625336,0.47467774,-0.0631346,0.0061726305,2016
38.038483,0.4531238,-0.11776139,0.06922066,2016
30.344513,0.40540496,-0.13813946,-0.16678207,2016
32.92169,0.55604434,-0.18921165,-0.07544393,2016
38.551178,0.18363093,0.05802718,0.081599176,2016
37.26944,0.42142093,0.011515847,0.05001433,2016
31.161407,0.5900276,-0.15284218,-0.13619494,2016
35.574066,0.44668576,0.0033204409,0.0047403215,2016
33.085754,0.48191223,-0.06625338,-0.07011112,2016
38.44522,0.3242475,0.087361224,0.07906801,2016
39.43643,0.31888595,0.1192758,0.10221508,2016
38.134186,0.22120436,0.07508646,0.07155658,2016
32.617493,0.5811346,-0.16692998,-0.0854738,2016
31.66043,0.6134426,-0.20522642,-0.118286535,2016
34.029144,0.48107234,-0.084581345,-0.04044443,2016
31.24002,0.58197236,-0.1768451,-0.1333358,2016
38.769928,0.3625447,-0.017980892,0.08678103,2016
38.568268,0.21377368,0.05330081,0.08200613,2016
36.842163,0.48105714,-0.09617404,0.03899688,2016
38.913483,0.20010404,0.0599901,0.09014996,2016
37.68643,0.25436252,0.14943641,0.060525715,2016
31.841583,0.57836527,-0.19380186,-0.11192441,2016
35.61508,0.26580814,0.091618784,0.005886499,2016
38.804108,0.25182268,0.05650435,0.08758542,2016
36.083344,0.45476973,-0.037561137,0.018787336,2016
28.529541,0.6458616,-0.26545513,-0.24100958,2016
37.21814,0.31329548,0.09070285,0.048704907,2016
32.48761,0.49829268,-0.072314054,-0.08981343,2016
30.908478,0.6060877,-0.21904601,-0.14549263,2016
36.568726,0.35295033,0.01404519,0.031811114,2016
37.635162,0.43424332,-0.077112086,0.059245892,2016
38.048737,0.36737254,0.07444976,0.0694715,2016
36.992554,0.36499912,-0.031385932,0.04290377,2016
37.93936,0.33909005,0.0015668756,0.06678889,2016
36.62683,0.41790384,-0.0052248808,0.033347066,2016
30.556427,0.5305627,-0.10595533,-0.15869024,2016
40.393494,0.2967831,0.07427705,0.12348672,2016
32.30304,0.517914,-0.07297111,-0.096040316,2016
28.433838,0.6195076,-0.25142446,-0.2451866,2016
36.298706,0.3545345,0.065355524,0.024608932,2016
36.237183,0.26628867,0.11859237,0.022952914,2016
30.43338,0.64438105,-0.24161766,-0.163375,2016
37.296783,0.29403746,0.0386279,0.0507108,2016
33.51645,0.5118749,-0.065477334,-0.056359928,2016
31.455353,0.5888587,-0.18465416,-0.12557738,2016
36.507202,0.25748742,0.13010764,0.030179484,2016
32.897766,0.48435178,-0.14449555,-0.07622607,2016
32.408997,0.5637536,-0.11393641,-0.09245695,2016
36.353394,0.21943754,0.11481333,0.026076242,2016
35.977386,0.42352477,0.00017907238,0.015897565,2016
34.504242,0.56519145,-0.1440817,-0.026118288,2016
34.716156,0.3820346,0.01709543,-0.019854665,2016
33.806976,0.5205327,-0.07507296,-0.04728188,2016
36.725952,0.32196265,0.05979977,0.035956003,2016
31.991974,0.5609458,-0.11121384,-0.10669738,2016
40.29779,0.3052198,0.12748304,0.12140509,2016
34.10434,0.48851013,-0.043014675,-0.038150396,2016
36.876343,0.30816,0.05197387,0.039887607,2016
36.349976,0.48249882,-0.038559712,0.025984665,2016
32.743958,0.5272765,-0.1686212,-0.081281446,2016
35.95346,0.34726226,-0.006779384,0.015242678,2016
38.154694,0.18115225,0.13183902,0.072055615,2016
33.072083,0.5792535,-0.16403258,-0.0705535,2016
32.576477,0.55684245,-0.1609405,-0.08684047,2016
38.02481,0.29841825,0.031604327,0.068886,2016
33.625824,0.5501476,-0.10541273,-0.0529239,2016
31.903107,0.5687956,-0.18371224,-0.109780125,2016
30.351349,0.5925415,-0.20024677,-0.16651928,2016
35.591156,0.4561486,-0.03742499,0.005218216,2016
37.03015,0.27228388,0.08260859,0.043875534,2016
35.792816,0.35287932,0.077885345,0.010822913,2016
32.870422,0.545392,-0.14827526,-0.07712135,2016
30.710236,0.6070355,-0.18822543,-0.15288708,2016
35.840668,0.3151881,-0.019852152,0.012143581,2016
37.847076,0.21885803,0.14199908,0.06451338,2016
38.100006,0.3919096,0.05613976,0.070723675,2016
36.216675,0.25919554,0.07795119,0.022399658,2016
39.549225,0.17033122,0.06554058,0.10477553,2016
35.563812,0.45951554,-0.007240136,0.004453364,2016
35.809906,0.44565746,-0.022963785,0.011294985,2016
39.901276,0.20472702,0.07496186,0.11267414,2016
29.182404,0.62984526,-0.2807574,-0.21324597,2016
38.92032,0.21125337,0.11512713,0.09030977,2016
37.41983,0.29786596,0.04903944,0.05383233,2016
33.2601,0.5386306,-0.13732629,-0.06450168,2016
39.43985,0.16027701,0.09836993,0.10229289,2016
34.446136,0.43665415,-0.078530096,-0.027849196,2016
38.978424,0.26178783,0.07134763,0.09166585,2016
36.989136,0.31092563,0.011316911,0.04281533,2016
35.78598,0.28198397,0.086353436,0.010633957,2016
33.04132,0.5200183,-0.09180673,-0.07155019,2016
36.548218,0.32165056,0.011052079,0.031267848,2016
32.128693,0.52921706,-0.078370415,-0.101987995,2016
38.810944,0.29509744,0.11816742,0.08774613,2016
36.14145,0.27877724,0.08456699,0.020364854,2016
36.47986,0.39209715,0.009829037,0.029452547,2016
37.091675,0.3028909,0.030148905,0.045461446,2016
36.1893,0.31228888,0.021730885,0.021660183,2016
37.289948,0.33021837,0.06284157,0.050536778,2016
39.07071,0.2285126,0.15364236,0.09381134,2016
35.90219,0.37359354,-0.03148025,0.013836412,2016
36.60974,0.3459139,0.075005874,0.032895822,2016
32.330383,0.41791672,-0.022019226,-0.09511333,2016
37.966705,0.35165146,0.058482658,0.06746099,2016
31.886017,0.57996213,-0.18337196,-0.11037493,2016
38.17862,0.4196557,-0.008712811,0.07263714,2016
34.11801,0.4832122,-0.016356064,-0.037734386,2016
37.139526,0.29612005,0.029357908,0.0466913,2016
38.640045,0.26030657,0.10065458,0.08371138,2016
31.957794,0.62792844,-0.20052631,-0.107881024,2016
29.664337,0.6263335,-0.23738249,-0.1935353,2016
36.72937,0.42773995,-0.044242926,0.036045715,2016
30.337677,0.6311407,-0.22485179,-0.16704498,2016
33.605316,0.5077501,-0.10266942,-0.05356645,2016
35.24936,0.3798924,-0.005970302,-0.0044277264,2016
37.864166,0.22181538,0.061983924,0.06493561,2016
35.980804,0.26429906,0.086415485,0.015991049,2016
31.882599,0.594804,-0.16990632,-0.110493965,2016
30.04715,0.5993153,-0.19582568,-0.1783292,2016
38.68106,0.28697044,0.05052374,0.08468297,2016
40.222565,0.21682833,0.058906183,0.11976191,2016
39.767975,0.1870007,0.0726425,0.10969986,2016
33.63266,0.52558833,-0.07241326,-0.05270989,2016
33.492523,0.5157384,-0.068535455,-0.057114553,2016
35.19809,0.31429574,0.0063912678,-0.005890776,2016
39.528717,0.22953527,0.046814423,0.104311086,2016
32.829407,0.56644005,-0.1771708,-0.078467056,2016
34.599945,0.4421134,-0.0042133257,-0.023280054,2016
36.907104,0.3009352,0.044710867,0.04068785,2016
34.969086,0.49531567,-0.08905405,-0.012478106,2016
29.124298,0.6281626,-0.24243888,-0.2156665,2016
34.89389,0.44625863,-0.048690222,-0.014659966,2016
34.699066,0.48529175,-0.011485089,-0.02035696,2016
33.290863,0.5113072,-0.111456275,-0.06351805,2016
28.556885,0.6391904,-0.2571325,-0.23982129,2016
29.937775,0.62291825,-0.20844515,-0.18263412,2016
35.345062,0.4938451,-0.045688212,-0.0017080575,2016
31.991974,0.5630263,-0.12569386,-0.10669738,2016
36.230347,0.27790943,0.05542635,0.022768566,2016
36.97888,0.37402514,-0.03753767,0.042549912,2016
37.594147,0.2377716,0.028666722,0.05821952,2016
37.378815,0.34574583,0.0917958,0.052794103,2016
39.180084,0.20815772,0.054141574,0.09634105,2016
39.30655,0.33984303,0.015867341,0.099248484,2016
38.44522,0.23128508,0.039546393,0.07906801,2016
39.47403,0.23657782,0.04231962,0.10307019,2016
35.139984,0.25019422,0.0678411,-0.0075540594,2016
33.013977,0.52519304,-0.0828119,-0.0724377,2016
37.341217,0.39870852,-0.0013192551,0.051840395,2016
29.578888,0.62882245,-0.23630296,-0.19698326,2016
40.51654,0.2726657,0.050524566,0.12614866,2016
31.031525,0.62097824,-0.16647188,-0.1409505,2016
39.914948,0.26826373,0.09844925,0.11297807,2016
36.182465,0.28770313,0.045148786,0.021475347,2016
32.815735,0.5261002,-0.12164273,-0.07891637,2016
39.029694,0.30922464,0.056375787,0.092859045,2016
37.129272,0.40265545,-0.0525793,0.046428025,2016
34.753754,0.43857282,0.00808147,-0.018751355,2016
33.608734,0.4781382,-0.08580193,-0.053459305,2016
36.500366,0.3662579,0.017075459,0.029997852,2016
36.47644,0.4408036,-0.02732545,0.029361604,2016
35.19467,0.46698946,-0.07411915,-0.005988464,2016
40.707947,0.18533742,0.076329984,0.13025744,2016
33.376312,0.48454565,-0.030614361,-0.060795255,2016
33.335297,0.4547283,-0.070750676,-0.06210045,2016
37.710358,0.40784517,-0.043434482,0.061121777,2016
29.247345,0.65841883,-0.28260216,-0.21055205,2016
31.626251,0.5784649,-0.17970373,-0.11949511,2016
40.455017,0.27381077,0.14931113,0.12481971,2016
32.296204,0.56015295,-0.117182456,-0.096272305,2016
35.926117,0.47847277,-0.07579208,0.014493169,2016
29.004639,0.6742149,-0.27857274,-0.22068177,2016
37.881256,0.2921794,0.050992608,0.065357454,2016
37.62491,0.3018746,0.014171766,0.058989506,2016
34.480316,0.525652,-0.094254225,-0.026830308,2016
37.60782,0.3124371,0.11258164,0.05856189,2016
37.7377,0.2936754,0.1058906,0.061802063,2016
39.634674,0.24024975,0.09106678,0.10670557,2016
35.926117,0.4865709,-0.07066213,0.014493169,2016
31.322052,0.6328719,-0.23701628,-0.13036762,2016
42.42038,0.31298295,0.15245213,0.16536735,2016
32.176575,0.55935025,-0.116699986,-0.10034812,2016
39.460358,0.17473131,0.15532476,0.102759436,2016
31.76297,0.55188596,-0.14356506,-0.11467642,2016
36.57898,0.35417697,0.015848612,0.03208252,2016
39.392,0.32192358,0.01974314,0.1012024,2016
38.28116,0.28909394,0.020587482,0.07512116,2016
38.790436,0.1715487,0.120810695,0.08726383,2016
36.29187,0.40194628,0.006502184,0.024425207,2016
39.880768,0.1920103,0.12269274,0.11221785,2016
38.824615,0.27693802,0.036849346,0.08806737,2016
40.660095,0.2132239,0.103668645,0.12923387,2016
32.870422,0.60427296,-0.2192729,-0.07712135,2016
38.49991,0.2095293,0.06398412,0.08037616,2016
37.683014,0.3778844,0.013919328,0.060440503,2016
38.49649,0.26910344,0.057849348,0.08029451,2016
37.330963,0.26709473,0.017209003,0.051579956,2016
35.338226,0.3622084,0.026558729,-0.001901831,2016
32.248352,0.5504084,-0.14451665,-0.097899005,2016
36.684937,0.32500407,0.028662272,0.034878153,2016
36.951538,0.38023636,-0.018322479,0.04184141,2016
36.623413,0.239112,0.12781498,0.03325685,2016
29.349884,0.6077396,-0.22919881,-0.20632277,2016
38.609283,0.24566174,0.049918164,0.08298133,2016
30.604279,0.61828315,-0.19557224,-0.15687856,2016
35.50229,0.43037182,-0.016458433,0.0027281386,2016
37.95645,0.4748553,-0.10285984,0.06720907,2016
33.656586,0.47777626,-0.028840225,-0.051961537,2016
35.813324,0.37596002,-0.002031043,0.011389346,2016
32.58673,0.46856523,-0.066346444,-0.08649848,2016
36.042328,0.39088628,0.03765124,0.01767073,2016
36.876343,0.3928181,-0.015047712,0.039887607,2016
34.452972,0.501203,-0.082286716,-0.027645256,2016
28.81665,0.65914434,-0.2508162,-0.22864501,2016
31.178497,0.6027498,-0.17653607,-0.13557217,2016
29.062744,0.65553355,-0.26941502,-0.21824124,2016
36.066254,0.33630836,0.055977583,0.018322391,2016
38.913483,0.25269988,0.0885872,0.09014996,2016
34.79135,0.35306022,0.06490076,-0.017650431,2016
36.025238,0.41176555,0.010964654,0.017204726,2016
33.639496,0.51636904,-0.07369002,-0.052495964,2016
32.986633,0.55148077,-0.13944598,-0.073326685,2016
37.60782,0.4395701,0.03754662,0.05856189,2016
35.66977,0.38231513,0.006556561,0.007410635,2016
38.862213,0.27553442,0.052315157,0.08894963,2016
33.560883,0.49500567,-0.051021833,-0.05496134,2016
32.11844,0.5290072,-0.081655085,-0.10233981,2016
36.739624,0.35202962,0.014251446,0.036314752,2016
32.914856,0.48249507,-0.0028265875,-0.075667284,2016
36.370483,0.37201262,-0.02758261,0.026533872,2016
37.768463,0.40782312,0.028276494,0.062566206,2016
35.7894,0.4926791,-0.04567579,0.010728444,2016
31.991974,0.5459875,-0.108451776,-0.10669738,2016
29.746368,0.6515516,-0.2558417,-0.1902439,2016
37.255768,0.2632755,0.05013789,0.04966571,2016
39.005768,0.288761,0.10736368,0.09230261,2016
36.196136,0.37707162,0.037011523,0.021844951,2016
36.84558,0.41683307,-0.047248922,0.03908603,2016
37.324127,0.35365266,0.04351797,0.051406253,2016
29.650665,0.5496127,-0.11356698,-0.19408564,2016
28.929443,0.6265617,-0.2574468,-0.22385465,2016
38.674225,0.2311862,0.1117777,0.08452118,2016
39.562897,0.3295649,0.010262838,0.1050849,2016
36.10385,0.40676638,0.057069495,0.019344686,2016
35.201508,0.4077362,0.023865456,-0.0057931067,2016
29.941193,0.63989985,-0.22324756,-0.18249911,2016
37.662506,0.1753421,0.15195857,0.059928898,2016
33.05841,0.5396901,-0.113294795,-0.07099625,2016
35.512543,0.36227152,0.08352903,0.0030160912,2016
38.4794,0.26531133,0.03751019,0.07988604,2016
30.58377,0.63101256,-0.22720198,-0.1576543,2016
40.01407,0.27564016,0.005369208,0.11517537,2016
37.023315,0.32770655,0.089475796,0.043698996,2016
30.170197,0.6560121,-0.24707313,-0.17352347,2016
34.148773,0.46097267,-0.027645253,-0.03679958,2016
37.508698,0.446486,-0.04683739,0.05607403,2016
33.20883,0.5320941,-0.10772422,-0.066145115,2016
36.975464,0.39636013,0.031289004,0.042461406,2016
32.53546,0.54445565,-0.15814932,-0.08821059,2016
36.89685,0.4338856,-0.073987916,0.04042125,2016
36.86609,0.45233357,-0.12061166,0.039620563,2016
33.198578,0.5215948,-0.09569853,-0.06647441,2016
33.776215,0.4554492,-0.04282424,-0.048235692,2016
38.151276,0.22283864,0.059489094,0.07197248,2016
30.53592,0.6241377,-0.20137608,-0.15946841,2016
34.934906,0.47425845,-0.022686798,-0.013468697,2016
38.992096,0.28853816,0.07308419,0.09198434,2016
34.88022,0.3285283,0.058360275,-0.015057679,2016
35.65268,0.32374546,0.07247503,0.0069348444,2016
38.424713,0.39165768,-0.033903603,0.0785765,2016
34.7435,0.37389234,0.037430227,-0.019052021,2016
36.69519,0.4130103,0.0024893438,0.035147842,2016
41.483856,0.27346855,0.1727081,0.14652501,2016
34.347015,0.51361006,-0.07417751,-0.030815437,2016
34.097504,0.29733944,0.078546196,-0.03835853,2016
36.404663,0.3397482,0.089010544,0.027447842,2016
36.958374,0.29986227,0.0394699,0.042018633,2016
36.99597,0.33632565,0.019732,0.042992193,2016
32.125275,0.5444307,-0.12313889,-0.102105245,2016
30.730743,0.61348516,-0.1907402,-0.15211771,2016
37.13611,0.47987396,-0.23105054,0.046603557,2016
36.623413,0.378155,0.010086404,0.03325685,2016
36.9823,0.26059392,0.064070284,0.042638402,2016
39.145905,0.28907642,0.09861231,0.095552035,2016
35.66635,0.47137198,-0.0041632405,0.007315513,2016
36.076508,0.39649388,-0.055249266,0.01860141,2016
38.301666,0.2991603,0.06778514,0.07561636,2016
35.97055,0.47896454,-0.027192716,0.015710544,2016
36.890015,0.29493162,0.0031207397,0.040243436,2016
33.1131,0.5390016,-0.16758089,-0.06922746,2016
35.26645,0.45232815,-0.0175971,-0.003940989,2016
38.475983,0.28701267,0.06149824,0.0798043,2016
34.637543,0.54441935,-0.14125863,-0.022169326,2016
32.627747,0.55586845,-0.18814903,-0.085132666,2016
28.847412,0.6554402,-0.27856663,-0.22733483,2016
34.261566,0.45580754,-0.03859023,-0.033386316,2016
39.029694,0.36849555,-0.009423884,0.092859045,2016
38.065826,0.26209486,0.07021859,0.06988927,2016
36.370483,0.4664583,0.0042098057,0.026533872,2016
34.01889,0.4204858,-0.026457282,-0.04075804,2016
34.056488,0.47170496,-0.0088974135,-0.039609063,2016
37.33438,0.37792593,0.053649884,0.051666785,2016
35.864594,0.42310396,-0.05710163,0.012802594,2016
38.332428,0.23748225,0.07524506,0.07635818,2016
32.13211,0.5478905,-0.14819223,-0.101870775,2016
35.181,0.33270133,0.073914796,-0.0063794064,2016
37.426666,0.39777628,0.050344486,0.054005146,2016
38.981842,0.29100534,0.03043966,0.091745496,2016
40.102936,0.33401582,0.07679046,0.11713611,2016
35.628754,0.31399915,0.018783456,0.0062679714,2016
36.148285,0.29952332,0.061615862,0.020550111,2016
31.790314,0.6144013,-0.22876641,-0.11371765,2016
41.018982,0.30247098,0.000348172,0.13685246,2016
39.37491,0.1918385,0.045240562,0.10081229,2016
39.207428,0.20893033,0.10396231,0.09697127,2016
33.53012,0.51541084,-0.070893124,-0.0559292,2016
36.582397,0.36397687,0.022248339,0.032172956,2016
38.09659,0.30754927,0.043722056,0.0706403,2016
29.852325,0.6060096,-0.21742617,-0.18601929,2016
32.593567,0.53944945,-0.12554856,-0.08627061,2016
37.515533,0.44088835,0.013871693,0.05624603,2016
33.93344,0.5326852,-0.10659173,-0.043378815,2016
38.520416,0.27934328,0.084906876,0.080865756,2016
34.452972,0.54449815,-0.12849726,-0.027645256,2016
34.64096,0.33537552,0.00084042456,-0.022068469,2016
36.148285,0.27399167,0.06523038,0.020550111,2016
30.723907,0.61702543,-0.18858832,-0.15237404,2016
32.631165,0.57979095,-0.14833649,-0.08501901,2016
37.665924,0.26357022,0.033100057,0.060014203,2016
40.01407,0.34007674,0.09227591,0.11517537,2016
28.772217,0.64179736,-0.25224754,-0.23054244,2016
39.97989,0.30126947,-0.020986533,0.11441891,2016
31.701447,0.53269607,-0.09011152,-0.116839685,2016
36.49695,0.4197244,-0.002533776,0.02990701,2016
37.036987,0.36701623,0.10726776,0.04405201,2016
38.0419,0.3026223,0.04521976,0.069304295,2016
34.764008,0.48928526,-0.04433233,-0.018450867,2016
39.074127,0.29019386,0.13142693,0.09389061,2016
38.95108,0.3345681,0.001938068,0.0910282,2016
34.28891,0.53263867,-0.10386448,-0.03256224,2016
37.163452,0.39226308,0.032196466,0.047305036,2016
32.67218,0.5549773,-0.13752095,-0.08365691,2016
34.770844,0.44792342,-0.020444494,-0.01825064,2016
36.473022,0.41827077,-0.054449346,0.029270643,2016
34.309418,0.44241214,-0.05570584,-0.031945046,2016
36.57556,0.42239487,0.052225646,0.031992067,2016
40.154205,0.15848215,0.10219522,0.11826337,2016
36.298706,0.44926628,-0.08997614,0.024608932,2016
31.120392,0.6129502,-0.1858011,-0.1376924,2016
37.307037,0.26986805,0.03597266,0.050971717,2016
36.606323,0.34908083,0.026097298,0.032805525,2016
35.02719,0.49201274,-0.13903883,-0.010798539,2016
37.13269,0.36453187,0.013128204,0.0465158,2016
40.102936,0.14428207,0.10885848,0.11713611,2016
32.78839,0.5888394,-0.2118118,-0.07981613,2016
32.364563,0.5197104,-0.13118449,-0.0939568,2016
37.669342,0.32140034,0.07368431,0.060099494,2016
37.26944,0.29811296,0.07587145,0.05001433,2016
37.80606,0.37347004,-0.0023255155,0.063498475,2016
33.96762,0.5294843,-0.12647831,-0.042328924,2016
37.009644,0.3487072,0.0028338658,0.043345727,2016
34.111176,0.44458413,-0.014110992,-0.03794235,2016
35.020355,0.351596,0.05418661,-0.010995846,2016
32.005646,0.5691675,-0.18446289,-0.106224634,2016
34.931488,0.42812774,-0.09647714,-0.013567862,2016
37.433502,0.22975054,0.06579294,0.0541779,2016
38.975006,0.2553381,0.07271875,0.091586195,2016
36.134613,0.28491154,0.0392021,0.020179527,2016
34.44272,0.40468785,-0.0779237,-0.027951196,2016
34.94516,0.38368928,0.011637004,-0.013171316,2016
36.555054,0.27947128,0.059672423,0.031449005,2016
38.694733,0.3664695,0.046044216,0.08500638,2016
35.150238,0.41340432,-0.00721907,-0.007260139,2016
28.382568,0.6546142,-0.28546795,-0.24743587,2016
29.377228,0.6324636,-0.24514917,-0.20519996,2016
35.64926,0.5175267,-0.08609729,0.0068396316,2016
28.990967,0.6633144,-0.26876003,-0.22125743,2016
37.594147,0.2917006,0.04734915,0.05821952,2016
37.255768,0.35728654,0.012512891,0.04966571,2016
37.002808,0.40015408,-0.02481871,0.04316899,2016
36.144867,0.2988292,0.059100226,0.020457491,2016
31.94754,0.5906547,-0.126455,-0.10823661,2016
35.830414,0.2923712,0.0017398073,0.011860878,2016
40.403748,0.1415129,0.12693039,0.123709165,2016
37.170288,0.29670256,0.059890695,0.047480248,2016
33.80356,0.46533805,-0.05062709,-0.04738777,2016
30.604279,0.58179384,-0.20565987,-0.15687856,2016
36.849,0.40400317,0.026602997,0.039175157,2016
38.486237,0.23537835,0.053045604,0.08004947,2016
34.815277,0.42827174,-0.0006216832,-0.01695108,2016
37.477936,0.30946913,0.14120434,0.05529926,2016
34.75717,0.42157,-0.030260596,-0.018651173,2016
39.76114,0.24369091,0.10667791,0.109546795,2016
33.454926,0.41506538,-0.00036273513,-0.05830257,2016
38.164948,0.27693057,0.065653354,0.07230493,2016
36.585815,0.39003557,-0.086680144,0.032263372,2016
30.262482,0.60684353,-0.1719114,-0.16994482,2016
40.509705,0.15945503,0.05426118,0.1260012,2016
36.00473,0.3934438,-0.027125591,0.01664494,2016
36.401245,0.29213354,0.05289687,0.027356522,2016
39.30655,0.334197,0.119478345,0.099248484,2016
34.8768,0.42587325,-0.029801125,-0.015157157,2016
38.137604,0.47798777,-0.011486059,0.07163979,2016
28.358643,0.6379978,-0.26974887,-0.2484883,2016
37.963287,0.34550473,0.13074453,0.06737703,2016
35.345062,0.28058925,0.07226122,-0.0017080575,2016
38.540924,0.2769946,0.07928233,0.081354834,2016
37.002808,0.33597407,-0.015072768,0.04316899,2016
33.64633,0.5116821,-0.14856242,-0.05228213,2016
35.847504,0.35523266,-0.023406634,0.012331961,2016
38.86905,0.404399,0.08473353,0.08910986,2016
35.24936,0.4622858,-0.060401488,-0.0044277264,2016
36.185883,0.34854808,0.052357893,0.021567773,2016
33.95053,0.4903376,-0.093688495,-0.042853605,2016
33.037903,0.5450576,-0.14357866,-0.07166105,2016
28.242432,0.65417993,-0.2785912,-0.25362554,2016
37.430084,0.26252478,0.09912613,0.05409153,2016
35.915863,0.4018203,-0.07210761,0.014211809,2016
34.75717,0.32463524,0.066408135,-0.018651173,2016
29.544708,0.65940976,-0.26396444,-0.19836803,2016
34.900726,0.43342286,-0.09054563,-0.014461228,2016
35.70395,0.40601343,0.057180636,0.008360849,2016
34.70932,0.47419757,-0.016600098,-0.020055523,2016
38.845123,0.3236454,0.06691459,0.08854882,2016
38.486237,0.2345145,0.1065726,0.08004947,2016
33.198578,0.5531546,-0.17009464,-0.06647441,2016
32.559387,0.5260365,-0.14112374,-0.087410934,2016
34.176117,0.42569798,0.010336519,-0.03597005,2016
37.816315,0.31652433,0.035876602,0.063752405,2016
38.940826,0.21666807,0.07040355,0.09078885,2016
37.35147,0.31611866,0.09629428,0.05210069,2016
38.59903,0.26889074,0.031419553,0.08273772,2016
38.85196,0.315552,0.11963605,0.08870918,2016
36.17221,0.51383436,-0.077032335,0.02119796,2016
32.26544,0.5523767,-0.09137407,-0.09731749,2016
37.665924,0.22728598,0.056505878,0.060014203,2016
40.390076,0.26206267,0.23083211,0.12341254,2016
32.82257,0.5462867,-0.116823785,-0.07869167,2016
37.006226,0.4353917,0.011675437,0.043257367,2016
38.83145,0.26872104,0.025301544,0.088227905,2016
30.272736,0.6176817,-0.21933262,-0.16954854,2016
32.983215,0.5306517,-0.07595972,-0.07343791,2016
31.253693,0.60835904,-0.1956114,-0.13284002,2016
34.03598,0.49155235,-0.069945686,-0.040235464,2016
37.55655,0.30279633,0.05615913,0.057276707,2016
35.24936,0.43042395,0.010558613,-0.0044277264,2016
33.07892,0.5231064,-0.09486353,-0.07033227,2016
35.967133,0.33882973,0.0036918486,0.0156170055,2016
39.815826,0.2975231,0.11289652,0.11076984,2016
35.82016,0.44305292,0.040547404,0.011578012,2016
33.232758,0.56501263,-0.1192678,-0.06537754,2016
33.76938,0.53991157,-0.1229054,-0.048447885,2016
37.14978,0.2863046,0.031568263,0.046954427,2016
31.011017,0.5541926,-0.15583532,-0.14170502,2016
29.209747,0.62079215,-0.2292527,-0.21211024,2016
38.92032,0.23663008,0.10877351,0.09030977,2016
36.449097,0.39818928,0.034497205,0.02863344,2016
34.924652,0.43854123,0.023436712,-0.0137662515,2016
37.276276,0.42132983,-0.021918934,0.050188545,2016
28.529541,0.6479713,-0.29220656,-0.24100958,2016
34.84604,0.4154618,-0.028363021,-0.016053326,2016
34.72641,0.5356069,-0.09484054,-0.019553525,2016
29.876251,0.64873034,-0.24999103,-0.18506949,2016
32.849915,0.57554907,-0.15601099,-0.077793784,2016
30.166779,0.56941146,-0.20483884,-0.17365643,2016
34.466644,0.26760754,0.09793862,-0.02723762,2016
37.450592,0.24185419,0.08007548,0.054609507,2016
38.031647,0.38034084,0.044927087,0.06905336,2016
33.930023,0.5455971,-0.13975294,-0.04348392,2016
34.5726,0.40983123,0.01710946,-0.024089374,2016
33.523285,0.5604334,-0.14619981,-0.05614452,2016
36.220093,0.28639472,0.08057403,0.022491911,2016
37.53946,0.28987715,0.031652443,0.05684753,2016
38.014557,0.31633487,0.11188625,0.068634845,2016
40.858337,0.28449202,0.1336809,0.13345878,2016
36.049164,0.39202675,-0.009511722,0.017857008,2016
29.076416,0.63618416,-0.22598319,-0.21766843,2016
30.645294,0.61986625,-0.22542572,-0.1553302,2016
37.375397,0.3852985,-0.07205727,0.052707482,2016
38.22989,0.23733877,0.112160884,0.073880814,2016
37.662506,0.33843404,-0.0052515664,0.059928898,2016
32.477356,0.47505936,-0.027381847,-0.09015752,2016
35.932953,0.45118475,-0.014952649,0.014680654,2016
36.51062,0.3199166,0.025452292,0.030270273,2016
38.845123,0.28031072,0.0630416,0.08854882,2016
30.81961,0.6249364,-0.20800355,-0.14879562,2016
35.24594,0.37635556,0.025028463,-0.0045251306,2016
34.230804,0.48392957,-0.06765611,-0.034314975,2016
35.748383,0.47620177,-0.03747735,0.00959341,2016
30.884552,0.4824751,-0.14105573,-0.14638004,2016
37.09851,0.32032314,0.16010596,0.045637332,2016
37.409576,0.23132919,0.028929472,0.053572986,2016
38.44522,0.28598624,0.070949145,0.07906801,2016
36.00473,0.32614952,0.0120477,0.01664494,2016
29.281525,0.6209874,-0.24798913,-0.209139,2016
35.43393,0.37879068,0.05389253,0.000804195,2016
35.16391,0.3890523,0.046692252,-0.0068685124,2016
34.306,0.48289597,-0.016799567,-0.03204786,2016
34.0394,0.48551434,-0.056897726,-0.04013101,2016
37.87442,0.3992599,0.03539705,0.06518876,2016
35.31772,0.4983921,-0.057966363,-0.0024836017,2016
33.119934,0.5355204,-0.15640287,-0.06900676,2016
31.29129,0.56849927,-0.19886404,-0.13147886,2016
38.383698,0.31784126,0.05524778,0.077591896,2016
35.50229,0.42041236,0.027858779,0.0027281386,2016
38.981842,0.20172168,0.043600284,0.091745496,2016
29.291779,0.64783496,-0.28613812,-0.20871574,2016
36.421753,0.27616563,0.080546804,0.027904183,2016
27.743378,0.6626774,-0.23978053,-0.27617604,2016
39.460358,0.26250052,0.0917398,0.102759436,2016
39.026276,0.20843506,0.07876671,0.09277959,2016
35.9227,0.31277585,-0.008431427,0.0143994,2016
31.404083,0.573712,-0.1746945,-0.12741497,2016
31.74588,0.623286,-0.18072893,-0.115276486,2016
36.739624,0.37506956,-0.029269315,0.036314752,2016
39.241608,0.2432457,0.063408285,0.09775782,2016
34.38803,0.44717234,0.032600988,-0.029585952,2016
37.68643,0.44983166,-0.0362945,0.060525715,2016
34.781097,0.40721747,-0.02717961,-0.017950447,2016
31.281036,0.5884891,-0.16260642,-0.13184977,2016
39.603912,0.2506019,0.13413155,0.10601172,2016
34.79135,0.41002595,-0.03797178,-0.017650431,2016
31.636505,0.53232497,-0.0968839,-0.119132265,2016
33.24301,0.49570766,-0.03520842,-0.065048926,2016
37.82657,0.3505324,0.04293603,0.0640062,2016
30.272736,0.6524526,-0.24159119,-0.16954854,2016
35.471527,0.44117597,0.02560568,0.0018632816,2016
35.358734,0.36381015,0.04683688,-0.0013207352,2016
33.830902,0.41104263,0.02693514,-0.04654122,2016
36.551636,0.35393435,0.104268424,0.031358436,2016
33.923187,0.39456633,0.04278841,-0.043694194,2016
28.625244,0.6536213,-0.26535493,-0.2368605,2016
39.15274,0.28314793,0.07458401,0.09570995,2016
33.557465,0.490946,-0.03783663,-0.05506879,2016
29.749786,0.61016357,-0.24588428,-0.19010715,2016
35.659515,0.3588935,0.041676152,0.007125215,2016
32.781555,0.593457,-0.1888127,-0.080041304,2016
39.046783,0.26829267,0.097648315,0.09325608,2016
34.056488,0.49533162,-0.053318214,-0.039609063,2016
38.2128,0.25622052,0.09238388,0.07346663,2016
35.546722,0.39516002,-0.044913527,0.003974734,2016
31.790314,0.56708086,-0.1753818,-0.11371765,2016
31.373322,0.6163737,-0.20689157,-0.12852041,2016
37.289948,0.42220595,0.029996112,0.050536778,2016
36.00815,0.35299915,0.034742374,0.016738283,2016
37.819733,0.25744793,0.05198946,0.06383702,2016
39.754303,0.23559016,0.07210283,0.10939368,2016
32.784973,0.5292441,-0.09614603,-0.0799287,2016
39.01944,0.26027852,0.033739783,0.092620656,2016
37.80606,0.32036304,0.04336744,0.063498475,2016
29.59256,0.6348693,-0.21894841,-0.19643025,2016
28.91919,0.6493333,-0.25507724,-0.22428858,2016
35.457855,0.32724535,0.035478722,0.001478419,2016
39.23477,0.23289251,0.070683695,0.097600624,2016
31.988556,0.61359465,-0.2438334,-0.10681563,2016
36.534546,0.41176578,-0.003155301,0.03090533,2016
33.0755,0.49198768,-0.058053374,-0.07044287,2016
36.96521,0.34195247,0.07146566,0.042195793,2016
31.7117,0.5664694,-0.13141505,-0.11647856,2016
32.32013,0.5223543,-0.07437845,-0.095460765,2016
34.890472,0.429528,-0.007588276,-0.0147593655,2016
33.70102,0.50411797,-0.0356999,-0.050574563,2016
38.643463,0.25043017,0.05739408,0.083792426,2016
39.125397,0.3117673,0.07715254,0.09507796,2016
39.361237,0.36712855,-0.008096354,0.100499965,2016
34.887054,0.4387877,-0.01699794,-0.014858784,2016
36.753296,0.45969632,-0.022534668,0.036673233,2016
32.644836,0.53443986,-0.09617456,-0.08456459,2016
36.397827,0.4502285,-0.06442275,0.027265185,2016
38.74942,0.2917444,0.17681889,0.08629772,2016
34.67514,0.3788602,0.011411323,-0.021061003,2016
33.082336,0.561098,-0.17505862,-0.07022168,2016
33.489105,0.4014572,0.0097134635,-0.057222445,2016
36.893433,0.3162675,0.04423459,0.040332355,2016
34.647797,0.49475768,-0.019914825,-0.021866817,2016
31.19217,0.6236929,-0.21637653,-0.13507444,2016
33.26352,0.57881385,-0.17291793,-0.0643923,2016
37.765045,0.24685912,0.13234843,0.062481362,2016
32.207336,0.59530973,-0.21340202,-0.099297166,2016
32.849915,0.525924,-0.073200256,-0.077793784,2016
30.259064,0.61643237,-0.21393412,-0.17007697,2016
33.089172,0.52949655,-0.124863446,-0.07000058,2016
38.927155,0.21452387,0.06804205,0.09046952,2016
39.043365,0.17440377,0.111415334,0.0931767,2016
37.289948,0.336532,0.055171844,0.050536778,2016
34.89389,0.50285673,-0.07867675,-0.014659966,2016
35.70395,0.34592357,0.038995814,0.008360849,2016
30.245392,0.64679235,-0.26778868,-0.17060588,2016
38.383698,0.2879729,0.033486348,0.077591896,2016
30.542755,0.5896416,-0.15910302,-0.15920891,2016
33.70102,0.5143872,-0.07505174,-0.050574563,2016
40.133698,0.17015888,0.07741166,0.11781281,2016
33.201996,0.5022867,-0.14469315,-0.066364616,2016
35.946625,0.43376377,0.029829495,0.015055408,2016
36.20981,0.5314841,-0.12993674,0.022214277,2016
38.106842,0.23331596,0.07297138,0.070890374,2016
36.57556,0.5047507,-0.079384215,0.031992067,2016
38.622955,0.22533374,0.08226592,0.08330594,2016
39.30313,0.31815445,0.13051519,0.09917015,2016
34.076996,0.48496434,-0.008621999,-0.03898342,2016
35.844086,0.35646546,0.051271856,0.01223778,2016
37.525787,0.38703597,0.02343287,0.05650391,2016
40.492615,0.2937773,0.14811195,0.12563232,2016
31.52713,0.5962333,-0.17565456,-0.1230148,2016
38.56143,0.21334083,0.06900828,0.08184339,2016
37.156616,0.2729648,0.009574489,0.047129765,2016
32.026154,0.5810843,-0.23336871,-0.10551626,2016
33.031067,0.5510768,-0.11943018,-0.07188284,2016
38.36319,0.21969993,0.050884526,0.0770988,2016
36.07309,0.3395656,0.04293044,0.018508421,2016
35.53647,0.3508254,0.020855622,0.0036873347,2016
37.52237,0.40894574,-0.062152166,0.056417964,2016
31.824493,0.5513043,-0.17681481,-0.112521514,2016
30.074493,0.640221,-0.24578193,-0.17725785,2016
39.07071,0.24831139,0.11678557,0.09381134,2016
34.45639,0.48411614,-0.11706478,-0.027543318,2016
34.74008,0.538302,-0.1201988,-0.019152282,2016
33.912933,0.51637596,-0.082930185,-0.044009767,2016
28.358643,0.66169965,-0.283659,-0.2484883,2016
28.351807,0.5849148,-0.20859489,-0.18563327,2025
34.381195,0.37667114,-0.03459512,0.022289796,2025
29.70877,0.48737204,-0.09301985,-0.13147883,2025
35.55014,0.3264743,-0.011207219,0.054438464,2025
32.679016,0.49883184,-0.04766836,-0.028637005,2025
29.15506,0.59715384,-0.21486884,-0.15296781,2025
36.490112,0.24833468,0.038543936,0.07879578,2025
31.099884,0.4994059,-0.09930188,-0.08086722,2025
32.699524,0.5423185,-0.09521641,-0.027991885,2025
34.907562,0.23759384,0.1495812,0.03703258,2025
31.74588,0.4587858,-0.032634825,-0.058872685,2025
36.51062,0.29645026,0.02313364,0.07931322,2025
33.95395,0.42295918,-0.071730174,0.009987165,2025
37.043823,0.33843288,0.07048863,0.09256545,2025
32.344055,0.29869014,0.09818492,-0.039289758,2025
37.700104,0.25504586,0.07446819,0.108362,2025
37.563385,0.35910964,0.09920513,0.10511672,2025
35.55014,0.29157874,-0.008084017,0.054438464,2025
37.82657,0.27856815,0.12438421,0.11134299,2025
32.207336,0.40536243,0.100282215,-0.0437015,2025
28.334717,0.6028713,-0.25942743,-0.18634838,2025
32.42267,0.45505172,-0.016038304,-0.036769856,2025
32.901184,0.29556486,0.057812344,-0.021691049,2025
37.618073,0.35199872,0.15958573,0.106417656,2025
31.513458,0.3633115,0.052691832,-0.06668221,2025
34.64438,0.4199053,0.02013269,0.029717185,2025
27.063202,0.60931486,-0.24231125,-0.24208678,2025
30.92215,0.5680211,-0.08813685,-0.08707983,2025
35.909027,0.33214608,-0.005836901,0.06388872,2025
32.57306,0.37163195,-0.008156754,-0.031983063,2025
25.279022,0.61993474,-0.2737954,-0.3297526,2025
35.43393,0.2687168,0.14826979,0.051337354,2025
35.24936,0.30532888,-0.034502506,0.04637003,2025
33.745453,0.25891685,0.07462075,0.0038703764,2025
30.898224,0.50033504,-0.08130582,-0.087921605,2025
34.278656,0.23956257,0.010332029,0.019365134,2025
31.79715,0.4564285,-0.02786357,-0.057165362,2025
35.560394,0.3786374,-0.035551224,0.054711122,2025
33.458344,0.3931355,0.024097085,-0.004677511,2025
28.929443,0.51657546,-0.099509366,-0.16195963,2025
34.75717,0.21020511,0.051674783,0.03286592,2025
32.04666,0.38701907,-0.0017054444,-0.048934393,2025
34.10092,0.32368746,0.021167768,0.014254053,2025
32.72003,0.45240957,-0.04900407,-0.027347576,2025
34.69223,0.4466625,-0.037045863,0.031055512,2025
27.203339,0.5696957,-0.20683613,-0.23568822,2025
31.161407,0.49434918,-0.04479125,-0.07873321,2025
34.599945,0.40305632,0.0047182348,0.028471138,2025
33.099426,0.3868998,-0.023546834,-0.015571841,2025
32.159485,0.313922,0.06570849,-0.04525447,2025
38.236725,0.26374054,0.11134372,0.1208754,2025
33.80356,0.3709726,0.0477097,0.0055826395,2025
37.01306,0.26611152,0.076639876,0.09181127,2025
34.716156,0.42011505,0.049361095,0.03172329,2025
33.98471,0.3366922,0.018577807,0.010883288,2025
27.968964,0.57988244,-0.23339951,-0.20186238,2025
33.543793,0.47360095,-0.10065979,-0.0021182026,2025
34.470062,0.29801857,0.06153542,0.024810428,2025
36.582397,0.184397,0.074577026,0.08111967,2025
35.64926,0.21883675,0.08700402,0.057067554,2025
34.08383,0.34990343,-0.035099585,0.013759795,2025
35.65268,0.187347,0.11178583,0.057157952,2025
32.179993,0.32543802,0.062028546,-0.044588346,2025
35.427094,0.19333349,0.06537649,0.0511543,2025
33.41391,0.3586821,0.032038458,-0.0060135243,2025
37.37198,0.21866024,0.05070482,0.10053344,2025
33.75229,0.34657764,0.060817935,0.004072125,2025
35.748383,0.42661616,0.064546175,0.059682064,2025
33.58139,0.47513476,-0.026102003,-0.0009962332,2025
37.21472,0.2816618,0.07337074,0.09673259,2025
36.288452,0.42608273,-0.013707981,0.07367652,2025
31.05545,0.55651134,-0.15021251,-0.08241371,2025
31.670685,0.482791,-0.02264285,-0.061386753,2025
29.534454,0.5664274,-0.18387413,-0.13815698,2025
35.64926,0.30212355,0.02817738,0.057067554,2025
34.15219,0.44143635,-0.019913103,0.015733862,2025
35.546722,0.22675727,0.088990614,0.054347545,2025
34.651215,0.34521574,0.014589242,0.0299086,2025
37.881256,0.43978548,-0.027750239,0.112625904,2025
33.591644,0.33688852,0.0019067966,-0.0006906774,2025
34.22055,0.33006534,0.097629085,0.017700044,2025
37.45401,0.25876975,0.060572855,0.102503434,2025
29.28836,0.57391,-0.12984931,-0.14772028,2025
35.38266,0.19734618,0.05333523,0.04996274,2025
37.819733,0.36469325,0.09576267,0.11118237,2025
35.09897,0.36886832,-0.030779565,0.042283956,2025
35.546722,0.24910215,0.072426826,0.054347545,2025
36.514038,0.32690185,0.029851632,0.0793994,2025
33.232758,0.3713634,-0.021953806,-0.011497322,2025
36.66101,0.32583478,0.077756405,0.08309006,2025
33.410492,0.28359658,0.07459395,-0.006116442,2025
34.22397,0.39141533,-0.0007574566,0.017798148,2025
27.090546,0.5791353,-0.1877447,-0.24083309,2025
33.04132,0.36438712,0.047730036,-0.017357795,2025
36.91736,0.3770606,0.011805277,0.089456916,2025
31.537384,0.4570032,-0.098761775,-0.065872975,2025
32.542297,0.31514496,0.023057535,-0.03295858,2025
34.603363,0.243098,0.03765308,0.0285671,2025
32.258606,0.37790024,0.0049796244,-0.042042714,2025
34.620453,0.35644865,0.03172178,0.029046634,2025
32.50128,0.51518685,-0.10248344,-0.034262143,2025
34.685394,0.40348643,0.021215582,0.030864548,2025
32.056915,0.43577757,-0.045324277,-0.048598874,2025
31.41092,0.44561672,-0.029331934,-0.07016433,2025
33.01056,0.3710031,0.043059032,-0.018305846,2025
33.437836,0.3295218,0.08306378,-0.0052936915,2025
34.24106,0.35153282,0.0036680212,0.018288368,2025
37.307037,0.24972501,0.05426648,0.09896771,2025
35.505707,0.21588103,0.08436039,0.053255145,2025
29.079834,0.585666,-0.2168862,-0.15595038,2025
36.10385,0.23255277,0.092829615,0.06894018,2025
33.034485,0.39122647,-0.04049064,-0.01756832,2025
35.66977,0.3253113,0.053929366,0.05760968,2025
32.48419,0.40177315,0.032438446,-0.034806266,2025
33.571136,0.39374077,-0.04056235,-0.0013019756,2025
31.028107,0.5234422,-0.03893633,-0.08336759,2025
32.849915,0.37895307,-0.014995015,-0.023285624,2025
37.65567,0.40004033,-0.015468809,0.10730986,2025
34.40512,0.3982715,0.027313193,0.022969708,2025
32.92511,0.35903636,0.055175193,-0.020948613,2025
34.514496,0.32915217,-0.0045310804,0.026065877,2025
36.54138,0.32009917,0.016574703,0.08008828,2025
31.24002,0.45109865,-0.0033531508,-0.07601866,2025
32.446594,0.44572884,-0.04482303,-0.03600535,2025
34.13852,0.3545954,-0.062402856,0.015339682,2025
35.30063,0.25070205,0.053319704,0.04775505,2025
36.849,0.23265204,0.11604029,0.08776775,2025
35.088715,0.20174147,0.06868596,0.042004086,2025
34.753754,0.35738477,0.024606505,0.0327708,2025
34.746918,0.33687016,0.042666186,0.032580514,2025
29.33963,0.55010456,-0.10959121,-0.14571469,2025
34.07016,0.243918,0.07887712,0.01336403,2025
35.707367,0.3597767,0.06748672,0.05860196,2025
32.747375,0.37649316,0.013900263,-0.02648975,2025
35.577484,0.40590438,-0.06333057,0.055165194,2025
29.134552,0.55021644,-0.19563815,-0.15377937,2025
35.437347,0.29087448,0.096586384,0.051428854,2025
30.071075,0.49187985,-0.07574034,-0.11784646,2025
33.977875,0.46198678,-0.01680867,0.01068429,2025
33.5643,0.4857059,-0.048809826,-0.0015059077,2025
29.900177,0.5744557,-0.15601525,-0.12423566,2025
31.028107,0.47791997,-0.057120696,-0.08336759,2025
35.529633,0.301201,0.021885462,0.053892683,2025
33.871918,0.36672541,-0.0063165855,0.007589545,2025
33.37973,0.37271112,0.07587205,-0.0070436476,2025
29.688263,0.53820807,-0.095696665,-0.13226043,2025
35.710785,0.20453526,0.15188618,0.058692064,2025
36.33972,0.24371709,0.066868864,0.07498341,2025
33.051575,0.41390026,0.020477347,-0.017042171,2025
34.535004,0.47891572,-0.012733519,0.026644224,2025
36.196136,0.40069783,0.019294038,0.071314,2025
35.556976,0.22380659,0.048089173,0.054620255,2025
30.829865,0.5073945,-0.051036086,-0.090333864,2025
32.682434,0.42964336,-0.04212937,-0.02852943,2025
33.21225,0.47359055,-0.03535656,-0.012121898,2025
33.099426,0.5551111,-0.19209874,-0.015571841,2025
32.528625,0.31180915,0.051860478,-0.033392735,2025
34.535004,0.5041667,-0.098030575,0.026644224,2025
38.16153,0.42534843,0.07426831,0.119143136,2025
32.911438,0.35462043,-0.029912261,-0.02137273,2025
37.190796,0.36918062,0.05975896,0.09615149,2025
36.78064,0.26786163,0.045144316,0.0860723,2025
32.8089,0.33093217,-0.0056007835,-0.02456487,2025
31.318634,0.47359005,-0.04366887,-0.07331774,2025
34.008636,0.38919005,-0.038407676,0.011579153,2025
30.891388,0.5228857,-0.058835786,-0.08816235,2025
31.995392,0.52794,-0.13995029,-0.05061521,2025
34.86313,0.25716057,0.022643197,0.03580526,2025
33.557465,0.4083968,0.027234454,-0.0017099229,2025
30.915314,0.4378079,-0.022924233,-0.08732021,2025
32.93878,0.4099879,-0.12708357,-0.02052485,2025
32.450012,0.4492164,-0.026054846,-0.03589623,2025
27.876678,0.6104118,-0.22547899,-0.20584112,2025
36.753296,0.34393597,-0.08525931,0.085392356,2025
31.950958,0.4182074,-0.010863592,-0.05207628,2025
34.063324,0.3987733,-0.026789885,0.013166029,2025
32.73712,0.24477339,0.053955458,-0.026811266,2025
29.60965,0.44637772,-0.12302418,-0.13526657,2025
31.807404,0.5219939,-0.041910373,-0.05682456,2025
35.83725,0.30849603,0.1739633,0.062013812,2025
25.504608,0.64439344,-0.24361037,-0.31799105,2025
33.034485,0.49761158,-0.05043137,-0.01756832,2025
33.793304,0.47179076,-0.043100912,0.005280903,2025
32.549133,0.4675685,-0.024535537,-0.03274164,2025
38.896393,0.24825285,0.1987287,0.13578503,2025
32.02957,0.3157276,0.05309619,-0.049494065,2025
32.53546,0.44863707,-0.014319392,-0.033175614,2025
37.21814,0.36371598,-0.012656118,0.09681554,2025
35.792816,0.35479015,0.15675424,0.060849387,2025
35.57065,0.4034652,0.047471143,0.054983616,2025
36.09018,0.37691262,0.10298005,0.068587475,2025
33.687347,0.5012683,-0.033191103,0.0021522068,2025
34.873383,0.2978078,0.055192307,0.036088765,2025
35.235687,0.27944392,0.11053845,0.04600001,2025
33.947113,0.2501968,0.074130036,0.009787806,2025
32.90802,0.3888659,0.046977546,-0.021478815,2025
36.329468,0.27936748,0.12361805,0.07472233,2025
31.294708,0.5242016,-0.10541343,-0.07413832,2025
25.31662,0.611985,-0.27328768,-0.32777777,2025
35.235687,0.22853059,0.09113852,0.04600001,2025
35.55356,0.31372446,0.15692283,0.05452937,2025
30.327423,0.5510506,-0.12266775,-0.10839768,2025
35.809906,0.21728829,-0.009158011,0.061297584,2025
33.810394,0.45814112,0.034208905,0.0057836953,2025
36.230347,0.36286348,-0.047161497,0.0721909,2025
35.12973,0.28452337,0.015948908,0.04312259,2025
31.51004,0.52106714,-0.089976184,-0.06679791,2025
32.579895,0.38539374,0.013405422,-0.03176653,2025
32.18341,0.3662536,-0.0020265426,-0.044477407,2025
36.818237,0.36309993,-0.016288219,0.08700558,2025
31.25711,0.40032366,-0.024128128,-0.07543035,2025
34.381195,0.252944,0.03853687,0.022289796,2025
36.042328,0.32301718,0.07011252,0.06735088,2025
33.82065,0.28532678,0.011244133,0.006085126,2025
37.32071,0.4070733,0.00012565336,0.09929779,2025
36.565308,0.2704351,0.066926874,0.08069021,2025
34.193207,0.31899926,0.045422807,0.016914515,2025
36.179047,0.20854628,0.062227603,0.07087532,2025
32.446594,0.4363495,-0.072950624,-0.03600535,2025
36.267944,0.3425667,0.05213599,0.07315273,2025
33.037903,0.3500875,0.022132792,-0.017463047,2025
30.833282,0.53129584,-0.11745028,-0.09021299,2025
25.005554,0.65855855,-0.2767148,-0.34429514,2025
30.542755,0.4235771,-0.011098174,-0.10058327,2025
35.170746,0.4231065,-0.048612967,0.044238485,2025
35.639008,0.3138151,-0.019241322,0.05679626,2025
35.38266,0.33442605,0.06905792,0.04996274,2025
31.318634,0.44239658,-0.0021003906,-0.07331774,2025
34.364105,0.37360084,0.049403563,0.021803563,2025
35.693695,0.2447424,0.0697735,0.05824137,2025
34.55551,0.286292,0.06338507,0.027221886,2025
29.876251,0.5060668,-0.083001465,-0.12513599,2025
34.37436,0.3827824,-0.031786628,0.02209536,2025
31.920197,0.44360885,0.001421616,-0.053090174,2025
32.23468,0.44230482,-0.02972623,-0.042816155,2025
33.711273,0.37970284,0.0685623,0.0028604057,2025
32.432922,0.43715563,-0.039439,-0.03644207,2025
35.293793,0.20064355,0.11290992,0.047570616,2025
31.028107,0.53021705,-0.089608446,-0.08336759,2025
35.01352,0.18679143,0.15072179,0.039946683,2025
34.982758,0.27450067,0.100165784,0.039102472,2025
30.679474,0.5404421,-0.110361785,-0.09567867,2025
35.286957,0.29889286,0.02373303,0.047386106,2025
26.102753,0.589989,-0.18994202,-0.2877893,2025
36.30896,0.18950728,0.057630338,0.07419972,2025
36.39441,0.40044317,0.019248031,0.076373376,2025
33.612152,0.51395726,-0.06260204,-8.012508e-05,2025
34.719574,0.2342638,0.041166514,0.031818613,2025
35.075043,0.1748866,0.09364715,0.041630667,2025
36.093597,0.23263027,0.045281064,0.068675674,2025
34.736664,0.2614435,-0.034952696,0.03229494,2025
32.173157,0.31892616,0.031877555,-0.04481029,2025
35.997894,0.3903825,-0.014793393,0.066199675,2025
36.69519,0.22092685,0.059916105,0.08394411,2025
33.53354,0.32933542,0.0898217,-0.002424631,2025
34.497406,0.27871153,0.06855334,0.025583394,2025
32.06717,0.2690917,0.045687437,-0.048263572,2025
36.148285,0.23938124,0.053975157,0.07008465,2025
33.660004,0.27590945,0.091397405,0.0013416037,2025
33.137024,0.5162069,-0.17016049,-0.014419561,2025
31.609161,0.43715817,0.02541377,-0.06345262,2025
36.47986,0.19906397,0.13013245,0.078536846,2025
31.099884,0.48704052,-0.11055547,-0.08086722,2025
35.28354,0.37144145,-0.05259967,0.047293827,2025
33.906097,0.313093,0.0072883093,0.008589963,2025
28.83374,0.5821737,-0.18323839,-0.16581634,2025
34.275238,0.28493658,-0.014956827,0.019267343,2025
31.585236,0.4876893,-0.118385926,-0.06425818,2025
35.912445,0.2141254,0.18354411,0.063977815,2025
32.193665,0.4232063,0.015974673,-0.044144735,2025
35.286957,0.348818,0.12852202,0.047386106,2025
36.418335,0.16498703,-0.014075476,0.07698017,2025
37.645416,0.37782654,-0.030748017,0.10706671,2025
33.42758,0.45740336,-0.020101951,-0.005602065,2025
33.270355,0.28368393,0.04690252,-0.010354265,2025
33.998383,0.3634145,-0.0067285565,0.011281045,2025
31.766388,0.36457607,0.0395874,-0.058189094,2025
34.16928,0.37321198,-0.065135404,0.016226146,2025
36.02182,0.17780542,0.0287558,0.06681991,2025
36.6781,0.3766702,0.12201189,0.08351728,2025
37.72061,0.23516522,0.06836292,0.10884676,2025
33.943695,0.31838858,0.06289249,0.009688096,2025
32.326965,0.34802508,0.040050138,-0.039839186,2025
35.006683,0.24143462,0.07149199,0.03975921,2025
33.54721,0.32089332,0.020294607,-0.0020161015,2025
35.76889,0.33938053,-0.0074772025,0.060221188,2025
37.06433,0.32472694,-0.0010142883,0.093067534,2025
27.89035,0.56173605,-0.20089987,-0.20525002,2025
33.410492,0.47599164,-0.076538764,-0.006116442,2025
33.51303,0.45345524,-0.041173574,-0.0030380501,2025
26.683807,0.58668506,-0.22051525,-0.25974697,2025
34.131683,0.23874749,0.0762825,0.015142472,2025
32.880676,0.36630827,0.014419796,-0.022328282,2025
33.837738,0.45987967,-0.0071403156,0.006587106,2025
35.410004,0.34327602,0.029410847,0.05069636,2025
32.426086,0.43852407,-0.048946727,-0.03666057,2025
30.840118,0.39885435,-0.03351677,-0.08997134,2025
35.286957,0.42681283,-0.0314893,0.047386106,2025
34.264984,0.41813907,0.011381515,0.018973855,2025
35.48178,0.31003764,0.01801224,0.05261674,2025
35.68344,0.2957823,0.16559653,0.05797075,2025
31.523712,0.4290281,-0.0396447,-0.066335246,2025
33.591644,0.327452,0.0557632,-0.0006906774,2025
28.813232,0.48647133,-0.012776132,-0.16664611,2025
34.55893,0.25109485,0.005285876,0.027318096,2025
34.394867,0.44821095,0.023823015,0.022678433,2025
34.582855,0.31669217,0.13643187,0.027991036,2025
32.429504,0.44016328,-0.05924692,-0.03655131,2025
36.64392,0.23780361,0.05347914,0.08266243,2025
32.35431,0.41384053,-0.007925415,-0.038960382,2025
36.893433,0.319973,0.053726334,0.08886642,2025
31.281036,0.5137713,-0.04883745,-0.07460779,2025
35.34848,0.21028101,0.11528632,0.049044117,2025
33.78647,0.49908856,-0.055835154,0.005079644,2025
35.63217,0.2386324,0.0367888,0.056615308,2025
33.940277,0.3982077,0.01835997,0.009588366,2025
32.79181,0.3099492,0.012289771,-0.025098834,2025
32.05008,0.2995199,0.033444505,-0.04882253,2025
31.69461,0.44914132,0.0067457226,-0.06058553,2025
31.400665,0.45017847,-0.03787886,-0.07051379,2025
32.26544,0.3566127,-0.015874842,-0.04182194,2025
32.83966,0.3288767,-0.012480679,-0.023605134,2025
33.6019,0.31439495,-0.01667658,-0.00038530806,2025
31.383575,0.4912469,-0.017640669,-0.07109674,2025
33.91977,0.33319837,-0.03370043,0.008989566,2025
32.231262,0.40676594,0.03603429,-0.04292674,2025
33.49936,0.38617322,0.056684133,-0.0034474137,2025
31.94754,0.26537755,0.07263362,-0.052188836,2025
36.688354,0.40921453,0.023212755,0.08377343,2025
31.281036,0.5209739,-0.053132128,-0.07460779,2025
26.3591,0.6509237,-0.26301903,-0.27526528,2025
30.112091,0.62010556,-0.2614129,-0.11632384,2025
35.187836,0.19946088,0.13613683,0.044702675,2025
33.325043,0.433968,-0.008474317,-0.008696239,2025
36.749878,0.43613136,-0.0093982415,0.08530729,2025
33.93686,0.34959534,-0.0012802053,0.009488617,2025
35.950043,0.27616972,0.04552117,0.06495674,2025
35.324554,0.37318438,-0.052473444,0.048400022,2025
36.148285,0.2439035,0.08382523,0.07008465,2025
35.560394,0.2565619,0.0364176,0.054711122,2025
34.924652,0.25557443,0.024349628,0.03750379,2025
35.90561,0.20202202,0.11170092,0.06379961,2025
25.169647,0.6241142,-0.28078288,-0.33553106,2025
33.964203,0.41891146,-0.09932993,0.010286054,2025
32.82257,0.47752744,-0.06255531,-0.024138099,2025
25.555878,0.6249684,-0.27104172,-0.31534693,2025
35.816742,0.2999174,0.061967775,0.061476745,2025
37.177124,0.26530433,0.075650625,0.09581911,2025
35.809906,0.3160497,0.028587893,0.061297584,2025
33.51645,0.37041923,-0.040390015,-0.0029357616,2025
36.34314,0.38102755,-0.0023357705,0.07507041,2025
34.10434,0.39151064,0.10409228,0.014352846,2025
28.112549,0.61917233,-0.26277602,-0.19572386,2025
33.892426,0.46434456,-0.06526555,0.008190039,2025
25.217499,0.63900787,-0.25358284,-0.33299682,2025
31.756134,0.5059413,-0.017678214,-0.058530778,2025
35.66977,0.20626989,0.17082167,0.05760968,2025
33.020813,0.44895157,-0.008942118,-0.017989632,2025
34.96225,0.3027259,0.09527493,0.03853884,2025
33.10968,0.37874907,-0.07062718,-0.015257323,2025
33.977875,0.4528024,-0.0126608135,0.01068429,2025
35.70053,0.4059742,0.029775688,0.0584217,2025
32.836243,0.49614272,-0.03026108,-0.023711683,2025
34.99301,0.2692955,0.061369177,0.03938404,2025
36.02182,0.46547377,-0.14090145,0.06681991,2025
31.44168,0.4908892,-0.06333879,-0.06911731,2025
35.04428,0.266915,0.05596295,0.040789414,2025
34.1727,0.2510572,0.064396285,0.016324542,2025
33.201996,0.35572296,0.01770969,-0.012434476,2025
32.258606,0.41530547,-0.046632502,-0.042042714,2025
33.489105,0.49706843,-0.0038984532,-0.0037546554,2025
35.87143,0.3163304,-0.028695796,0.06290756,2025
36.32263,0.25378025,0.04108504,0.07454819,2025
35.75522,0.4196146,0.04405018,0.059861843,2025
34.805023,0.31345043,-0.007246555,0.03419558,2025
36.213226,0.27072003,0.039550643,0.071752265,2025
37.276276,0.27933344,0.121108696,0.09822415,2025
34.736664,0.27780715,0.12084593,0.03229494,2025
34.67514,0.4040442,0.037600886,0.030577961,2025
33.441254,0.2600701,0.14391442,-0.005190942,2025
30.43338,0.56912476,-0.20982756,-0.10453867,2025
35.23227,0.22620289,0.07681479,0.04590746,2025
33.858246,0.47679803,-0.12251952,0.0071888124,2025
35.420258,0.21366292,0.0932276,0.05097118,2025
29.951447,0.51039654,-0.045739304,-0.12231125,2025
30.928986,0.48415497,-0.059235323,-0.086839564,2025
33.29428,0.37530437,0.014532875,-0.009628208,2025
27.271698,0.60072,-0.20822167,-0.23259084,2025
31.096466,0.5527369,-0.06650354,-0.08098602,2025
32.2005,0.37360352,0.052572165,-0.04392307,2025
33.824066,0.3618674,0.013943729,0.006185563,2025
33.608734,0.32245964,0.034086257,-0.00018183205,2025
34.681976,0.3191669,0.029347772,0.030769037,2025
35.840668,0.32823807,0.02093366,0.062103264,2025
35.293793,0.23111714,0.07931987,0.047570616,2025
33.506195,0.34138203,0.03458901,-0.00324269,2025
37.06775,0.39803475,0.117925934,0.09315116,2025
35.143402,0.38275138,0.034056794,0.043494847,2025
35.420258,0.24229488,0.10214033,0.05097118,2025
32.279114,0.3990337,-0.047473513,-0.041380674,2025
32.72003,0.30847582,0.017541094,-0.027347576,2025
32.480774,0.4021658,0.029172098,-0.034915157,2025
31.776642,0.38815722,-0.014800509,-0.05784763,2025
34.924652,0.34678498,0.016268851,0.03750379,2025
32.330383,0.37025994,0.008509201,-0.039729252,2025
34.565765,0.22827245,0.07564845,0.02751046,2025
36.267944,0.25876108,0.02181837,0.07315273,2025
35.55014,0.433068,0.02779252,0.054438464,2025
34.514496,0.3605306,0.03425737,0.026065877,2025
34.295746,0.2703921,0.08082513,0.019853791,2025
31.657013,0.3614101,0.03513982,-0.06184514,2025
34.617035,0.37511402,0.08478677,0.028950766,2025
34.60678,0.35274243,0.1352897,0.028663045,2025
36.295288,0.21392366,0.04391525,0.07385099,2025
25.135468,0.62833995,-0.27493376,-0.33734712,2025
33.97104,0.5210562,-0.05403989,0.010485212,2025
33.74887,0.26467124,0.056396917,0.003971261,2025
28.573975,0.46727252,-0.08462669,-0.17641476,2025
36.739624,0.38845474,0.054120827,0.085052006,2025
36.2406,0.21938859,0.0005311837,0.07245342,2025
35.057953,0.3816632,-0.052461367,0.04116349,2025
31.024689,0.5083058,-0.083521426,-0.083486944,2025
27.999725,0.5168866,-0.10498786,-0.20054196,2025
34.53842,0.49981245,-0.04985685,0.02674055,2025
32.415833,0.2957204,0.08328056,-0.036988493,2025
35.160492,0.18810956,0.069436826,0.043959755,2025
29.291779,0.551482,-0.12804699,-0.14758635,2025
34.333344,0.42291433,0.003289331,0.020927127,2025
35.36557,0.4852634,-0.07955862,0.04950365,2025
31.093048,0.47006735,-0.01591314,-0.08110485,2025
34.210297,0.44250348,0.025667006,0.017405618,2025
35.4852,0.22516148,0.11642157,0.052707996,2025
32.159485,0.5167025,-0.058226466,-0.04525447,2025
34.415375,0.2872521,0.07084208,0.02326081,2025
30.532501,0.46881366,-0.07178578,-0.100952886,2025
35.204926,0.22440334,0.10360463,0.045166414,2025
33.31137,0.5095173,-0.0048307935,-0.009110236,2025
36.602905,0.2624153,0.07980336,0.08163451,2025
32.5047,0.5399899,-0.1129148,-0.034153387,2025
34.787933,0.37840134,0.03794168,0.03372112,2025
37.884674,0.34128156,0.123759784,0.11270597,2025
33.591644,0.39862055,0.028484864,-0.0006906774,2025
32.244934,0.5221957,-0.17628735,-0.04248454,2025
27.391327,0.5669704,-0.1692541,-0.22720763,2025
32.248352,0.4063658,0.024116985,-0.04237405,2025
35.46811,0.33425474,-0.018991595,0.052251555,2025
35.379242,0.44983158,-0.01386908,0.049870957,2025
32.784973,0.4830999,0.0024344982,-0.025312576,2025
35.53647,0.39257294,0.02596812,0.054074682,2025
35.90219,0.2783497,0.01190697,0.06371048,2025
34.264984,0.37998858,-0.018678008,0.018973855,2025
37.785553,0.41423815,0.020671783,0.11037837,2025
30.93924,0.47734448,-0.060378727,-0.086479366,2025
31.373322,0.42609897,-0.02725816,-0.07144681,2025
34.261566,0.49812523,-0.17557226,0.018875986,2025
36.014984,0.17735495,0.087350115,0.06664278,2025
36.22351,0.2479542,0.06750829,0.07201581,2025
32.467102,0.32293472,0.07026486,-0.03535096,2025
31.592072,0.42207432,-0.04698772,-0.06402789,2025
30.87088,0.5356694,-0.109699175,-0.088885225,2025
31.701447,0.35924366,0.0025617206,-0.06035683,2025
35.23227,0.32312903,0.046158064,0.04590746,2025
30.758087,0.5215948,-0.10747465,-0.092878275,2025
33.34555,0.47941983,-0.093820125,-0.008075883,2025
33.70102,0.42543623,-0.03499119,0.002557015,2025
33.76938,0.344611,0.055550143,0.0045761396,2025
34.01889,0.46767396,0.0006776412,0.01187708,2025
36.79773,0.22707538,0.06798946,0.086496755,2025
34.364105,0.39309785,-0.040455468,0.021803563,2025
32.8089,0.4685785,-0.01300059,-0.02456487,2025
35.256195,0.24685232,0.04015754,0.046554934,2025
34.818695,0.24331383,0.018335998,0.03457481,2025
33.6976,0.30078733,0.056143723,0.0024558436,2025
33.824066,0.34919083,0.012631567,0.006185563,2025
35.259613,0.27748471,0.046925195,0.04664736,2025
33.875336,0.35618737,0.0142558925,0.0076896776,2025
36.466187,0.39135718,0.035974566,0.07819138,2025
26.649628,0.6358418,-0.20149909,-0.26136267,2025
37.211304,0.30305725,0.15123744,0.096649624,2025
31.83133,0.52031213,-0.05699289,-0.056030206,2025
35.235687,0.30925003,0.022164341,0.04600001,2025
33.96762,0.3729704,-0.0067284172,0.010385643,2025
36.032074,0.2377149,0.10237648,0.067085475,2025
35.594574,0.2268643,0.043546457,0.055618834,2025
32.79181,0.42892745,-0.04579201,-0.025098834,2025
33.14386,0.2970276,0.037549865,-0.014210337,2025
29.151642,0.53466094,-0.12703726,-0.153103,2025
34.900726,0.23968479,0.05052889,0.036843963,2025
33.082336,0.385567,0.013504515,-0.01609647,2025
28.030487,0.58522767,-0.21535169,-0.19922444,2025
32.207336,0.33917153,0.06757118,-0.0437015,2025
27.473358,0.5815878,-0.20854571,-0.22354338,2025
33.895844,0.5086123,-0.04697425,0.00829005,2025
37.918854,0.28457725,0.19174252,0.113505766,2025
37.09851,0.34611166,0.057687357,0.09390311,2025
35.34848,0.3269024,0.010160923,0.049044117,2025
35.191254,0.26386583,0.1411563,0.04479546,2025
32.104767,0.38152266,0.01794331,-0.04703596,2025
32.391907,0.4188443,0.02979329,-0.037754446,2025
25.31662,0.61932766,-0.27418175,-0.32777777,2025
37.3002,0.16835594,0.08477995,0.09880258,2025
31.769806,0.53770727,-0.046800457,-0.05807525,2025
34.032562,0.4786206,-0.08070162,0.012274039,2025
33.270355,0.38313016,0.0058810078,-0.010354265,2025
31.940704,0.4686401,-0.014695648,-0.052414026,2025
32.80548,0.4719931,-0.048123512,-0.024671618,2025
34.45639,0.32968614,0.024670893,0.024423484,2025
35.19809,0.29220685,0.0018519404,0.044980973,2025
28.874756,0.6108714,-0.23633637,-0.16416033,2025
33.76596,0.43667653,0.020555234,0.0044753775,2025
34.22397,0.33607036,0.009703315,0.017798148,2025
35.61508,0.25643882,0.007106152,0.056162626,2025
25.576385,0.61725557,-0.28521842,-0.31429225,2025
36.032074,0.24881032,0.06697691,0.067085475,2025
34.1351,0.28046298,0.07222978,0.0152410865,2025
35.26303,0.31626827,-0.0012923671,0.046739765,2025
33.889008,0.29306164,0.025362141,0.008090006,2025
34.569183,0.32613194,-0.04079527,0.027606614,2025
36.018402,0.3655964,0.016396895,0.066731356,2025
36.500366,0.40610832,0.055184018,0.07905457,2025
37.78897,0.21202631,0.07366502,0.110458836,2025
34.729828,0.3551067,-0.031476475,0.032104466,2025
35.201508,0.17295961,0.09158894,0.045073703,2025
35.04428,0.21663663,0.1006662,0.040789414,2025
36.10727,0.24374188,0.077996336,0.06902832,2025
35.39975,0.30397975,-0.023513079,0.050421387,2025
32.77472,0.29080278,0.09214036,-0.025633356,2025
35.55356,0.24069405,-0.04359097,0.05452937,2025
27.736542,0.6090504,-0.26232383,-0.21193354,2025
30.057404,0.49115428,-0.14787507,-0.118354924,2025
33.595062,0.35091376,0.07443618,-0.0005888669,2025
29.818146,0.56149286,-0.19942105,-0.12732849,2025
25.40207,0.65670335,-0.28248757,-0.3233113,2025
33.102844,0.5022883,-0.0904783,-0.015466981,2025
33.147278,0.4117362,0.022311201,-0.014105757,2025
35.83725,0.20345962,0.11409759,0.062013812,2025
31.670685,0.50284463,-0.07760827,-0.061386753,2025
36.10727,0.22601455,0.103453584,0.06902832,2025
33.017395,0.37314558,0.0056767976,-0.018095015,2025
34.92807,0.25478405,0.06518598,0.037597977,2025
33.424164,0.3901373,0.0047556683,-0.0057048984,2025
36.247437,0.33543414,0.023871234,0.07262834,2025
34.27182,0.30049214,0.04469464,0.019169534,2025
34.818695,0.31479803,0.07695851,0.03457481,2025
34.234222,0.27117056,0.031607278,0.018092338,2025
31.229767,0.59379566,-0.15081513,-0.07637196,2025
36.127777,0.30094033,0.037568036,0.06955678,2025
35.950043,0.23235829,0.057885416,0.06495674,2025
34.582855,0.46795237,0.023558833,0.027991036,2025
34.446136,0.40767282,0.030077485,0.024133075,2025
34.818695,0.3098672,0.055182476,0.03457481,2025
35.782562,0.23999901,0.06441933,0.06058026,2025
34.91098,0.41171238,0.013276739,0.037126858,2025
24.909851,0.629734,-0.23289338,-0.34945992,2025
36.315796,0.23827724,0.1470387,0.07437399,2025
33.325043,0.32733265,0.11738345,-0.008696239,2025
27.240936,0.59095615,-0.2509429,-0.23398274,2025
36.975464,0.33971882,0.113405965,0.0908878,2025
35.878265,0.2509916,0.046969905,0.06308611,2025
33.031067,0.49755666,-0.05753109,-0.017673615,2025
27.497284,0.62439334,-0.23133983,-0.22247875,2025
33.574554,0.50418884,-0.10248912,-0.0012000407,2025
32.579895,0.3631072,0.019029854,-0.03176653,2025
31.615997,0.40579113,0.04539814,-0.06322268,2025
36.623413,0.45553398,-0.07841663,0.08214875,2025
30.033478,0.5219126,-0.12034401,-0.11924585,2025
25.398651,0.6319921,-0.26805112,-0.3234894,2025
31.670685,0.5270268,-0.042722825,-0.061386753,2025
38.086334,0.33911228,0.036930706,0.11740403,2025
35.76889,0.27800953,0.08983179,0.060221188,2025
33.629242,0.49480543,-0.017903512,0.00042809968,2025
28.895264,0.5239962,-0.08443666,-0.16333409,2025
28.78247,0.55865085,-0.14822985,-0.16789298,2025
34.31967,0.3791583,0.028363403,0.020537095,2025
29.582306,0.53830546,-0.0967065,-0.13631593,2025
32.347473,0.4261267,-0.08618132,-0.039179944,2025
38.065826,0.26394787,0.022880131,0.11692853,2025
36.818237,0.22071445,0.050761677,0.08700558,2025
35.796234,0.38196394,0.07355916,0.06093906,2025
36.743042,0.28067678,0.1344754,0.08513712,2025
36.514038,0.2551445,0.03992791,0.0793994,2025
34.50766,0.4084341,-0.012671828,0.02587294,2025
25.279022,0.65810263,-0.2311968,-0.3297526,2025
33.338715,0.3664252,0.019854546,-0.008282583,2025
34.165863,0.42231765,0.024060579,0.016127728,2025
31.32547,0.49780068,-0.0035094887,-0.07308351,2025
31.933868,0.4689519,-0.0113846185,-0.052639313,2025
32.087677,0.40678543,0.0039228266,-0.047593605,2025
35.051117,0.20793566,0.0645699,0.040976487,2025
33.37973,0.36674097,0.044350058,-0.0070436476,2025
33.048157,0.43865708,-0.03800154,-0.017147357,2025
35.673187,0.24560969,0.04321448,0.057699975,2025
33.431,0.3604209,0.017536148,-0.005499253,2025
28.023651,0.59765327,-0.21362412,-0.19951698,2025
34.770844,0.27528659,0.07648659,0.033246193,2025
32.138947,0.49945948,-0.09111118,-0.045922436,2025
32.30304,0.5098349,-0.16808543,-0.04060936,2025
35.741547,0.3178033,0.02717033,0.059502218,2025
35.76889,0.25436363,0.1837284,0.060221188,2025
34.951996,0.38957557,0.08944644,0.03825677,2025
34.552094,0.28825673,0.062652044,0.027125657,2025
36.028656,0.29794022,0.09173169,0.06699697,2025
34.64438,0.34904864,-0.03044383,0.029717185,2025
28.88501,0.5837596,-0.23053989,-0.16374706,2025
36.954956,0.16461037,0.049125537,0.0903833,2025
35.70053,0.30177638,-0.016936304,0.0584217,2025
33.595062,0.41862813,0.010783529,-0.0005888669,2025
35.697113,0.2804472,0.010265908,0.058331545,2025
35.33139,0.30595738,0.028620478,0.048584137,2025
35.427094,0.40018615,0.036675025,0.0511543,2025
31.093048,0.5088698,-0.071383685,-0.08110485,2025
36.08676,0.2663961,0.040989395,0.06849925,2025
34.92807,0.3020194,0.028667146,0.037597977,2025
35.46469,0.44849923,0.022362748,0.052160215,2025
32.99005,0.45201728,-0.04300071,-0.018938862,2025
36.049164,0.27860036,0.11364148,0.06752774,2025
33.290863,0.43872517,-0.069912754,-0.009731866,2025
35.242523,0.27512375,0.117026,0.046185058,2025
36.524292,0.46292472,-0.042752657,0.07965785,2025
31.496368,0.5371542,-0.15894853,-0.06726099,2025
30.699982,0.5411051,-0.10974749,-0.09494676,2025
35.239105,0.28383186,0.13239244,0.046092544,2025
36.924194,0.25865468,0.09594054,0.08962549,2025
32.258606,0.35559005,0.05984124,-0.042042714,2025
34.480316,0.41319543,-0.028634032,0.025100434,2025
32.289368,0.38320076,-0.0066681597,-0.041049972,2025
34.900726,0.24622461,0.06647077,0.036843963,2025
33.369476,0.29876712,0.056826133,-0.007353096,2025
32.764465,0.37580547,-0.034822885,-0.025954336,2025
31.49295,0.53143513,-0.057931982,-0.06737682,2025
37.392487,0.35206276,0.023153,0.10102675,2025
30.392365,0.5690587,-0.16068397,-0.10602929,2025
32.692688,0.37975854,-0.023458296,-0.028206836,2025
36.295288,0.22521849,0.054442473,0.07385099,2025
32.070587,0.4519717,0.015047705,-0.04815185,2025
32.173157,0.37892392,-0.02409851,-0.04481029,2025
37.645416,0.22782855,0.053714376,0.10706671,2025
36.869507,0.35671407,0.0034501324,0.08827516,2025
35.65268,0.4722191,-0.038871806,0.057157952,2025
35.33139,0.28845805,0.03462584,0.048584137,2025
28.905518,0.5628996,-0.20539342,-0.16292141,2025
32.55255,0.446012,-0.0098005,-0.032633204,2025
35.977386,0.27311265,0.12586293,0.06566739,2025
33.813812,0.36316857,0.013476645,0.0058841924,2025
33.468597,0.35853267,0.022115773,-0.004369704,2025
34.699066,0.21550053,0.08476552,0.0312464,2025
33.892426,0.41425052,-0.048045017,0.008190039,2025
34.446136,0.45118654,-0.04327243,0.024133075,2025
32.74054,0.47843796,-0.12446929,-0.026704071,2025
33.130188,0.44600007,-0.004934091,-0.014628872,2025
31.76297,0.3261181,0.057306774,-0.058302965,2025
36.15512,0.28825554,0.079039976,0.070260465,2025
32.836243,0.35906786,0.030974846,-0.023711683,2025
32.73712,0.43124232,0.0052011367,-0.026811266,2025
31.742462,0.6081358,-0.11481046,-0.0589867,2025
37.142944,0.34521484,0.14630547,0.09498706,2025
31.81424,0.52803123,-0.082313836,-0.05659748,2025
32.542297,0.332985,0.035670064,-0.03295858,2025
32.019318,0.4462545,0.013412569,-0.049830157,2025
34.367523,0.4454165,-0.061255842,0.021900848,2025
34.452972,0.2745601,0.11375319,0.0243267,2025
31.216095,0.5476405,-0.11348498,-0.07684338,2025
28.806396,0.54744464,-0.12846209,-0.16692296,2025
32.162903,0.468475,-0.02278615,-0.04514339,2025
33.71811,0.26931632,-0.004882117,0.0030625637,2025
34.40512,0.26592967,0.08397103,0.022969708,2025
34.52475,0.45786947,0.01528147,0.026355136,2025
34.446136,0.2764419,0.024216939,0.024133075,2025
32.931946,0.42894852,0.018687088,-0.020736687,2025
35.645844,0.2875195,0.15454213,0.05697714,2025
35.160492,0.41188577,0.049323995,0.043959755,2025
36.64392,0.29227751,0.18276675,0.08266243,2025
30.72049,0.5589936,-0.20742576,-0.09421581,2025
31.821075,0.39144632,-0.046020936,-0.056370497,2025
35.816742,0.36501926,0.039735395,0.061476745,2025
25.661835,0.6438797,-0.2779089,-0.3099159,2025
34.411957,0.3774542,0.073368266,0.023163795,2025
36.230347,0.2413261,-0.0278775,0.0721909,2025
30.218048,0.5477203,-0.1435011,-0.11240955,2025
35.403168,0.2178946,0.103562035,0.050513063,2025
34.23764,0.3456936,-0.013311963,0.018190363,2025
35.748383,0.23559196,0.045082558,0.059682064,2025
33.031067,0.55217385,-0.20041177,-0.017673615,2025
25.002136,0.6182822,-0.2776486,-0.34447894,2025
31.168243,0.51187724,-0.0675539,-0.07849662,2025
33.188324,0.29926488,0.065541565,-0.0128515465,2025
36.985718,0.2741754,0.09109258,0.091139846,2025
32.145813,0.51882386,-0.06497179,-0.045699023,2025
32.395325,0.27022126,0.050082836,-0.037644956,2025
36.250854,0.30710718,0.075982064,0.07271578,2025
35.68344,0.22466055,0.08625696,0.05797075,2025
37.392487,0.35975862,0.123927005,0.10102675,2025
32.460266,0.5147126,-0.08745994,-0.035568997,2025
34.99301,0.40104875,-0.060595468,0.03938404,2025
33.42758,0.41003016,-0.017431194,-0.005602065,2025
34.668304,0.2837805,0.08565025,0.03038681,2025
36.042328,0.2143589,0.075704776,0.06735088,2025
32.819153,0.32259563,0.039577458,-0.02424476,2025
33.762543,0.2969444,0.00961434,0.004374595,2025
36.216675,0.24459517,0.04246204,0.07184065,2025
36.61316,0.33723432,-0.043416224,0.0818917,2025
36.79431,0.21872988,0.091933966,0.08641189,2025
34.91098,0.3929475,-0.061936386,0.037126858,2025
30.296661,0.5103821,-0.061837785,-0.10952309,2025
37.871002,0.32138395,0.027408954,0.112385646,2025
34.13852,0.28968188,0.028020186,0.015339682,2025
36.555054,0.30523708,-0.0030646464,0.08043234,2025
33.400238,0.28072718,0.045582578,-0.0064253206,2025
34.47348,0.27065638,0.05813899,0.024907116,2025
32.32013,0.4123416,-0.07441369,-0.04005912,2025
37.62491,0.24070059,0.03845721,0.10658001,2025
31.667267,0.520364,-0.060836986,-0.06150131,2025
32.75421,0.53731257,-0.10484554,-0.026275517,2025
33.06183,0.4841123,-0.029948235,-0.016726742,2025
27.31955,0.6101178,-0.2458165,-0.2304319,2025
28.197998,0.6131863,-0.19789939,-0.19210042,2025
35.66635,0.22123091,0.08908612,0.05751937,2025
32.077423,0.3969455,0.0077964873,-0.047928482,2025
31.352814,0.469112,-0.065243036,-0.07214764,2025
32.55597,0.4644534,0.022298172,-0.03252479,2025
26.20871,0.6057546,-0.23001736,-0.282583,2025
34.664886,0.40814134,-0.0596507,0.030291205,2025
35.252777,0.25263306,0.08669105,0.04646249,2025
34.032562,0.43245864,-0.042241495,0.012274039,2025
34.57602,0.37785807,-0.020225983,0.027798863,2025
35.505707,0.3473723,0.101625375,0.053255145,2025
35.057953,0.2749246,0.03256474,0.04116349,2025
30.740997,0.44624636,-0.022071717,-0.09348584,2025
32.514954,0.45954537,0.028198112,-0.033827256,2025
36.992554,0.30629817,0.11301673,0.0913078,2025
31.523712,0.4952404,-0.061119787,-0.066335246,2025
34.07016,0.39212072,-0.062092457,0.01336403,2025
32.685852,0.33191314,-0.0297878,-0.028421875,2025
34.74008,0.26736084,0.059380013,0.03239015,2025
34.11801,0.4256528,0.012211426,0.014747817,2025
34.1727,0.31200585,0.08817445,0.016324542,2025
34.176117,0.32618108,0.010113278,0.016422922,2025
34.50766,0.38132647,0.0061067627,0.02587294,2025
34.579437,0.30600804,0.0058858213,0.027894959,2025
29.72586,0.5363984,-0.1324134,-0.13082834,2025
36.117523,0.27294043,0.04697899,0.06929262,2025
32.190247,0.4579168,-0.08106753,-0.0442556,2025
34.20688,0.37595403,0.020354657,0.017307436,2025
29.226837,0.651285,-0.26807624,-0.15013626,2025
35.327972,0.4019443,-0.0027961782,0.04849209,2025
33.861664,0.40791658,-0.063911445,0.007289026,2025
35.66977,0.38530293,0.06806192,0.05760968,2025
33.32846,0.43199316,-0.03963952,-0.008592794,2025
31.909943,0.46819878,-0.05791604,-0.05342857,2025
26.878632,0.60150945,-0.22977774,-0.25061595,2025
33.04132,0.3009718,0.05241099,-0.017357795,2025
32.08084,0.478913,-0.093988374,-0.04781683,2025
34.887054,0.34684646,0.07605714,0.036466513,2025
31.74588,0.43164372,0.018022954,-0.058872685,2025
35.830414,0.23750168,0.052610327,0.061834857,2025
33.137024,0.37031153,0.03759626,-0.014419561,2025
34.528168,0.53879064,-0.13961743,0.026451519,2025
35.56723,0.40028393,-0.019087784,0.054892804,2025
33.608734,0.32338643,0.079270996,-0.00018183205,2025
38.233307,0.35303494,0.0060756174,0.120796815,2025
30.80252,0.4342833,-0.110740475,-0.09130177,2025
35.43393,0.18513644,0.09077528,0.051337354,2025
29.50711,0.5300001,-0.16506512,-0.13921168,2025
34.398285,0.43294382,0.034234453,0.022775544,2025
34.764008,0.3885783,-0.02280878,0.033056095,2025
36.097015,0.2760039,0.08164731,0.06876386,2025
34.411957,0.4077515,0.043165345,0.023163795,2025
34.70932,0.36818373,0.030522518,0.03153259,2025
36.100433,0.286734,0.019034795,0.06885203,2025
36.110687,0.41853702,-0.09424737,0.069116436,2025
35.46469,0.4255634,0.021155301,0.052160215,2025
34.4769,0.4123705,-0.01116092,0.025003783,2025
33.22934,0.39346185,0.02504779,-0.011601364,2025
35.744965,0.28709808,0.04159887,0.05959215,2025
31.609161,0.45529154,0.014850373,-0.06345262,2025
24.913269,0.6431227,-0.28620526,-0.34927475,2025
33.06183,0.34387437,0.04194801,-0.016726742,2025
32.65851,0.38828844,0.024029037,-0.029282935,2025
36.056,0.45656866,-0.012100184,0.06770453,2025
29.975372,0.50223243,-0.088528104,-0.121415436,2025
39.89444,0.34616575,0.097698696,0.15740526,2025
35.65268,0.34435394,0.08034654,0.057157952,2025
30.993927,0.4537064,-0.0043042083,-0.08456232,2025
31.732208,0.409159,0.028380705,-0.0593289,2025
35.594574,0.29890928,0.0290189,0.055618834,2025
33.16095,0.4837081,-0.043421794,-0.013687653,2025
30.970001,0.50402486,-0.10355484,-0.085400194,2025
34.562347,0.44531858,-0.026693111,0.027414288,2025
37.33438,0.37988776,0.04211834,0.09962763,2025
31.667267,0.35642767,-0.04925773,-0.06150131,2025
35.53305,0.3140504,0.03737755,0.053983692,2025
31.32547,0.5990394,-0.17621794,-0.07308351,2025
32.28253,0.46894047,-0.023944484,-0.041270416,2025
32.542297,0.20039333,0.08709325,-0.03295858,2025
34.24106,0.38970292,0.0115347,0.018288368,2025
34.452972,0.42578703,0.02304575,0.0243267,2025
31.472443,0.49488756,-0.07139869,-0.068072334,2025
34.514496,0.43089366,-0.010563654,0.026065877,2025
36.17221,0.31523174,-0.0058330316,0.07069973,2025
36.035492,0.3715446,-0.030371923,0.06717396,2025
36.13803,0.2391199,0.028068937,0.069820784,2025
37.276276,0.34374723,0.09415206,0.09822415,2025
32.121857,0.5564986,-0.14427407,-0.0464789,2025
34.449554,0.37913784,-0.049779475,0.024229897,2025
33.154114,0.3575964,0.060908783,-0.013896662,2025
33.24643,0.28551212,0.036254104,-0.011081365,2025
33.75229,0.2768476,0.059944425,0.004072125,2025
32.036407,0.46173665,0.017750978,-0.049270127,2025
30.276154,0.5601385,-0.15334758,-0.110274635,2025
32.65851,0.37793583,0.012292718,-0.029282935,2025
33.595062,0.34959105,0.011042575,-0.0005888669,2025
34.20688,0.26743937,0.066607475,0.017307436,2025
29.913849,0.5317544,-0.112299636,-0.12372184,2025
36.271362,0.21576676,0.035399336,0.073240064,2025
36.062836,0.26359287,0.050810993,0.06788125,2025
35.676605,0.20387276,0.043429438,0.05779025,2025
34.066742,0.29641706,0.0588585,0.013265039,2025
36.99939,0.24067774,0.05241724,0.09147568,2025
33.745453,0.39249963,-0.017950153,0.0038703764,2025
34.79135,0.249873,0.060733173,0.03381605,2025
34.53842,0.34834194,0.028842885,0.02674055,2025
32.04666,0.48096895,-0.024800552,-0.048934393,2025
30.358185,0.51513,-0.1621616,-0.10727455,2025
32.156067,0.44596577,-0.0042511667,-0.045365572,2025
32.644836,0.24016187,0.08988535,-0.029714005,2025
31.99881,0.6008266,-0.12890476,-0.050502986,2025
31.253693,0.43378314,0.010685088,-0.075547956,2025
29.011475,0.63436687,-0.23867434,-0.15867414,2025
31.469025,0.5288036,-0.13134229,-0.06818834,2025
30.187286,0.55041647,-0.17472707,-0.11354313,2025
34.97934,0.3533033,-0.0065836166,0.03900858,2025
36.766968,0.342149,0.039994217,0.08573246,2025
30.481232,0.5065202,-0.13384472,-0.10280469,2025
37.224976,0.29936564,0.061252635,0.0969814,2025
32.45685,0.50107926,-0.010613174,-0.03567805,2025
29.896759,0.5399485,-0.13572975,-0.12436419,2025
35.43051,0.2707493,-0.029588295,0.051245835,2025
35.93979,0.20576334,0.08095356,0.064689964,2025
32.272278,0.3544322,0.0025982542,-0.04160126,2025
37.324127,0.20673236,0.16509552,0.09938027,2025
35.984222,0.39137602,0.0775551,0.065844886,2025
33.130188,0.4294299,-0.00832262,-0.014628872,2025
36.018402,0.27988428,0.037131075,0.066731356,2025
32.682434,0.49646595,-0.07023011,-0.02852943,2025
35.36557,0.39767858,0.042913307,0.04950365,2025
31.790314,0.3762188,-0.020694116,-0.057392687,2025
32.35431,0.35431278,0.043919276,-0.038960382,2025
27.760468,0.58491457,-0.20821014,-0.21088901,2025
34.483734,0.29520273,0.026839925,0.025197065,2025
33.519867,0.28758854,0.118899666,-0.0028334938,2025
25.244843,0.6251038,-0.25968623,-0.33155298,2025
34.955414,0.25783926,0.024215259,0.038350813,2025
33.307953,0.31279463,0.039853927,-0.0092137875,2025
32.179993,0.514377,-0.05262981,-0.044588346,2025
33.506195,0.3914075,0.0331341,-0.00324269,2025
32.983215,0.44783208,0.01330555,-0.019150041,2025
28.768799,0.56151146,-0.18333443,-0.168448,2025
35.14682,0.30105025,0.02928415,0.043587863,2025
34.056488,0.44388866,-0.09395949,0.012967948,2025
36.937866,0.36846748,0.08777928,0.08996245,2025
35.403168,0.46835658,0.017494438,0.050513063,2025
27.138397,0.6202501,-0.27427018,-0.2386452,2025
25.275604,0.6531312,-0.2621565,-0.32993242,2025
36.336304,0.31105936,0.028307581,0.0748964,2025
33.93344,0.42769998,-0.029762022,0.009388847,2025
33.53354,0.2543086,0.10841568,-0.002424631,2025
34.377777,0.24788828,0.08663983,0.022192588,2025
33.540375,0.46407837,-0.024738226,-0.0022203247,2025
34.85971,0.27448416,0.049558576,0.035710722,2025
34.822113,0.430306,-0.094863296,0.03466957,2025
35.17758,0.33797574,0.017791532,0.044424217,2025
33.759125,0.37402853,-0.02570506,0.0042737923,2025
34.367523,0.43872234,-0.09978486,0.021900848,2025
35.444183,0.26350486,0.04824979,0.0516118,2025
30.723907,0.4881226,-0.079676665,-0.09409408,2025
32.070587,0.44996485,-0.016834399,-0.04815185,2025
34.145355,0.42018363,-0.021118658,0.015536811,2025
36.890015,0.18295458,0.05239592,0.088782005,2025
34.617035,0.41238028,0.009283866,0.028950766,2025
36.784058,0.16384095,0.1718015,0.086157225,2025
36.657593,0.2616069,0.10621954,0.083004564,2025
35.457855,0.3549797,-0.011139342,0.051977478,2025
36.233765,0.23848711,0.065263346,0.072278425,2025
36.55847,0.27395248,0.023705771,0.08051831,2025
31.243439,0.423564,0.04553871,-0.07590095,2025
35.392914,0.27791467,0.033277623,0.05023798,2025
33.711273,0.3326394,0.10518043,0.0028604057,2025
31.940704,0.47335467,-0.088555194,-0.052414026,2025
34.10434,0.31705528,0.06690793,0.014352846,2025
35.29721,0.22138889,0.04520008,0.047662843,2025
33.2601,0.24369061,0.10525043,-0.010665751,2025
35.80307,0.29733065,0.14802612,0.061118357,2025
35.28012,0.40323624,0.0118954815,0.047201525,2025
30.245392,0.54193103,-0.12256959,-0.11140386,2025
32.795227,0.52335227,-0.073040985,-0.024991997,2025
35.512543,0.23422179,0.095090784,0.053437386,2025
35.034027,0.3344502,0.05627386,0.04050867,2025
34.008636,0.22370428,0.06956622,0.011579153,2025
34.531586,0.2950383,0.03325524,0.02654788,2025
34.487152,0.26532525,0.0681766,0.025293674,2025
32.142365,0.5587437,-0.13243316,-0.045811214,2025
33.560883,0.40120474,0.01778328,-0.0016079049,2025
34.42563,0.45154986,-0.08195537,0.023551738,2025
34.92807,0.39954042,0.0069818576,0.037597977,2025
32.508118,0.56599337,-0.15663715,-0.034044653,2025
33.776215,0.32789245,0.009008693,0.0047776024,2025
31.294708,0.5733125,-0.14409398,-0.07413832,2025
35.444183,0.30909196,0.16703515,0.0516118,2025
36.332886,0.29378092,0.030588686,0.07480937,2025
31.950958,0.51460665,-0.071937606,-0.05207628,2025
34.145355,0.35851434,0.04654569,0.015536811,2025
33.123352,0.24244663,0.040647868,-0.01483827,2025
32.699524,0.3756263,0.029047197,-0.027991885,2025
36.199554,0.26035178,0.020992909,0.071401685,2025
33.338715,0.43123809,-0.05897637,-0.008282583,2025
35.505707,0.31553414,-0.02112841,0.053255145,2025
32.08426,0.57192326,-0.074780926,-0.047705207,2025
33.66684,0.39733043,-0.0071223006,0.0015443779,2025
37.734283,0.31520885,0.17784268,0.10916964,2025
32.904602,0.3831015,-0.012283876,-0.02158492,2025
34.784515,0.19947848,0.11150314,0.033626173,2025
35.22885,0.38827774,0.04110138,0.045814894,2025
33.591644,0.36317462,0.03599308,-0.0006906774,2025
31.803986,0.44562364,0.0059271934,-0.056938138,2025
33.519867,0.42394274,-0.018633705,-0.0028334938,2025
33.889008,0.40639323,-0.020422572,0.008090006,2025
37.97696,0.30259117,0.026050344,0.114862114,2025
31.855255,0.38728103,-0.05361712,-0.055237044,2025
33.232758,0.4649728,-0.023877764,-0.011497322,2025
35.813324,0.21857043,0.09482102,0.061387174,2025
32.95587,0.4270156,0.00025509403,-0.01999564,2025
34.25815,0.38267687,0.057309426,0.018778099,2025
32.761047,0.48431736,-0.021941638,-0.026061375,2025
35.403168,0.24537651,0.14991806,0.050513063,2025
37.747955,0.36293033,-0.017358504,0.10949229,2025
33.417328,0.35690868,0.04691527,-0.005910628,2025
34.37094,0.36445382,0.0064957496,0.021998115,2025
34.1351,0.36579457,0.057016123,0.0152410865,2025
35.34848,0.21047771,0.07069453,0.049044117,2025
30.419708,0.49553508,-0.121640585,-0.1050351,2025
34.261566,0.47269636,-0.040114675,0.018875986,2025
32.566223,0.4529938,-0.011656572,-0.032199685,2025
32.197083,0.4537731,-0.031794436,-0.04403389,2025
31.530548,0.570809,-0.13826795,-0.066104054,2025
33.875336,0.2324034,0.08394321,0.0076896776,2025
33.673676,0.41827914,-0.03139924,0.0017470698,2025
33.29428,0.25737804,0.083449304,-0.009628208,2025
36.404663,0.30052373,-0.033294402,0.07663353,2025
36.216675,0.19759259,0.10574077,0.07184065,2025
31.407501,0.5041391,-0.056637242,-0.07028079,2025
34.562347,0.3201068,0.056898862,0.027414288,2025
37.577057,0.23610581,0.059144504,0.10544231,2025
36.534546,0.2370141,0.059442442,0.07991616,2025
33.994965,0.4122315,-0.01593987,0.011181636,2025
31.151154,0.5401522,-0.16224347,-0.0790883,2025
33.46176,0.261045,0.08929665,-0.004574888,2025
30.928986,0.5802279,-0.11360172,-0.086839564,2025
34.746918,0.36042625,-0.005333474,0.032580514,2025
32.408997,0.520804,-0.058016185,-0.03720722,2025
36.807983,0.23900276,0.097106114,0.08675124,2025
36.07309,0.23810092,0.052200463,0.06814621,2025
34.948578,0.2522006,0.060099125,0.038162716,2025
36.606323,0.36245248,0.10329552,0.081720255,2025
36.466187,0.33205763,0.10617053,0.07819138,2025
35.437347,0.32059973,0.011999088,0.051428854,2025
34.88022,0.20449567,0.0065356684,0.036277674,2025
34.951996,0.24630299,0.050590966,0.03825677,2025
36.708862,0.240865,0.09917176,0.08428529,2025
31.533966,0.4265375,-0.026637575,-0.0659885,2025
34.95883,0.32625586,0.052358262,0.038444836,2025
36.2782,0.3327456,0.028101915,0.0734147,2025
32.863586,0.41459686,0.041314036,-0.022859916,2025
30.93924,0.55069077,-0.1294058,-0.086479366,2025
35.256195,0.26269615,0.03921953,0.046554934,2025
35.95688,0.27054423,0.09768003,0.0651345,2025
37.430084,0.48815328,-0.07269485,0.10192975,2025
32.45685,0.5053419,-0.03890786,-0.03567805,2025
35.61508,0.27807325,0.061375804,0.056162626,2025
34.360687,0.21895936,0.0794704,0.021706259,2025
36.025238,0.22691537,0.11389146,0.06690845,2025
33.34555,0.41445664,0.020450903,-0.008075883,2025
35.946625,0.31992504,0.020314422,0.06486783,2025
32.593567,0.34115496,0.057196625,-0.03133374,2025
34.74008,0.27086934,0.05281343,0.03239015,2025
36.51062,0.27788472,0.13396558,0.07931322,2025
33.755707,0.35943085,-0.06848622,0.0041729687,2025
35.577484,0.36809763,0.07958804,0.055165194,2025
34.931488,0.28136122,0.015860997,0.03769215,2025
35.997894,0.19130522,0.15322712,0.066199675,2025
31.45877,0.53654623,-0.16936556,-0.06853651,2025
31.551056,0.47478032,-0.003404154,-0.065411106,2025
33.072083,0.4790181,-0.04720879,-0.016411508,2025
34.08383,0.37135577,0.006034989,0.013759795,2025
30.488068,0.5236375,-0.15239541,-0.10255742,2025
41.67868,0.28569242,0.09393071,0.19347626,2025
35.461273,0.29163536,0.04315806,0.052068856,2025
30.036896,0.52377105,-0.12108025,-0.11911848,2025
36.623413,0.2659497,-0.014209391,0.08214875,2025
35.04428,0.34044403,0.046180926,0.040789414,2025
35.509125,0.4372765,-0.12344275,0.053346273,2025
31.12381,0.56320876,-0.11800187,-0.08003633,2025
32.767883,0.40441844,0.06224877,-0.02584732,2025
33.875336,0.32207182,0.028764842,0.0076896776,2025
35.55356,0.29182997,0.03818488,0.05452937,2025
32.610657,0.48711836,-0.09046908,-0.030793263,2025
34.654633,0.31716824,0.074941106,0.03000428,2025
35.379242,0.3433799,0.031675372,0.049870957,2025
34.92807,0.3102753,0.15285383,0.037597977,2025
35.427094,0.33153877,-0.013066455,0.0511543,2025
36.062836,0.2626805,0.01110977,0.06788125,2025
33.325043,0.43615997,0.016031386,-0.008696239,2025
34.165863,0.28027967,0.030852394,0.016127728,2025
35.003265,0.21290915,0.095705576,0.039665446,2025
34.84604,0.26933905,0.05109935,0.03533238,2025
34.179535,0.26789024,0.017790308,0.016521279,2025
34.989594,0.2684018,0.04994116,0.039290205,2025
33.167816,0.36107108,0.03802945,-0.013477798,2025
35.707367,0.35900086,-0.0063246083,0.05860196,2025
31.51004,0.48185953,-0.030416077,-0.06679791,2025
36.059418,0.39868978,-0.0343881,0.0677929,2025
36.466187,0.42692322,0.06747416,0.07819138,2025
34.200043,0.46713132,0.026075274,0.017111015,2025
31.739044,0.27383405,0.072762035,-0.059100743,2025
35.184418,0.3156632,0.015711885,0.044609874,2025
35.006683,0.3313948,-0.0019517643,0.03975921,2025
35.543304,0.32019985,0.06384565,0.05425661,2025
32.545715,0.44524515,0.054409273,-0.032850098,2025
30.846954,0.54734015,-0.16919793,-0.08972979,2025
31.845001,0.37470493,0.010855693,-0.055576824,2025
34.664886,0.2595114,0.12442878,0.030291205,2025
36.370483,0.3239612,-0.036598943,0.07576578,2025
32.381653,0.5268158,-0.0958748,-0.03808306,2025
34.162445,0.2823949,0.017050581,0.01602929,2025
31.568146,0.47392622,-0.05820585,-0.06483433,2025
33.410492,0.4322618,-0.009144493,-0.006116442,2025
36.20981,0.38016286,-0.02921453,0.071664646,2025
33.577972,0.29995957,0.0046056276,-0.0010981265,2025
38.0795,0.21621786,0.061608322,0.117245585,2025
33.707855,0.35381904,-0.0038854931,0.002759296,2025
27.702362,0.5976915,-0.2241781,-0.21342885,2025
29.654083,0.5444848,-0.14197549,-0.13356549,2025
34.247894,0.3613669,-0.027423227,0.018484319,2025
31.079376,0.4630643,-0.0053397915,-0.08158044,2025
38.19229,0.35413957,0.04478545,0.11985262,2025
30.088165,0.50890076,-0.10591891,-0.117211536,2025
31.721954,0.5119771,-0.08748482,-0.05967132,2025
32.815735,0.34110233,0.03900709,-0.02435144,2025
33.51303,0.29592586,-0.002272199,-0.0030380501,2025
28.693604,0.49277234,-0.1632321,-0.17151007,2025
28.071533,0.58438826,-0.2536946,-0.19747095,2025
34.531586,0.33747116,-0.0049302448,0.02654788,2025
28.382568,0.59971094,-0.19988148,-0.18434826,2025
31.592072,0.45032442,-0.006651626,-0.06402789,2025
34.70932,0.22246824,0.08918964,0.03153259,2025
34.176117,0.40844145,-0.030898878,0.016422922,2025
29.99588,0.5137231,-0.12620033,-0.12064874,2025
36.264526,0.21111736,0.055080835,0.07306537,2025
35.478363,0.4518943,-0.12559001,0.052525472,2025
36.39099,0.26902547,0.12244081,0.07628663,2025
31.598907,0.55253094,-0.16165373,-0.063797705,2025
34.69223,0.40412748,0.010830874,0.031055512,2025
34.30258,0.5174925,-0.054658875,0.020049118,2025
31.968048,0.42355418,-0.04225584,-0.051513847,2025
34.722992,0.2608724,0.043905422,0.031913918,2025
37.1156,0.250051,0.13134396,0.09432032,2025
32.880676,0.39806154,0.021760987,-0.022328282,2025
25.439667,0.59909064,-0.25506485,-0.32135558,2025
34.66147,0.39911777,0.018784719,0.030195583,2025
35.38266,0.25280544,0.05893222,0.04996274,2025
38.02823,0.36254776,0.004698392,0.11605546,2025
35.680023,0.32727796,-0.07706843,0.05788051,2025
32.13553,0.31593677,0.06629244,-0.04603368,2025
33.724945,0.240962,0.08564693,0.0032646395,2025
36.336304,0.42673647,0.046915468,0.0748964,2025
36.46277,0.2888904,0.1287677,0.078104965,2025
25.323456,0.6596529,-0.23826414,-0.32741934,2025
36.045746,0.31719145,0.009295772,0.06743932,2025
32.241516,0.47721055,-0.06654795,-0.042595055,2025
28.273193,0.53417796,-0.13955955,-0.18892992,2025
35.33139,0.24695168,0.07207184,0.048584137,2025
33.352386,0.48995858,-0.020494813,-0.007869266,2025
34.965668,0.23775625,0.10449148,0.03863282,2025
34.852875,0.24165165,0.066451095,0.03552159,2025
33.810394,0.5326979,-0.116749436,0.0057836953,2025
29.818146,0.51702183,-0.16116092,-0.12732849,2025
35.13315,0.287894,0.12029785,0.04321568,2025
31.909943,0.45170408,-0.06790078,-0.05342857,2025
32.812317,0.47562504,-0.035913896,-0.024458144,2025
31.67752,0.46585277,-0.017478803,-0.061157707,2025
34.046234,0.5335628,-0.11359333,0.012670677,2025
35.697113,0.27350324,0.095992,0.058331545,2025
34.883636,0.26491925,0.051961493,0.036372103,2025
38.332428,0.31218794,0.20941468,0.123070285,2025
32.18683,0.24886954,0.09163157,-0.04436649,2025
34.664886,0.3499789,-0.0014962585,0.030291205,2025
31.581818,0.473867,-0.051376134,-0.06437336,2025
35.375824,0.32531628,0.093156435,0.049779158,2025
33.844574,0.4693326,0.033639506,0.0067877555,2025
34.381195,0.4033692,0.01562163,0.022289796,2025
34.097504,0.31291252,0.029421728,0.014155241,2025
35.286957,0.26867357,0.06808463,0.047386106,2025
31.739044,0.47240433,-0.011417366,-0.059100743,2025
35.963715,0.26866677,0.012160028,0.0653122,2025
36.032074,0.28791687,0.056445375,0.067085475,2025
34.056488,0.44180804,-0.0014152573,0.012967948,2025
35.71762,0.22500466,0.12682396,0.05887222,2025
31.657013,0.30430493,-0.017794825,-0.06184514,2025
37.296783,0.32594383,0.0660964,0.09871999,2025
36.161957,0.30227676,-0.002148145,0.07043622,2025
35.187836,0.2813176,0.039848763,0.044702675,2025
33.123352,0.26774058,0.07006521,-0.01483827,2025
37.091675,0.31863105,0.061449803,0.09373612,2025
37.255768,0.4542262,-0.012914779,0.09772775,2025
35.80307,0.42126328,-0.042432357,0.061118357,2025
26.868378,0.6187528,-0.27022377,-0.25109324,2025
36.00473,0.35502678,-0.018147092,0.06637697,2025
36.216675,0.19106749,0.05990239,0.07184065,2025
35.597992,0.29616153,0.033748936,0.05570951,2025
32.0159,0.454042,0.018431857,-0.049942236,2025
31.51004,0.44023368,0.04381408,-0.06679791,2025
34.333344,0.28291342,0.051762316,0.020927127,2025
28.081787,0.5493629,-0.14944135,-0.19703369,2025
34.511078,0.43205968,-0.092383675,0.025969418,2025
34.798187,0.40655017,0.08309049,0.03400585,2025
33.930023,0.34334326,0.052299786,0.009289057,2025
33.560883,0.25868776,0.15171319,-0.0016079049,2025
28.389404,0.54800206,-0.17727782,-0.18406308,2025
32.42267,0.45930386,-0.030652465,-0.036769856,2025
27.052948,0.64564437,-0.21783367,-0.24255757,2025
27.914276,0.6096152,-0.21010089,-0.20421697,2025
35.95688,0.48144266,-0.07234002,0.0651345,2025
33.71811,0.43563086,-0.051002774,0.0030625637,2025
35.929535,0.28366056,0.048351392,0.06442303,2025
35.980804,0.20869482,0.06465898,0.06575615,2025
36.654175,0.22894695,0.039227095,0.082919054,2025
37.44034,0.26262295,0.012412033,0.102175705,2025
34.586273,0.28453863,0.07692977,0.028087094,2025
34.798187,0.40648267,0.0015301739,0.03400585,2025
32.70636,0.28864422,0.06247536,-0.027777025,2025
34.904144,0.3395706,-0.0015852854,0.03693828,2025
37.75821,0.3245696,0.105313554,0.109734125,2025
36.062836,0.25107664,0.027400209,0.06788125,2025
33.653168,0.38949403,0.032447677,0.0011387472,2025
29.739532,0.36881325,0.0005531538,-0.13030846,2025
35.881683,0.29147443,0.0026127093,0.06317536,2025
34.647797,0.30475196,-0.032317135,0.029812902,2025
33.12677,0.3490999,0.00819017,-0.01473356,2025
29.77713,0.51057833,-0.045669723,-0.12888129,2025
35.80307,0.33851656,-0.020419072,0.061118357,2025
36.363647,0.2390071,0.048420332,0.07559203,2025
36.968628,0.40165478,0.00931761,0.09071969,2025
31.281036,0.23946497,0.111169875,-0.07460779,2025
36.02182,0.3827798,-0.08513114,0.06681991,2025
31.110138,0.4807373,-0.10499242,-0.08051097,2025
36.404663,0.26134992,0.104063466,0.07663353,2025
37.40274,0.33408195,0.04837331,0.1012732,2025
33.557465,0.40387377,0.009016458,-0.0017099229,2025
32.415833,0.44846243,0.0309511,-0.036988493,2025
35.898773,0.36101162,-0.04420976,0.063621335,2025
33.58481,0.53649,-0.08038347,-0.00089436054,2025
36.466187,0.3797624,0.08011855,0.07819138,2025
34.801605,0.3338848,0.0048853415,0.034100726,2025
32.296204,0.3513006,0.060708623,-0.040829618,2025
34.887054,0.42290324,0.02815172,0.036466513,2025
34.82895,0.24180883,0.106488965,0.03485904,2025
32.70294,0.43678695,0.0068645226,-0.027884444,2025
35.07846,0.37411505,-0.05294835,0.04172405,2025
36.25769,0.48970944,-0.17904274,0.07289061,2025
35.594574,0.3953364,0.027372573,0.055618834,2025
36.45935,0.26640055,0.045676906,0.07801854,2025
34.77768,0.29148757,0.021589376,0.03343622,2025
33.912933,0.27359527,0.091732256,0.008789805,2025
35.389496,0.31526467,-0.042105895,0.050146252,2025
35.06479,0.26044968,0.11410688,0.041350413,2025
34.38803,0.3163815,-0.033702046,0.022484152,2025
34.466644,0.34313825,-0.044187855,0.024713721,2025
33.943695,0.30982852,0.0036607978,0.009688096,2025
32.053497,0.29085073,0.050400563,-0.04871069,2025
31.592072,0.47734165,-0.058935765,-0.06402789,2025
36.15854,0.2213009,0.0697614,0.07034835,2025
34.37436,0.41153657,-0.07297188,0.02209536,2025
33.270355,0.46558678,-0.013367377,-0.010354265,2025
31.670685,0.48942515,-0.11016327,-0.061386753,2025
30.549591,0.5813681,-0.15246482,-0.100337,2025
33.116516,0.29978213,0.056815807,-0.015047753,2025
33.687347,0.3390937,-0.0012690602,0.0021522068,2025
33.31479,0.422949,0.012717684,-0.009006704,2025
31.472443,0.5380874,-0.16977775,-0.068072334,2025
36.144867,0.2346359,0.124021,0.06999671,2025
34.603363,0.3479479,0.002098618,0.0285671,2025
31.219513,0.46419352,-0.064967975,-0.07672549,2025
29.585724,0.57763326,-0.20599528,-0.13618465,2025
35.29721,0.2576607,0.052413292,0.047662843,2025
32.142365,0.27279168,0.094393425,-0.045811214,2025
34.8768,0.30638322,0.0036250837,0.03618323,2025
34.0018,0.34990862,-0.055573404,0.011380434,2025
33.68393,0.3239862,0.058859166,0.0020509535,2025
35.29721,0.2742865,0.1253636,0.047662843,2025
32.696106,0.3132931,0.060633346,-0.02809935,2025
36.69861,0.27598888,0.057824433,0.08402943,2025
35.967133,0.30906194,0.024228172,0.065401025,2025
28.727783,0.5285282,-0.15647528,-0.17011623,2025
35.98764,0.4353397,0.0668488,0.065933615,2025
33.588226,0.3999311,0.06975237,-0.0007925086,2025
35.984222,0.25545824,0.10705811,0.065844886,2025
33.39682,0.34862036,0.049008153,-0.0065283226,2025
36.08676,0.35435462,0.022386761,0.06849925,2025
32.491028,0.33093992,0.041809663,-0.034588546,2025
32.20392,0.35652012,0.03610703,-0.04381227,2025
34.046234,0.45515293,-0.093622245,0.012670677,2025
34.44272,0.3478393,0.02346036,0.024036234,2025
31.472443,0.3878491,-0.013362985,-0.068072334,2025
33.721527,0.3705672,-0.009220715,0.003163612,2025
29.27127,0.58597904,-0.24106713,-0.14839037,2025
31.007599,0.4710672,-0.03287635,-0.08408411,2025
32.381653,0.49903184,-0.040028535,-0.03808306,2025
35.157074,0.34527963,0.07033659,0.04386681,2025
34.82553,0.3321404,0.017131472,0.034764316,2025
34.295746,0.42682606,0.024015278,0.019853791,2025
32.296204,0.2796148,0.024174731,-0.040829618,2025
34.82553,0.36785686,0.017083477,0.034764316,2025
33.909515,0.18956299,0.061894253,0.008689894,2025
33.577972,0.47248954,-0.12193176,-0.0010981265,2025
34.647797,0.5086166,-0.096405864,0.029812902,2025
38.048737,0.26041782,0.051104,0.11653189,2025
35.26645,0.39649713,0.04079437,0.04683215,2025
31.74588,0.34154215,-0.0034522836,-0.058872685,2025
33.417328,0.25189996,0.035840698,-0.005910628,2025
38.072662,0.3399079,0.16498804,0.11708709,2025
32.880676,0.36432093,-0.033637933,-0.022328282,2025
29.148224,0.5600535,-0.21017046,-0.1532382,2025
30.46756,0.44971544,-0.07153366,-0.10329956,2025
31.838165,0.31813237,0.062823854,-0.055803467,2025
37.72061,0.2759803,0.03770935,0.10884676,2025
32.497864,0.36255553,0.05545691,-0.03437092,2025
33.625824,0.2957905,0.022912286,0.00032649605,2025
35.90561,0.33981135,0.05324999,0.06379961,2025
33.05841,0.36075565,0.019560458,-0.016831864,2025
33.0755,0.37595117,0.1044409,-0.016306475,2025
34.480316,0.40393916,0.020124272,0.025100434,2025
33.256683,0.43035778,-0.039190363,-0.010769622,2025
35.51596,0.23481946,0.013612016,0.05352848,2025
33.33188,0.28598037,0.03515916,-0.0084893685,2025
32.764465,0.30986792,0.01236329,-0.025954336,2025
37.46768,0.3830104,0.055333227,0.10283093,2025
25.439667,0.65192485,-0.26253605,-0.32135558,2025
36.807983,0.39008662,0.00861119,0.08675124,2025
29.59256,0.5455117,-0.15370065,-0.1359222,2025
32.53888,0.41506407,0.06830523,-0.033067085,2025
34.076996,0.3655154,-0.013618131,0.013561952,2025
33.082336,0.375148,-0.0090390965,-0.01609647,2025
28.252686,0.5614426,-0.15331034,-0.18979292,2025
32.40216,0.4321743,-0.08495319,-0.037426043,2025
32.159485,0.50508434,-0.07275291,-0.04525447,2025
33.321625,0.45635295,-0.007820305,-0.008799707,2025
34.511078,0.30808866,0.06982585,0.025969418,2025
32.2005,0.5342305,-0.09764992,-0.04392307,2025
34.10092,0.3370353,-0.011012165,0.014254053,2025
34.921234,0.4070203,0.043855984,0.037409585,2025
31.7117,0.53077674,-0.12884794,-0.060013965,2025
31.633087,0.36925715,0.061453708,-0.06264827,2025
33.762543,0.44899598,0.0032077993,0.004374595,2025
37.7753,0.22276944,0.02884705,0.11013689,2025
32.374817,0.23696336,0.13052663,-0.03830225,2025
32.542297,0.55833364,-0.11450844,-0.03295858,2025
30.7034,0.5002214,-0.11699374,-0.09482486,2025
30.406036,0.51112604,-0.15284707,-0.10553197,2025
32.2381,0.44983017,-0.057321962,-0.042705595,2025
35.70053,0.20930853,0.09238381,0.0584217,2025
32.867004,0.3293052,0.040209323,-0.022753546,2025
33.704437,0.47843304,0.006269613,0.0026581658,2025
34.381195,0.3153294,-0.0015532173,0.022289796,2025
27.326385,0.6178702,-0.25072822,-0.2301241,2025
33.6976,0.31969312,0.07454196,0.0024558436,2025
31.944122,0.27812257,0.062255323,-0.05230142,2025
32.64142,0.42103326,-0.03724942,-0.02982183,2025
33.76596,0.34372008,0.008936882,0.0044753775,2025
32.48419,0.3286468,0.084376216,-0.034806266,2025
33.724945,0.2941472,0.028660204,0.0032646395,2025
33.63266,0.32772213,-0.002848496,0.0005296827,2025
32.323547,0.41880864,0.002264597,-0.03994914,2025
35.143402,0.27325207,0.033770073,0.043494847,2025
34.059906,0.43370333,-0.01703491,0.013066998,2025
31.39383,0.4464516,-0.106390685,-0.07074689,2025
28.676514,0.57312655,-0.16248173,-0.17220823,2025
35.040863,0.3384703,-0.0051687104,0.04069585,2025
35.80307,0.18947178,0.08617328,0.061118357,2025
35.505707,0.45020416,-0.0042031035,0.053255145,2025
33.46176,0.38023975,-0.013743078,-0.004574888,2025
36.69861,0.32662258,0.050497424,0.08402943,2025
32.391907,0.34241396,0.08341332,-0.037754446,2025
32.26544,0.4330265,-0.018077906,-0.04182194,2025
37.399323,0.36657554,0.14271069,0.101191066,2025
29.295197,0.5647699,-0.1958862,-0.14745246,2025
33.68393,0.40993068,0.007509057,0.0020509535,2025
30.28299,0.51297677,-0.12181147,-0.110024005,2025
35.93979,0.31184325,-0.020064803,0.064689964,2025
37.57364,0.31891766,0.10902397,0.10536093,2025
36.3739,0.24259032,0.11994364,0.07585263,2025
34.938324,0.3128271,0.046077177,0.037880428,2025
37.289948,0.2652597,0.15139975,0.09855477,2025
33.837738,0.31855842,0.048330776,0.006587106,2025
35.386078,0.22635596,0.065069936,0.050054505,2025
34.0018,0.438735,-0.029920053,0.011380434,2025
32.022736,0.37830457,-0.033224832,-0.049718104,2025
29.872833,0.51585025,-0.12219692,-0.12526472,2025
33.810394,0.3373011,-0.00895098,0.0057836953,2025
33.424164,0.35453165,0.044995386,-0.0057048984,2025
35.21518,0.3397941,-0.0049502514,0.04544444,2025
37.628326,0.26763785,0.1289789,0.10666116,2025
36.859253,0.27231833,0.06880874,0.088021524,2025
32.248352,0.29981118,0.07621295,-0.04237405,2025
34.750336,0.25910437,0.03685727,0.03267567,2025
35.662933,0.2353872,0.008304039,0.05742904,2025
32.279114,0.43374032,0.0049367943,-0.041380674,2025
27.404999,0.63381153,-0.2668603,-0.22659539,2025
37.35147,0.2633445,0.05901902,0.10003959,2025
37.37198,0.25749516,0.068557285,0.10053344,2025
32.450012,0.25286832,0.041538715,-0.03589623,2025
37.04724,0.20982474,0.10075119,0.09264916,2025
36.52771,0.23185849,0.07545944,0.079743974,2025
35.693695,0.18251717,0.16495083,0.05824137,2025
35.556976,0.23215069,0.055645075,0.054620255,2025
35.659515,0.23811887,0.048820853,0.057338696,2025
27.613495,0.5840349,-0.1948953,-0.21733397,2025
31.520294,0.5055166,-0.076872066,-0.06645087,2025
32.398743,0.33083677,0.08991426,-0.03753549,2025
31.91336,0.5101116,-0.043223757,-0.053315748,2025
33.489105,0.41165075,-0.053819153,-0.0037546554,2025
33.779633,0.50733006,-0.13167828,0.0048783035,2025
32.77472,0.33698404,0.0008087073,-0.025633356,2025
38.01114,0.32946777,0.009474835,0.11565804,2025
31.646759,0.46555442,-0.048970696,-0.062189188,2025
35.762054,0.27796343,0.050624356,0.06004155,2025
36.7157,0.31135923,0.09478346,0.08445578,2025
31.954376,0.4939673,-0.06050872,-0.051963747,2025
35.24594,0.24502042,0.0694797,0.046277553,2025
31.506622,0.41236532,0.007014994,-0.06691364,2025
35.191254,0.20834151,0.14570473,0.04479546,2025
33.24301,0.27759528,0.09941998,-0.011185322,2025
37.06433,0.21614327,0.060806647,0.093067534,2025
36.466187,0.28084475,0.037669547,0.07819138,2025
30.204376,0.5397199,-0.15626726,-0.11291308,2025
32.58673,0.45156884,0.0154973045,-0.03155009,2025
33.837738,0.30043957,0.08253686,0.006587106,2025
32.02957,0.4210923,-0.004691149,-0.049494065,2025
31.923615,0.31503558,0.03708138,-0.05297742,2025
36.315796,0.25355777,0.030184941,0.07437399,2025
33.188324,0.26485613,0.043997616,-0.0128515465,2025
35.136566,0.40945983,0.052182134,0.043308754,2025
37.90518,0.29635596,0.054129373,0.11318602,2025
30.970001,0.54836065,-0.13801375,-0.085400194,2025
34.059906,0.26661688,0.056427,0.013066998,2025
36.753296,0.4093443,-0.055937417,0.085392356,2025
37.99405,0.19295049,0.17696126,0.11526026,2025
29.595978,0.5490461,-0.17456566,-0.135791,2025
30.734161,0.5603961,-0.1806653,-0.09372906,2025
32.80548,0.37023008,0.06167001,-0.024671618,2025
29.496857,0.6117111,-0.21381891,-0.13960771,2025
35.55014,0.3880118,0.012957893,0.054438464,2025
34.1727,0.32194665,0.0011132117,0.016324542,2025
31.66043,0.46672645,-0.013141492,-0.061730504,2025
30.488068,0.57430625,-0.16615213,-0.10255742,2025
29.302032,0.57131344,-0.22448419,-0.14718476,2025
35.748383,0.28225175,0.04179499,0.059682064,2025
25.200409,0.6113865,-0.2575462,-0.33390078,2025
34.798187,0.27373365,0.039601207,0.03400585,2025
37.06775,0.27061948,0.045082558,0.09315116,2025
33.472015,0.27378392,0.063099265,-0.0042671436,2025
34.094086,0.4082801,-0.003005543,0.014056409,2025
36.47644,0.2341792,0.055217516,0.0784505,2025
36.22351,0.26601994,0.036838986,0.07201581,2025
33.554047,0.43982345,0.039233346,-0.0018119616,2025
31.400665,0.44036326,-0.052376907,-0.07051379,2025
33.738617,0.44890684,0.030952651,0.003668546,2025
35.574066,0.21978226,0.05149517,0.055074416,2025
35.037445,0.4233567,-0.10041524,0.04060227,2025
36.500366,0.19961494,0.036650885,0.07905457,2025
35.591156,0.4851392,-0.12167184,0.05552814,2025
32.638,0.45767444,-0.11151566,-0.029929677,2025
30.429962,0.44618347,-0.052002817,-0.10466274,2025
32.16974,0.3537067,0.025382878,-0.0449213,2025
34.4769,0.32765543,0.09525929,0.025003783,2025
25.514862,0.6507905,-0.2896695,-0.31746137,2025
27.647675,0.61323035,-0.24767241,-0.21582903,2025
33.861664,0.5303496,-0.21398818,0.007289026,2025
34.049652,0.39431608,0.05513838,0.012769788,2025
34.900726,0.47706303,-0.04550418,0.036843963,2025
34.97592,0.37275866,-0.01863366,0.038914666,2025
32.73712,0.33211723,0.03876944,-0.026811266,2025
36.37732,0.33978537,0.07390276,0.07593946,2025
28.112549,0.5231499,-0.13929993,-0.19572386,2025
34.733246,0.27664387,0.1187852,0.032199714,2025
34.924652,0.38982624,-0.015995927,0.03750379,2025
34.500824,0.3829829,-0.04995729,0.02567993,2025
30.077911,0.528802,-0.18350394,-0.1175924,2025
36.05258,0.2195914,0.09212006,0.06761614,2025
32.665344,0.38323054,-0.05271263,-0.029067535,2025
31.923615,0.23200725,0.08540532,-0.05297742,2025
35.560394,0.38703194,-0.038054656,0.054711122,2025
33.287445,0.428677,-0.0055343295,-0.009835546,2025
36.370483,0.37829313,-0.07513912,0.07576578,2025
32.969543,0.39520746,0.03677104,-0.019572664,2025
25.128632,0.6340647,-0.26222396,-0.33771095,2025
35.085297,0.21207513,0.092056595,0.041910756,2025
32.566223,0.38799188,6.162533e-05,-0.032199685,2025
36.975464,0.19714469,0.0416682,0.0908878,2025
35.11606,0.23754142,0.17260757,0.042750046,2025
33.926605,0.30624312,0.053406004,0.009189247,2025
34.835785,0.2421593,0.06603293,0.035048433,2025
35.57065,0.23357505,0.010815439,0.054983616,2025
36.975464,0.29545832,0.056679767,0.0908878,2025
30.857208,0.48544562,-0.062203165,-0.08936768,2025
30.09842,0.55277747,-0.12824295,-0.11683092,2025
33.403656,0.33529657,0.09960803,-0.00632234,2025
29.513947,0.5916009,-0.22217803,-0.13894783,2025
36.469604,0.33970302,0.014639666,0.07827777,2025
31.369904,0.4819085,-0.04017944,-0.07156355,2025
34.487152,0.34620637,0.08028945,0.025293674,2025
26.977753,0.581778,-0.26529217,-0.24602096,2025
33.232758,0.5098379,-0.03772897,-0.011497322,2025
30.436798,0.502411,-0.07457512,-0.104414634,2025
33.44809,0.42636344,0.080135256,-0.0049855066,2025
36.254272,0.18052407,0.075809166,0.07280321,2025
36.89685,0.44428134,0.008036586,0.08895083,2025
35.891937,0.40092266,-0.065664954,0.063443,2025
36.182465,0.3324268,0.007734082,0.070963085,2025
37.464264,0.32015094,0.0062736557,0.10274908,2025
30.166779,0.5827125,-0.20162751,-0.11430013,2025
34.466644,0.26568395,0.037575047,0.024713721,2025
33.571136,0.47221655,-0.048137624,-0.0013019756,2025
30.108673,0.57222724,-0.22237779,-0.11645057,2025
35.379242,0.27077144,0.17383654,0.049870957,2025
31.701447,0.40833786,-0.054265708,-0.06035683,2025
33.96762,0.26993188,0.060121868,0.010385643,2025
35.33139,0.28509122,0.046262126,0.048584137,2025
32.798645,0.3140373,-0.0025720363,-0.024885181,2025
36.93445,0.29679742,0.08244251,0.08987823,2025
35.406586,0.25478932,0.06740583,0.050604723,2025
33.133606,0.26705644,0.076930106,-0.014524206,2025
36.042328,0.29267317,0.04273351,0.06735088,2025
31.769806,0.46464637,0.021845127,-0.05807525,2025
32.313293,0.32968867,0.030271897,-0.040279146,2025
32.853333,0.4603371,-0.011835681,-0.023179162,2025
37.508698,0.39342248,0.067476064,0.10381198,2025
35.659515,0.23134935,0.03738766,0.057338696,2025
31.995392,0.40034667,-0.045426346,-0.05061521,2025
25.425995,0.6381606,-0.24576329,-0.32206607,2025
35.085297,0.2288923,0.102104485,0.041910756,2025
32.945618,0.3927826,0.05827693,-0.020313099,2025
37.983795,0.32428142,0.08690753,0.115021415,2025
32.853333,0.427382,-0.00089195353,-0.023179162,2025
35.040863,0.22371301,0.030570714,0.04069585,2025
32.9422,0.26693913,0.04301189,-0.020418962,2025
34.176117,0.21332754,0.19059159,0.016422922,2025
31.78006,0.4967258,-0.048902903,-0.05773386,2025
33.287445,0.45615858,0.017547444,-0.009835546,2025
31.882599,0.42026663,-0.027365029,-0.054332033,2025
32.5047,0.44583717,-0.02042633,-0.034153387,2025
34.10092,0.4836515,-0.002664916,0.014254053,2025
34.429047,0.3845037,0.027098667,0.023648676,2025
35.57065,0.2726962,0.033353478,0.054983616,2025
33.21225,0.4031088,0.00044314726,-0.012121898,2025
31.168243,0.46299604,-0.021412684,-0.07849662,2025
35.830414,0.3957362,0.06756697,0.061834857,2025
39.043365,0.2719484,-0.0065504764,0.13903822,2025
33.072083,0.3233868,0.0063532004,-0.016411508,2025
35.150238,0.21027471,0.09138438,0.043680865,2025
31.29129,0.3962413,-0.06947601,-0.074255645,2025
32.743958,0.42265493,-0.026190896,-0.0265969,2025
33.017395,0.30676606,0.06823034,-0.018095015,2025
33.806976,0.41204044,-0.052492145,0.005683177,2025
32.21759,0.3588458,0.0043026255,-0.04336932,2025
31.499786,0.4639944,-0.10199476,-0.06714518,2025
34.20688,0.34787852,0.07298722,0.017307436,2025
32.99347,0.41838107,-0.0069586164,-0.018833304,2025
34.57602,0.3612923,0.03064562,0.027798863,2025
35.338226,0.3282397,-0.00024156793,0.04876818,2025
32.21759,0.4048226,-0.025224473,-0.04336932,2025
35.594574,0.2275462,0.056309294,0.055618834,2025
34.446136,0.3466723,-0.016373353,0.024133075,2025
29.712189,0.47662628,-0.073955275,-0.13134867,2025
34.70932,0.26435724,0.0780358,0.03153259,2025
29.045654,0.59878695,-0.21411283,-0.15731066,2025
34.562347,0.21845835,0.085546106,0.027414288,2025
34.62387,0.3469119,0.014541553,0.029142484,2025
34.835785,0.33117026,-0.035501525,0.035048433,2025
31.482697,0.5370104,-0.18422826,-0.06772447,2025
32.665344,0.48277587,-0.0115742665,-0.029067535,2025
36.418335,0.23831946,0.064175434,0.07698017,2025
35.310883,0.35024342,0.011105811,0.048031576,2025
33.878754,0.37543654,0.09548866,0.00778979,2025
33.7352,0.2864499,0.028681649,0.0035676002,2025
36.421753,0.38205382,0.072218835,0.077066794,2025
36.346558,0.27131703,0.10017565,0.07515739,2025
34.702484,0.40364528,0.0026621243,0.031341817,2025
33.325043,0.345831,0.0459397,-0.008696239,2025
35.799652,0.28249523,0.04356398,0.061028715,2025
35.68344,0.21536618,0.10014372,0.05797075,2025
34.86313,0.30189812,-0.048812397,0.03580526,2025
39.631256,0.34748223,0.11052285,0.15180974,2025
31.014435,0.5291759,-0.15219462,-0.08384517,2025
36.12094,0.3232246,-0.021850286,0.06938069,2025
34.13852,0.22544485,0.09708279,0.015339682,2025
35.659515,0.2547707,0.079251975,0.057338696,2025
29.038818,0.524967,-0.13619556,-0.1575831,2025
34.805023,0.21258613,0.07357176,0.03419558,2025
34.234222,0.385337,-0.046310436,0.018092338,2025
32.863586,0.43997106,-0.10196618,-0.022859916,2025
33.167816,0.49204785,-0.019262092,-0.013477798,2025
34.210297,0.4347736,-0.07659639,0.017405618,2025
34.82553,0.22519925,0.079395,0.034764316,2025
35.676605,0.4369722,-0.10185182,0.05779025,2025
35.697113,0.27310675,0.09230131,0.058331545,2025
32.477356,0.4782529,-0.00546289,-0.035024073,2025
34.52133,0.24301861,0.09152722,0.026258735,2025
31.554474,0.47392088,-0.019669265,-0.065295696,2025
31.821075,0.35506982,0.05644251,-0.056370497,2025
34.411957,0.22032213,0.1310363,0.023163795,2025
33.02765,0.4584847,-0.045392215,-0.017778933,2025
27.428925,0.60368025,-0.23129481,-0.22552545,2025
36.387573,0.20873478,0.056552324,0.07619986,2025
35.269867,0.30167168,0.005632812,0.046924524,2025
35.50229,0.3150915,-0.009498155,0.053163998,2025
30.829865,0.44794205,-0.05135558,-0.090333864,2025
32.596985,0.33759347,0.029089175,-0.0312256,2025
34.295746,0.22289263,0.091380835,0.019853791,2025
27.668182,0.5872315,-0.22612357,-0.21492785,2025
34.517914,0.27137482,0.0032786108,0.026162315,2025
30.341095,0.43286633,-0.057927545,-0.10789823,2025
32.95929,0.4381989,-0.026367713,-0.019889861,2025
33.591644,0.42150986,0.05321189,-0.0006906774,2025
29.70877,0.5710802,-0.137082,-0.13147883,2025
33.46518,0.426379,-0.026356699,-0.0044722855,2025
29.640411,0.50719553,-0.05413524,-0.13408835,2025
34.49057,0.37031662,0.00147875,0.025390267,2025
34.79477,0.1979231,0.09728152,0.03391096,2025
33.47885,0.3621174,0.08701091,-0.0040620854,2025
35.765472,0.2770968,0.053980496,0.06013138,2025
33.116516,0.41543797,0.03549146,-0.015047753,2025
32.863586,0.45112604,-0.006185405,-0.022859916,2025
32.7713,0.4479654,-0.08654372,-0.025740327,2025
35.7894,0.18777643,0.06935632,0.060759693,2025
34.059906,0.40086216,0.03346222,0.013066998,2025
31.756134,0.4014981,-0.043019682,-0.058530778,2025
32.508118,0.4109656,-0.02713454,-0.034044653,2025
34.890472,0.43655112,0.016895132,0.0365609,2025
35.023773,0.36452445,0.055584252,0.04022776,2025
28.341553,0.58384037,-0.20322576,-0.18606223,2025
32.904602,0.27287036,0.059283547,-0.02158492,2025
34.852875,0.26997024,0.039520405,0.03552159,2025
34.6102,0.28780395,0.028849721,0.028758971,2025
35.139984,0.29061878,0.050465837,0.043401808,2025
34.815277,0.26355004,0.077951126,0.03448003,2025
33.707855,0.34544072,0.036104254,0.002759296,2025
32.761047,0.41591743,0.044474915,-0.026061375,2025
34.07016,0.28524485,0.04466538,0.01336403,2025
36.585815,0.34884098,0.12032326,0.08120552,2025
32.559387,0.46065015,-0.018162755,-0.0324164,2025
30.624786,0.5728336,-0.10196207,-0.097635254,2025
29.801056,0.55058855,-0.1342513,-0.12797497,2025
28.102295,0.5735435,-0.16629669,-0.19616015,2025
33.1644,0.46328905,-0.05137151,-0.013582248,2025
34.032562,0.43344438,-0.00971081,0.012274039,2025
36.32605,0.24314824,0.055062257,0.07463527,2025
34.86313,0.37371105,-0.0032732212,0.03580526,2025
34.702484,0.44944263,0.05327435,0.031341817,2025
37.378815,0.2995785,0.13482572,0.100697935,2025
32.75421,0.38637683,0.038996387,-0.026275517,2025
31.626251,0.3851093,0.022356212,-0.06287795,2025
34.85971,0.24620499,0.024266755,0.035710722,2025
33.082336,0.41141886,0.03982109,-0.01609647,2025
37.812897,0.3669174,0.013236928,0.11102168,2025
31.496368,0.45143288,0.00035128742,-0.06726099,2025
35.07846,0.42040047,-0.019807022,0.04172405,2025
35.126312,0.3849447,0.014628634,0.04302948,2025
32.14923,0.49822924,-0.052978728,-0.04558785,2025
36.15854,0.35361686,-0.05606036,0.07034835,2025
32.313293,0.43959394,-0.018220263,-0.040279146,2025
32.84308,0.42965302,-0.08315607,-0.02349861,2025
29.397736,0.54354167,-0.14334385,-0.14345016,2025
34.552094,0.34185112,-0.07351352,0.027125657,2025
34.493988,0.44400954,-0.026030874,0.02548684,2025
28.331299,0.5944973,-0.20892,-0.1864915,2025
32.949036,0.30228937,0.02747818,-0.020207256,2025
34.008636,0.42583126,0.0064506023,0.011579153,2025
36.213226,0.2155406,0.07242296,0.071752265,2025
37.529205,0.37794694,-0.04326959,0.104301706,2025
32.11844,0.3389719,0.014321975,-0.046590265,2025
34.16928,0.46706343,-0.039142776,0.016226146,2025
28.478271,0.74241513,-0.24164316,-0.18036817,2025
32.634583,0.36776876,0.007052467,-0.030037545,2025
31.680939,0.5040543,-0.15692808,-0.06104322,2025
33.830902,0.40795496,0.009754886,0.006386375,2025
34.449554,0.30246735,0.054531217,0.024229897,2025
32.867004,0.30905274,0.022342779,-0.022753546,2025
36.250854,0.18706118,0.038831096,0.07271578,2025
37.28653,0.18820916,0.080518916,0.09847214,2025
36.517456,0.18386196,0.10677679,0.07948557,2025
35.36557,0.22202711,-0.005582619,0.04950365,2025
33.07892,0.34433138,-0.0048017977,-0.01620146,2025
30.43338,0.51761645,-0.11900238,-0.10453867,2025
34.377777,0.49501252,0.004201034,0.022192588,2025
33.53354,0.4097706,-0.028898492,-0.002424631,2025
32.08426,0.44686854,-0.023722613,-0.047705207,2025
32.914856,0.49620786,-0.0126995025,-0.021266669,2025
36.435425,0.17219749,0.08571076,0.07741311,2025
32.661926,0.4490506,0.003422609,-0.029175224,2025
34.08383,0.3942612,-0.024116974,0.013759795,2025
33.051575,0.4580856,-0.08015475,-0.017042171,2025
33.22592,0.47294813,-0.04918713,-0.011705428,2025
35.474945,0.32376105,0.0511209,0.052434184,2025
29.233673,0.5316503,-0.08798124,-0.14986731,2025
36.500366,0.4781713,0.010573139,0.07905457,2025
28.98413,0.5250589,-0.21331102,-0.15976724,2025
35.775726,0.21697216,0.06793612,0.060400758,2025
31.892853,0.28034315,0.036810458,-0.053993054,2025
32.2005,0.38745287,0.045235347,-0.04392307,2025
32.446594,0.33525774,0.111537956,-0.03600535,2025
33.458344,0.29052714,0.05140133,-0.004677511,2025
34.316254,0.4152829,0.049378797,0.02043954,2025
31.5784,0.5104216,-0.06750693,-0.06448856,2025
33.68051,0.4294679,-0.018703885,0.0019496793,2025
31.954376,0.4480871,-0.062332008,-0.051963747,2025
33.91977,0.51707923,-0.027225092,0.008989566,2025
28.943115,0.59662586,-0.17368928,-0.16141075,2025
34.890472,0.26789987,0.0462378,0.0365609,2025
33.68393,0.34804532,-0.014145774,0.0020509535,2025
35.43051,0.48560095,0.030370412,0.051245835,2025
33.830902,0.30165556,0.080113195,0.006386375,2025
32.04666,0.37032118,0.017200397,-0.048934393,2025
34.44272,0.27752388,0.053500567,0.024036234,2025
33.42758,0.37493733,-0.01158114,-0.005602065,2025
34.37436,0.44566816,-0.08416847,0.02209536,2025
32.408997,0.5108044,-0.045897454,-0.03720722,2025
35.656097,0.26800665,0.003495808,0.05724833,2025
36.17563,0.20623645,0.14550579,0.07078753,2025
34.64438,0.48418435,-0.13453063,0.029717185,2025
35.122894,0.25508332,0.050065674,0.042936355,2025
33.181488,0.4899256,0.013129361,-0.013060211,2025
32.68927,0.44897953,-0.08094646,-0.028314345,2025
24.967957,0.66048515,-0.24654177,-0.34631944,2025
35.714203,0.28833547,0.09396066,0.05878215,2025
32.532043,0.34280095,-0.025458928,-0.03328416,2025
34.401703,0.3033145,0.13460535,0.022872636,2025
35.85092,0.38002974,-0.012340735,0.06237152,2025
34.008636,0.43234172,0.013553666,0.011579153,2025
29.336212,0.57148254,-0.24778025,-0.14584818,2025
32.347473,0.42751545,-0.057888348,-0.039179944,2025
36.093597,0.3860862,0.024389468,0.068675674,2025
31.968048,0.4842915,-0.021121632,-0.051513847,2025
34.145355,0.3865472,-0.04894927,0.015536811,2025
29.20633,0.5645607,-0.20685558,-0.15094386,2025
33.355804,0.36168623,0.0412516,-0.0077659898,2025
32.408997,0.41320506,0.035607833,-0.03720722,2025
27.039276,0.6000066,-0.23499945,-0.24318585,2025
36.134613,0.46859252,-0.053427402,0.0697328,2025
34.37094,0.37610292,0.0015946601,0.021998115,2025
35.102386,0.30062234,-0.01211277,0.04237721,2025
34.329926,0.23304673,0.02966658,0.020829648,2025
36.555054,0.33957908,0.047454312,0.08043234,2025
36.6781,0.29809934,0.03327468,0.08351728,2025
33.1644,0.42749977,-0.0171934,-0.013582248,2025
33.372894,0.40631112,-0.0011424968,-0.0072499253,2025
35.895355,0.35774943,-0.037106294,0.06353217,2025
32.087677,0.38678467,0.014434425,-0.047593605,2025
31.386993,0.47845924,-0.03771605,-0.070980094,2025
34.654633,0.35011974,0.06613399,0.03000428,2025
33.065247,0.29420295,0.031349074,-0.016621642,2025
36.722534,0.32663918,0.08345944,0.08462621,2025
33.81723,0.34068018,0.021624357,0.0059846696,2025
30.508575,0.4960714,-0.049956355,-0.10181629,2025
32.812317,0.43053424,-0.026623935,-0.024458144,2025
39.258698,0.26838514,0.14711978,0.14376056,2025
36.64392,0.33423337,0.10820717,0.08266243,2025
36.15854,0.21388224,0.054327834,0.07034835,2025
33.10968,0.52094316,-0.076469466,-0.015257323,2025
34.852875,0.30215123,0.09408166,0.03552159,2025
35.12973,0.26194042,0.15325047,0.04312259,2025
35.68686,0.22566043,0.1386899,0.058060974,2025
31.079376,0.4401203,-0.05376593,-0.08158044,2025
32.634583,0.51426446,-0.14024854,-0.030037545,2025
34.292328,0.48622203,-0.057490926,0.0197561,2025
30.85379,0.4956054,-0.048973467,-0.08948836,2025
35.58432,0.27934837,0.024136487,0.0553467,2025
35.509125,0.19323973,0.13805611,0.053346273,2025
34.86313,0.25855142,0.09573281,0.03580526,2025
33.09601,0.48389497,-0.014482797,-0.015676724,2025
34.25473,0.30228218,-0.0021071774,0.018680193,2025
32.50128,0.52601737,-0.08808604,-0.034262143,2025
36.40808,0.17671773,0.4423795,0.076720215,2025
32.35089,0.2619085,0.079038866,-0.039070148,2025
32.92511,0.50786835,-0.05428767,-0.020948613,2025
29.5242,0.55594796,-0.15830466,-0.13855226,2025
32.026154,0.479093,-0.008844925,-0.049606074,2025
33.61557,0.31606424,0.07325553,2.1561213e-05,2025
28.020233,0.6112959,-0.24339455,-0.1996633,2025
32.82257,0.48208752,-0.021250509,-0.024138099,2025
36.49695,0.34401712,0.12869023,0.07896833,2025
32.89435,0.5558693,-0.14340474,-0.021903371,2025
29.84549,0.54573154,-0.15140767,-0.12629566,2025
34.418793,0.25752336,0.030090634,0.023357805,2025
34.866547,0.3195264,-0.01738703,0.03589978,2025
32.62091,0.4835193,0.033379253,-0.030469248,2025
33.625824,0.3847087,0.02263736,0.00032649605,2025
35.574066,0.30601263,0.031692263,0.055074416,2025
35.184418,0.23616144,0.062621534,0.044609874,2025
35.963715,0.21744227,0.081492305,0.0653122,2025
34.299164,0.43097535,-0.04846314,0.019951465,2025
36.91394,0.3087448,0.1692642,0.089372605,2025
32.95929,0.33429912,0.03492999,-0.019889861,2025
31.98172,0.3505937,-0.018212441,-0.051064335,2025
32.99005,0.37986028,0.058079142,-0.018938862,2025
35.967133,0.3023373,0.16076778,0.065401025,2025
34.22055,0.44553733,-0.055678796,0.017700044,2025
35.256195,0.24610683,0.060539782,0.046554934,2025
28.895264,0.44007453,-0.07883435,-0.16333409,2025
33.98813,0.37318924,0.058527097,0.010982757,2025
36.432007,0.2785349,0.046691623,0.07732655,2025
32.92511,0.35038152,0.019552963,-0.020948613,2025
36.32263,0.27689883,0.0035004676,0.07454819,2025
34.671722,0.39346272,0.054762512,0.030482395,2025
32.258606,0.45654267,-0.02351414,-0.042042714,2025
34.1727,0.44358188,-0.10137769,0.016324542,2025
35.967133,0.43292743,0.032116618,0.065401025,2025
34.712738,0.26969966,0.103751786,0.03162795,2025
31.824493,0.41124967,0.036487807,-0.056257043,2025
35.102386,0.4119284,-0.005540989,0.04237721,2025
33.923187,0.19767906,0.086111136,0.009089417,2025
36.59607,0.30603147,0.08042656,0.08146296,2025
35.929535,0.24787901,0.07858648,0.06442303,2025
34.579437,0.31433836,0.08392405,0.027894959,2025
33.98813,0.24315003,0.11481972,0.010982757,2025
35.338226,0.27248698,0.044536535,0.04876818,2025
34.18979,0.21925417,0.112730466,0.016816236,2025
26.659882,0.6260226,-0.22640996,-0.26087752,2025
34.62387,0.22194454,0.05405771,0.029142484,2025
33.325043,0.46583688,-0.1448533,-0.008696239,2025
35.809906,0.23162319,0.064505845,0.061297584,2025
31.516876,0.38543773,0.0057855714,-0.06656653,2025
32.145813,0.27897975,0.06934949,-0.045699023,2025
35.676605,0.37257057,-0.002208344,0.05779025,2025
34.787933,0.3107377,0.15028305,0.03372112,2025
35.950043,0.31527576,0.040952355,0.06495674,2025
33.506195,0.37011304,-0.052972056,-0.00324269,2025
37.99405,0.2994152,0.14501038,0.11526026,2025
31.407501,0.5187469,-0.06615107,-0.07028079,2025
34.07016,0.33521205,0.012733519,0.01336403,2025
32.47052,0.36460254,0.037532933,-0.035241976,2025
34.30258,0.4170424,0.057576858,0.020049118,2025
30.532501,0.5247107,-0.11868553,-0.100952886,2025
34.982758,0.19891383,0.089639716,0.039102472,2025
33.608734,0.4662326,0.015460674,-0.00018183205,2025
34.40512,0.21257187,0.2050453,0.022969708,2025
35.372406,0.18700407,0.06599014,0.04968734,2025
34.79477,0.27218726,0.06530489,0.03391096,2025
34.55893,0.268614,0.07658775,0.027318096,2025
37.92569,0.35763696,0.016376331,0.11366555,2025
35.492035,0.43245593,-0.015332961,0.05289045,2025
34.917816,0.44551373,-0.023061283,0.03731536,2025
31.445099,0.4383318,-0.0224191,-0.0690011,2025
34.213715,0.28239653,0.008739435,0.01750378,2025
32.36798,0.41150618,-0.07610079,-0.038521536,2025
26.61203,0.6312066,-0.24251792,-0.26314473,2025
36.79773,0.47548258,-0.011679617,0.086496755,2025
31.845001,0.35523126,0.030192483,-0.055576824,2025
35.444183,0.1711762,0.09427215,0.0516118,2025
32.55597,0.47644004,-0.036383457,-0.03252479,2025
33.19516,0.30095065,0.116256036,-0.012642968,2025
34.88022,0.32704502,0.03622801,0.036277674,2025
31.585236,0.45227575,-0.03292888,-0.06425818,2025
32.33722,0.399798,0.031660642,-0.03950946,2025
32.231262,0.48972052,-0.059295546,-0.04292674,2025
32.692688,0.41863832,0.014302273,-0.028206836,2025
42.003387,0.3055192,0.0807836,0.19971108,2025
33.393402,0.3462337,0.07243901,-0.006631345,2025
33.660004,0.43382487,0.027375022,0.0013416037,2025
34.904144,0.32650474,0.032992076,0.03693828,2025
34.818695,0.28086278,0.026104853,0.03457481,2025
34.046234,0.295443,0.06917115,0.012670677,2025
37.35147,0.3607936,0.0742327,0.10003959,2025
33.974457,0.32904574,-0.0030715778,0.010584761,2025
33.089172,0.32568818,0.05607945,-0.015886554,2025
34.75717,0.28976938,0.030444777,0.03286592,2025
30.717072,0.5245332,-0.066793986,-0.09433757,2025
33.29428,0.27965054,0.048149683,-0.009628208,2025
31.663849,0.51101714,-0.07285023,-0.061615895,2025
34.815277,0.39226,0.057276968,0.03448003,2025
35.563812,0.3033902,0.021919621,0.05480197,2025
34.951996,0.50330436,-0.10626035,0.03825677,2025
32.11844,0.5443269,-0.10989827,-0.046590265,2025
34.114594,0.2409619,0.06232295,0.014649104,2025
35.157074,0.3056444,0.10971697,0.04386681,2025
35.95688,0.1950657,0.10610282,0.0651345,2025
34.029144,0.42601854,-0.004745702,0.012174829,2025
33.591644,0.30098835,0.037280027,-0.0006906774,2025
27.777557,0.5978486,-0.23518938,-0.21014403,2025
32.214172,0.319096,-0.017889244,-0.04348002,2025
31.472443,0.43784717,-0.034023736,-0.068072334,2025
31.769806,0.4569765,0.00067874865,-0.05807525,2025
31.957794,0.3272255,0.021595865,-0.051851235,2025
25.238007,0.67208546,-0.24797398,-0.33191365,2025
32.02957,0.581171,-0.15139048,-0.049494065,2025
33.15753,0.40644318,-0.03261481,-0.013792147,2025
34.415375,0.37339237,-0.02836499,0.02326081,2025
28.830322,0.56906796,-0.22334911,-0.16595455,2025
33.526703,0.33231586,-0.039062094,-0.0026290207,2025
34.42563,0.35124066,0.03584033,0.023551738,2025
31.486115,0.49248308,-0.13981988,-0.06760856,2025
36.79431,0.34918898,0.017732015,0.08641189,2025
29.291779,0.52579576,-0.079455584,-0.14758635,2025
34.47348,0.36052737,0.047847044,0.024907116,2025
35.26303,0.29687455,0.02600412,0.046739765,2025
31.075958,0.42415932,-0.0090473555,-0.08169939,2025
31.72879,0.46544883,-0.090989955,-0.059443016,2025
36.438843,0.38885874,-0.007717008,0.07749965,2025
35.19467,0.20906559,0.10851215,0.044888224,2025
33.32846,0.23326036,0.17520568,-0.008592794,2025
32.668762,0.4199958,-0.008195985,-0.028959868,2025
37.21814,0.21837506,0.12033691,0.09681554,2025
35.075043,0.21512434,0.09952378,0.041630667,2025
30.645294,0.5013695,-0.0796764,-0.096900724,2025
37.662506,0.3069506,0.020427728,0.10747189,2025
31.404083,0.44628292,-0.07370662,-0.07039728,2025
31.974884,0.5144576,-0.06776009,-0.051289044,2025
35.943207,0.35292357,-0.02640053,0.0647789,2025
35.830414,0.30513558,0.118496306,0.061834857,2025
35.307465,0.25891593,0.047641706,0.04793942,2025
30.88797,0.4355116,-0.0022519522,-0.088282764,2025
33.02423,0.49582288,-0.08246943,-0.017884271,2025
33.960785,0.45804185,0.0011833977,0.010186444,2025
35.98764,0.3271276,-0.01078088,0.065933615,2025
34.08383,0.40979132,0.0113697825,0.013759795,2025
34.24106,0.37560052,0.032288484,0.018288368,2025
33.772797,0.43153796,-0.0009828921,0.0046768812,2025
35.375824,0.21351375,0.10411332,0.049779158,2025
30.436798,0.49847716,-0.14327236,-0.104414634,2025
37.80948,0.23529324,0.08583108,0.11094132,2025
34.504242,0.38891512,0.00761937,0.025776444,2025
32.668762,0.41110444,-0.08228308,-0.028959868,2025
35.840668,0.25292465,0.016997116,0.062103264,2025
35.68686,0.34005466,0.03540612,0.058060974,2025
35.492035,0.24404675,0.027025847,0.05289045,2025
31.886017,0.4901748,-0.10536851,-0.054219015,2025
30.050568,0.49575275,-0.033869565,-0.11860933,2025
37.51895,0.39804724,0.069028184,0.10405691,2025
35.66635,0.22597629,0.10497286,0.05751937,2025
35.051117,0.30207765,0.038002994,0.040976487,2025
35.707367,0.2010956,0.13137752,0.05860196,2025
33.78305,0.31509903,0.101125516,0.0049789837,2025
30.604279,0.5886475,-0.19838281,-0.098370776,2025
32.326965,0.471563,-0.027834028,-0.039839186,2025
33.93686,0.42980155,-0.0025456354,0.009488617,2025
32.473938,0.44960356,0.006060389,-0.03513301,2025
35.181,0.4770129,-0.0633746,0.044517055,2025
33.407074,0.43957743,-0.020841477,-0.0062193805,2025
30.689728,0.38988551,-0.045450557,-0.095312595,2025
32.914856,0.5278641,-0.050077587,-0.021266669,2025
29.968536,0.48807037,-0.03229284,-0.12167124,2025
30.470978,0.5196241,-0.10568185,-0.1031758,2025
36.49695,0.26162,0.068632305,0.07896833,2025
33.188324,0.4997969,-0.1704837,-0.0128515465,2025
35.006683,0.4280885,-0.02326862,0.03975921,2025
32.86017,0.3908118,0.05790487,-0.02296631,2025
37.72403,0.28318462,0.033158977,0.1089275,2025
34.94516,0.22717813,0.06703279,0.038068637,2025
34.637543,0.26840562,0.0845595,0.029525694,2025
31.872345,0.50678813,-0.062278133,-0.05467123,2025
34.69565,0.41686553,0.013893973,0.031150965,2025
31.134064,0.53441197,-0.09862108,-0.07968062,2025
34.70932,0.37950867,0.023708977,0.03153259,2025
32.3714,0.33854368,-0.00772151,-0.03841188,2025
35.290375,0.30454418,0.03455959,0.04747837,2025
34.046234,0.4530327,-0.095742024,0.012670677,2025
33.707855,0.3218666,0.124437,0.002759296,2025
34.99643,0.3372248,-0.006783664,0.039477862,2025
33.06183,0.35788706,0.025463074,-0.016726742,2025
36.00473,0.2869201,0.05209335,0.06637697,2025
36.09018,0.4059183,0.06714897,0.068587475,2025
35.372406,0.19946088,0.12623286,0.04968734,2025
35.56723,0.251575,0.06455661,0.054892804,2025
33.660004,0.27722514,0.0887129,0.0013416037,2025
31.171661,0.27802274,0.098040335,-0.078378364,2025
31.482697,0.4225015,0.030298403,-0.06772447,2025
32.60382,0.31689084,-0.013948095,-0.031009387,2025
24.82782,0.65887237,-0.2287089,-0.35391852,2025
35.707367,0.34542146,0.07806052,0.05860196,2025
32.901184,0.37128338,-0.012706083,-0.021691049,2025
32.750793,0.4381065,0.031510483,-0.026382623,2025
33.96762,0.25733763,0.059276808,0.010385643,2025
35.358734,0.39529482,0.00407504,0.04931989,2025
30.388947,0.5613996,-0.13839884,-0.10615369,2025
32.41925,0.37898755,-0.026674682,-0.036879163,2025
35.040863,0.29869843,0.06306651,0.04069585,2025
32.83966,0.34126884,0.08775036,-0.023605134,2025
35.587738,0.24321494,0.04239309,0.05543743,2025
33.71469,0.46083584,-0.06384501,0.002961495,2025
32.70294,0.5219864,-0.061520185,-0.027884444,2025
34.28891,0.39359942,0.072429426,0.019658387,2025
34.309418,0.26594126,0.07641624,0.020244367,2025
27.5383,0.60587937,-0.27231586,-0.22065799,2025
33.91635,0.4066248,0.022897324,0.008889696,2025
34.85971,0.38178217,0.005980629,0.035710722,2025
34.230804,0.2578636,0.045895074,0.017994294,2025
33.639496,0.39127663,-0.02094974,0.00073278666,2025
33.37973,0.41498795,0.02280807,-0.0070436476,2025
27.288788,0.5635196,-0.24088186,-0.23181893,2025
31.84842,0.3853029,0.008112321,-0.05546354,2025
33.68393,0.27882594,0.085023776,0.0020509535,2025
32.99005,0.37495273,0.03902649,-0.018938862,2025
32.86017,0.38087174,-0.012953256,-0.02296631,2025
34.131683,0.37460533,0.030434512,0.015142472,2025
34.15219,0.2908293,0.13159847,0.015733862,2025
36.619995,0.27960578,0.03734711,0.08206309,2025
37.057495,0.29007587,0.055786327,0.09290023,2025
36.88318,0.22441745,0.059920046,0.088613115,2025
33.489105,0.23810807,0.15586115,-0.0037546554,2025
35.7518,0.40693477,0.038870703,0.059771962,2025
35.181,0.2665228,0.032975525,0.044517055,2025
36.346558,0.33889523,0.109472156,0.07515739,2025
34.107758,0.24566965,0.07925086,0.014451618,2025
33.36264,0.44883874,-0.065790564,-0.0075595006,2025
34.316254,0.34099728,0.015051986,0.02043954,2025
36.165375,0.33361027,0.00991488,0.070524074,2025
34.736664,0.22973627,0.06683457,0.03229494,2025
33.796722,0.40003332,-0.051458154,0.005381502,2025
34.654633,0.30773094,0.061348755,0.03000428,2025
34.86313,0.34545082,0.016361566,0.03580526,2025
28.403076,0.612324,-0.21964826,-0.18349312,2025
34.4769,0.2859358,0.03457571,0.025003783,2025
29.33963,0.54857695,-0.13170706,-0.14571469,2025
34.890472,0.4622852,-0.0062549217,0.0365609,2025
28.204834,0.60903174,-0.19176142,-0.19181149,2025
31.356232,0.47113767,-0.038883626,-0.072030775,2025
29.654083,0.50200796,-0.14240983,-0.13356549,2025
33.068665,0.4820282,-0.037147142,-0.016516564,2025
33.020813,0.42670205,-0.032848693,-0.017989632,2025
34.86313,0.26043716,0.124982834,0.03580526,2025
36.144867,0.34561145,-0.061121322,0.06999671,2025
31.834747,0.38876268,0.0051245093,-0.055916823,2025
30.12918,0.5283947,-0.06771297,-0.11569065,2025
29.127716,0.46892178,-0.07623758,-0.15405016,2025
31.916779,0.41285658,-0.025382794,-0.05320295,2025
36.961792,0.23467323,0.11589285,0.090551525,2025
34.839203,0.33406472,-0.06140427,0.0351431,2025
34.8768,0.39391068,-0.048898067,0.03618323,2025
35.53647,0.26440668,0.063478075,0.054074682,2025
36.4115,0.21880369,0.09111095,0.07680688,2025
32.14923,0.49178255,-0.06209796,-0.04558785,2025
35.358734,0.21306446,0.06992987,0.04931989,2025
34.736664,0.27209866,0.021310769,0.03229494,2025
35.762054,0.31016266,-0.032134518,0.06004155,2025
33.677094,0.44036424,0.04936976,0.0018483849,2025
31.667267,0.398588,-0.0073505132,-0.06150131,2025
32.009064,0.44286397,0.015636582,-0.050166465,2025
33.417328,0.3921339,0.016443525,-0.005910628,2025
32.467102,0.24265203,0.088782035,-0.03535096,2025
33.082336,0.5339071,-0.07758187,-0.01609647,2025
32.159485,0.5300716,-0.09707299,-0.04525447,2025
32.391907,0.47664845,-0.017247941,-0.037754446,2025
36.804565,0.44323155,-0.071591936,0.08666643,2025
28.662842,0.5512976,-0.19841069,-0.17276736,2025
31.971466,0.5220086,-0.0767864,-0.051401433,2025
37.160034,0.40809593,0.012349892,0.09540328,2025
32.05008,0.4899852,-0.10902397,-0.04882253,2025
36.97888,0.29765803,0.007588078,0.09097183,2025
34.681976,0.33024898,0.039920446,0.030769037,2025
35.782562,0.27774248,0.007989173,0.06058026,2025
35.97055,0.48370808,-0.016671414,0.06548983,2025
35.187836,0.28538668,0.037883796,0.044702675,2025
37.648834,0.3611233,0.06160588,0.107147776,2025
31.438263,0.4468744,0.03689869,-0.069233544,2025
34.063324,0.4041849,-0.013930008,0.013166029,2025
32.13553,0.46274564,-0.05237041,-0.04603368,2025
35.307465,0.26801857,0.033494074,0.04793942,2025
30.983673,0.5562358,-0.136704,-0.08492125,2025
37.93936,0.40691087,0.041346498,0.11398495,2025
36.565308,0.24617732,0.061091498,0.08069021,2025
33.36264,0.49186844,-0.041193742,-0.0075595006,2025
32.549133,0.3205098,0.017876675,-0.03274164,2025
35.707367,0.23343602,0.09624584,0.05860196,2025
35.9227,0.19018699,0.040797547,0.064245,2025
36.599487,0.37264428,0.014162481,0.081548735,2025
33.502777,0.29930913,0.06580775,-0.0033450413,2025
35.454437,0.3034452,0.015296083,0.051886085,2025
33.64975,0.2915275,0.025773287,0.001037288,2025
35.68686,0.2746128,0.068129994,0.058060974,2025
32.713196,0.53262156,-0.10792927,-0.027562255,2025
32.99005,0.34712026,0.001634026,-0.018938862,2025
34.702484,0.40033388,-0.014695226,0.031341817,2025
32.06375,0.35490188,-0.0042310487,-0.048375316,2025
28.748291,0.5663311,-0.18167745,-0.16928151,2025
32.25177,0.49598068,-0.023460684,-0.04226358,2025
32.039825,0.54186004,-0.06714377,-0.04915819,2025
35.437347,0.29100987,0.037069652,0.051428854,2025
34.1351,0.32988197,0.024692763,0.0152410865,2025
33.16095,0.27896476,0.0917271,-0.013687653,2025
29.346466,0.62587917,-0.23470064,-0.1454478,2025
31.318634,0.47222975,-0.05900703,-0.07331774,2025
34.79135,0.32123977,0.077665634,0.03381605,2025
36.691772,0.3045448,0.001462293,0.08385878,2025
27.490448,0.6039343,-0.24589688,-0.22278273,2025
35.126312,0.21687007,0.07355864,0.04302948,2025
33.307953,0.58263713,-0.13210629,-0.0092137875,2025
36.36023,0.19849308,0.12744103,0.07550514,2025
32.33722,0.50580573,-0.07568878,-0.03950946,2025
33.472015,0.38831562,0.05568612,-0.0042671436,2025
32.094513,0.351812,0.016628047,-0.047370475,2025
36.64392,0.35803425,0.11252148,0.08266243,2025
28.088623,0.572504,-0.23239748,-0.19674237,2025
27.770721,0.5918664,-0.2218469,-0.21044192,2025
33.58139,0.47914028,-0.03248461,-0.0009962332,2025
30.980255,0.52751464,-0.11088123,-0.08504094,2025
38.4794,0.26762387,0.17365354,0.12641972,2025
34.64438,0.32246816,-0.043345165,0.029717185,2025
32.699524,0.35544395,0.04344793,-0.027991885,2025
30.662384,0.45705512,-0.029934537,-0.09628936,2025
33.14386,0.48510003,-0.10660894,-0.014210337,2025
35.946625,0.2501915,0.062705785,0.06486783,2025
35.372406,0.19905306,0.041924667,0.04968734,2025
36.784058,0.23229912,0.034907077,0.086157225,2025
33.236176,0.34468672,0.006301381,-0.0113933,2025
31.622833,0.3953205,-0.007750603,-0.06299284,2025
35.72104,0.18391111,0.12629463,0.05896227,2025
35.368988,0.302624,0.025758985,0.049595505,2025
30.78543,0.48818907,-0.043096147,-0.091907576,2025
33.198578,0.45983815,-0.020050488,-0.012538712,2025
35.7894,0.1933521,0.06333766,0.060759693,2025
35.56723,0.24404116,0.09300808,0.054892804,2025
34.247894,0.41613683,-0.02324621,0.018484319,2025
33.977875,0.26391324,0.07953291,0.01068429,2025
30.036896,0.5570159,-0.12789083,-0.11911848,2025
34.798187,0.3778228,0.01959723,0.03400585,2025
33.858246,0.36845934,0.01503559,0.0071888124,2025
34.934906,0.37721494,-0.07284861,0.037786298,2025
34.514496,0.24344727,0.08152419,0.026065877,2025
35.563812,0.36885437,0.0020679769,0.05480197,2025
34.94516,0.33326405,0.0837706,0.038068637,2025
35.222015,0.29592463,0.047509708,0.045629703,2025
25.13205,0.6262254,-0.25597852,-0.337529,2025
32.914856,0.42647615,0.053412516,-0.021266669,2025
34.234222,0.40465066,-0.01194358,0.018092338,2025
34.07016,0.37118793,-0.056039594,0.01336403,2025
37.871002,0.31365055,0.17667511,0.112385646,2025
34.25473,0.24542291,0.1151234,0.018680193,2025
38.09659,0.34713906,0.12798285,0.11764158,2025
31.469025,0.5282278,-0.059465423,-0.06818834,2025
33.724945,0.15605806,0.008298087,0.0032646395,2025
37.358307,0.21206194,0.084671564,0.10020427,2025
31.318634,0.57221526,-0.12843996,-0.07331774,2025
37.054077,0.313491,0.18377447,0.092816554,2025
36.10385,0.18003514,0.07255735,0.06894018,2025
30.200958,0.5929499,-0.2164307,-0.11303903,2025
36.336304,0.41239768,0.050451368,0.0748964,2025
27.172577,0.61446863,-0.24066241,-0.23708713,2025
33.184906,0.39874953,0.011436747,-0.012955869,2025
31.25711,0.48089406,-0.053340368,-0.07543035,2025
34.45981,0.3105385,0.023278901,0.024520248,2025
37.21472,0.34861484,0.0039320346,0.09673259,2025
32.781555,0.36199835,0.034799706,-0.025419481,2025
34.746918,0.3117133,-0.003521461,0.032580514,2025
34.514496,0.31756833,0.098339394,0.026065877,2025
33.02765,0.4600682,-0.03037393,-0.017778933,2025
33.49594,0.39342433,-0.0030730814,-0.0035498065,2025
31.465607,0.4165983,-0.005809273,-0.068304375,2025
35.522797,0.5164556,-0.10822977,0.053710617,2025
35.06479,0.51105213,-0.011213213,0.041350413,2025
30.93924,0.52611846,-0.16911206,-0.086479366,2025
35.184418,0.2942592,0.04579997,0.044609874,2025
30.481232,0.52643204,-0.100210436,-0.10280469,2025
30.983673,0.47501534,-0.1288208,-0.08492125,2025
34.511078,0.23983544,0.05531659,0.025969418,2025
34.282074,0.45106456,-0.05782308,0.019462904,2025
35.41684,0.30441627,0.17733371,0.05087959,2025
33.58481,0.31612185,0.008829575,-0.00089436054,2025
34.165863,0.47196946,0.039538518,0.016127728,2025
33.335297,0.41871062,0.020344818,-0.008385966,2025
32.614075,0.3311472,0.06406165,-0.030685235,2025
36.144867,0.33087844,0.117329456,0.06999671,2025
34.62387,0.29075906,0.038771007,0.029142484,2025
33.284027,0.30250558,0.011306653,-0.009939248,2025
36.07309,0.2395753,0.06676613,0.06814621,2025
34.736664,0.31926718,0.01232269,0.03229494,2025
36.018402,0.4892594,-0.07338361,0.066731356,2025
31.1409,0.50828123,-0.1489628,-0.07944361,2025
32.40558,0.59611666,-0.22774097,-0.03731662,2025
33.51645,0.3625526,0.049872693,-0.0029357616,2025
35.153656,0.3140006,0.042300634,0.043773845,2025
33.116516,0.4654119,-0.032700937,-0.015047753,2025
32.911438,0.3545526,0.077640966,-0.02137273,2025
31.116974,0.49027544,-0.07388,-0.0802736,2025
38.106842,0.3086268,0.0604275,0.11787901,2025
36.79431,0.4569763,-0.04140511,0.08641189,2025
33.000305,0.4388231,0.034747515,-0.018622255,2025
35.187836,0.2647833,0.019158514,0.044702675,2025
35.758636,0.26954514,0.04901909,0.059951704,2025
34.39145,0.410324,-0.027639974,0.022581302,2025
33.36264,0.32347974,0.029337848,-0.0075595006,2025
32.323547,0.48171487,-0.030912807,-0.03994914,2025
34.89389,0.33971733,0.02091009,0.036655273,2025
32.16974,0.34487465,0.07183738,-0.0449213,2025
35.293793,0.28180668,0.05844609,0.047570616,2025
35.806488,0.19271316,0.122144185,0.06120798,2025
35.796234,0.2187842,0.06664395,0.06093906,2025
28.338135,0.60419947,-0.23356912,-0.18620528,2025
32.2381,0.46111342,-0.018222284,-0.042705595,2025
26.403534,0.65769714,-0.20368849,-0.27311918,2025
26.201874,0.60674655,-0.2543491,-0.28291762,2025
34.487152,0.3578795,0.027395306,0.025293674,2025
31.875763,0.30331245,-0.00305645,-0.05455814,2025
32.6756,0.41254628,-0.09273615,-0.028744604,2025
35.748383,0.20022304,0.031815793,0.059682064,2025
34.89389,0.2752174,0.009711316,0.036655273,2025
35.39975,0.32638907,0.045365326,0.050421387,2025
38.855377,0.3594983,0.11143012,0.13487276,2025
38.551178,0.33250377,0.19970113,0.12804623,2025
36.756714,0.30488613,0.028353065,0.085477404,2025
35.34848,0.40823922,0.024894146,0.049044117,2025
32.935364,0.50641966,-0.05939793,-0.020630758,2025
37.577057,0.30869114,0.093469284,0.10544231,2025
33.49936,0.42607385,-0.032752436,-0.0034474137,2025
28.748291,0.4817417,-0.06836734,-0.16928151,2025
32.415833,0.44520408,-0.027793573,-0.036988493,2025
27.996307,0.62612736,-0.25911584,-0.20068854,2025
32.190247,0.50066155,-0.05165727,-0.0442556,2025
31.985138,0.40782708,-0.024683418,-0.050952017,2025
35.29721,0.31059074,-0.02093502,0.047662843,2025
27.206757,0.63457704,-0.2684725,-0.23553298,2025
32.43634,0.3154411,0.09655185,-0.036332857,2025
32.85675,0.49631742,-0.04096881,-0.023072725,2025
35.60141,0.40370327,-0.0680936,0.055800166,2025
33.14386,0.4870552,-0.042282015,-0.014210337,2025
36.370483,0.3154125,0.16678731,0.07576578,2025
33.86508,0.39238167,-0.02757013,0.007389219,2025
33.837738,0.32238594,-0.014047746,0.006587106,2025
31.465607,0.45784494,-0.012498787,-0.068304375,2025
35.160492,0.36429644,0.06876308,0.043959755,2025
31.971466,0.42955804,-0.05640018,-0.051401433,2025
32.713196,0.4034663,-0.009138834,-0.027562255,2025
32.022736,0.5103124,-0.08240054,-0.049718104,2025
25.357635,0.6511893,-0.2305132,-0.32563013,2025
33.154114,0.4427743,-0.009578782,-0.013896662,2025
30.238556,0.5051453,-0.15779391,-0.111655116,2025
29.654083,0.5939212,-0.19165224,-0.13356549,2025
34.569183,0.41957602,0.0017192572,0.027606614,2025
35.403168,0.36348906,-0.055626333,0.050513063,2025
32.867004,0.3341786,-0.0119093135,-0.022753546,2025
33.133606,0.43688917,0.067759946,-0.014524206,2025
35.11264,0.23980014,0.071133554,0.042656865,2025
33.184906,0.51953506,-0.044187486,-0.012955869,2025
38.06241,0.3000926,0.093724,0.11684923,2025
34.493988,0.37279746,0.032999173,0.02548684,2025
32.532043,0.3837369,-0.016432235,-0.03328416,2025
37.491608,0.39784336,0.06288491,0.10340347,2025
35.201508,0.2885868,0.054616828,0.045073703,2025
37.040405,0.20260349,0.10459814,0.09248171,2025
33.031067,0.31348336,0.08494635,-0.017673615,2025
35.83383,0.3304421,0.09777218,0.061924342,2025
32.911438,0.49374643,-0.06421656,-0.02137273,2025
31.950958,0.54969513,-0.19021693,-0.05207628,2025
31.486115,0.45779887,-0.0535991,-0.06760856,2025
32.56964,0.46705148,-0.031849917,-0.032091364,2025
30.18045,0.4902794,-0.063551135,-0.11379535,2025
30.556427,0.5282624,-0.09713797,-0.10009083,2025
37.75821,0.29307085,0.06604422,0.109734125,2025
35.926117,0.2419654,0.11366568,0.06433403,2025
35.628754,0.24830182,0.033927303,0.056524806,2025
34.900726,0.2551495,0.06888731,0.036843963,2025
35.21176,0.39999843,0.010166089,0.045351785,2025
34.890472,0.28264448,-0.020598186,0.0365609,2025
34.69565,0.38442725,-0.049665175,0.031150965,2025
35.87143,0.31299272,0.04455887,0.06290756,2025
35.23227,0.21594578,0.048049763,0.04590746,2025
33.759125,0.43203822,-0.009040336,0.0042737923,2025
27.210175,0.6148771,-0.24742045,-0.23537779,2025
35.492035,0.39034578,-0.016633455,0.05289045,2025
33.38315,0.26437873,0.060709838,-0.0069405404,2025
30.594025,0.5425085,-0.12022933,-0.09873891,2025
33.636078,0.49717265,-0.121819966,0.00063124497,2025
31.872345,0.5655634,-0.21804191,-0.05467123,2025
30.676056,0.46102202,-0.09320528,-0.09580076,2025
28.905518,0.47906798,0.02448589,-0.16292141,2025
33.154114,0.27422407,0.10124067,-0.013896662,2025
31.32547,0.4620592,-0.06694884,-0.07308351,2025
34.377777,0.24799536,0.0759358,0.022192588,2025
30.190704,0.5073385,-0.1404072,-0.11341706,2025
36.937866,0.20834324,0.17495288,0.08996245,2025
31.332306,0.38714856,-0.017808225,-0.07284939,2025
34.88022,0.38262215,0.050774094,0.036277674,2025
28.720947,0.58118635,-0.16799122,-0.17039473,2025
36.29187,0.21904878,0.016815752,0.07376376,2025
34.13852,0.21518153,0.012171058,0.015339682,2025
28.659424,0.57206696,-0.17599675,-0.17290722,2025
33.150696,0.3820704,0.017634612,-0.014001199,2025
34.59311,0.30413753,0.05215839,0.028279154,2025
32.296204,0.4601059,-0.052002046,-0.040829618,2025
33.34897,0.3835408,0.022326492,-0.007972564,2025
36.44568,0.3141642,0.06639558,0.077672675,2025
35.21176,0.45753995,0.006366854,0.045351785,2025
32.713196,0.26110798,0.073273085,-0.027562255,2025
34.82553,0.35984322,0.049232714,0.034764316,2025
28.990967,0.56290615,-0.21174045,-0.15949376,2025
35.823578,0.29630366,0.10509928,0.061655834,2025
33.670258,0.31146127,0.0766125,0.0016457342,2025
34.415375,0.19364052,0.04846046,0.02326081,2025
34.57602,0.28268746,-0.0089923125,0.027798863,2025
28.389404,0.63285506,-0.23104149,-0.18406308,2025
32.87384,0.43006238,-0.0023155536,-0.02254087,2025
35.58432,0.25967598,-0.019933954,0.0553467,2025
33.123352,0.33717293,0.02763007,-0.01483827,2025
29.3909,0.4936998,-0.1083947,-0.14371611,2025
37.13611,0.41283545,0.033402704,0.09482047,2025
30.334259,0.29564163,0.061967723,-0.1081479,2025
32.08084,0.46438873,-0.029390823,-0.04781683,2025
32.159485,0.37281513,-0.027091391,-0.04525447,2025
35.208344,0.23738553,0.08964553,0.045259107,2025
31.940704,0.4649851,-0.036009513,-0.052414026,2025
28.485107,0.58004737,-0.19648455,-0.1800849,2025
34.360687,0.27965403,0.072061256,0.021706259,2025
32.65509,0.37416545,-0.00091217697,-0.029390668,2025
38.137604,0.26080787,0.07703528,0.11859053,2025
34.69223,0.46029818,-0.031956147,0.031055512,2025
34.08725,0.432634,-0.038080733,0.013858685,2025
36.66443,0.27659762,0.070581466,0.08317553,2025
33.290863,0.45420274,0.045215487,-0.009731866,2025
33.338715,0.25529915,0.06814665,-0.008282583,2025
35.563812,0.24087459,0.060856864,0.05480197,2025
35.437347,0.25918,0.05911376,0.051428854,2025
34.77768,0.43798736,0.0006609029,0.03343622,2025
33.947113,0.40155837,0.055235457,0.009787806,2025
36.872925,0.3811612,0.10139502,0.08835967,2025
31.363068,0.55567825,-0.13307033,-0.07179711,2025
33.407074,0.32666895,0.08030093,-0.0062193805,2025
35.51596,0.4155759,0.027921231,0.05352848,2025
33.90268,0.42563272,-0.059552345,0.008490012,2025
38.56485,0.30810332,0.12298603,0.12835534,2025
32.159485,0.3929376,-0.02736717,-0.04525447,2025
36.148285,0.3683674,0.04956732,0.07008465,2025
32.408997,0.48997453,-0.057266276,-0.03720722,2025
34.466644,0.46978018,-0.005139788,0.024713721,2025
25.302948,0.62738544,-0.22982553,-0.3284952,2025
34.449554,0.3414101,0.054018013,0.024229897,2025
34.91098,0.42026308,0.0058020502,0.037126858,2025
36.62683,0.26241255,0.0669269,0.082234405,2025
34.429047,0.21308048,0.05045453,0.023648676,2025
35.70395,0.26379472,0.09198338,0.05851184,2025
36.79431,0.31996515,0.019851198,0.08641189,2025
28.881592,0.5254194,-0.12658034,-0.16388479,2025
36.196136,0.28975144,0.03309583,0.071314,2025
27.08371,0.6109547,-0.23109196,-0.24114627,2025
32.716614,0.4517338,-0.0859186,-0.027454905,2025
32.9422,0.33824092,0.02232345,-0.020418962,2025
34.784515,0.461643,-0.041126564,0.033626173,2025
36.64392,0.28763196,0.026928946,0.08266243,2025
32.241516,0.45006105,0.0029223382,-0.042595055,2025
30.142853,0.52686673,-0.14454368,-0.115184605,2025
36.507202,0.26884708,0.0731191,0.07922702,2025
35.710785,0.39027816,0.080733635,0.058692064,2025
34.141937,0.34373146,0.029218832,0.015438257,2025
33.437836,0.3794224,0.04430919,-0.0052936915,2025
32.14923,0.39670292,-0.023509266,-0.04558785,2025
35.41342,0.26588193,0.017936468,0.050787985,2025
33.81723,0.30586153,0.03601734,0.0059846696,2025
32.559387,0.5166373,-0.1324062,-0.0324164,2025
34.008636,0.3485022,-0.007018417,0.011579153,2025
31.643341,0.552272,-0.10699435,-0.06230392,2025
34.446136,0.5232796,-0.029592132,0.024133075,2025
35.345062,0.22176705,0.04460195,0.048952155,2025
36.059418,0.19168293,0.112667,0.0677929,2025
34.569183,0.41863194,0.03951535,0.027606614,2025
35.420258,0.2540836,0.08891654,0.05097118,2025
40.403748,0.32257876,0.033307567,0.16802655,2025
36.961792,0.29772106,0.043711115,0.090551525,2025
34.582855,0.27274773,0.056878544,0.027991036,2025
37.48477,0.22610864,0.09329722,0.10323996,2025
32.145813,0.45094645,-0.005490374,-0.045699023,2025
35.22885,0.42337072,0.06072176,0.045814894,2025
28.9021,0.54548687,-0.21134119,-0.16305894,2025
32.880676,0.38576636,-0.06270531,-0.022328282,2025
34.470062,0.2982337,0.025313767,0.024810428,2025
34.347015,0.41744864,-0.052875917,0.021316849,2025
30.983673,0.49540573,-0.05283492,-0.08492125,2025
28.775635,0.4977654,-0.07379597,-0.16817042,2025
32.443176,0.46548837,-0.096240275,-0.0361145,2025
29.801056,0.5209838,-0.10311724,-0.12797497,2025
34.251312,0.38556275,-0.009976193,0.018582266,2025
36.404663,0.25823817,0.052623052,0.07663353,2025
34.599945,0.31779388,0.050734486,0.028471138,2025
32.11844,0.51335627,-0.036728404,-0.046590265,2025
29.623322,0.5001152,-0.061965827,-0.13474262,2025
34.114594,0.419619,-0.0026857033,0.014649104,2025
33.673676,0.5381612,-0.12172182,0.0017470698,2025
33.61557,0.2744737,-0.00436188,2.1561213e-05,2025
33.772797,0.31553948,0.09329623,0.0046768812,2025
37.761627,0.2792306,0.096597925,0.1098147,2025
28.331299,0.60598534,-0.22355461,-0.1864915,2025
36.63025,0.26879975,0.1324567,0.08232004,2025
30.159943,0.464799,-0.029817922,-0.11455269,2025
25.241425,0.62742,-0.2668923,-0.3317333,2025
34.514496,0.28599524,0.055714697,0.026065877,2025
33.526703,0.32837138,0.009809358,-0.0026290207,2025
35.139984,0.24222122,0.051592853,0.043401808,2025
33.76596,0.44794047,-0.090634964,0.0044753775,2025
28.88501,0.60294855,-0.2162569,-0.16374706,2025
34.89389,0.2719275,0.08905206,0.036655273,2025
34.148773,0.45221582,0.0255024,0.015635347,2025
32.750793,0.43372825,0.0006401337,-0.026382623,2025
32.313293,0.45196143,-0.020500164,-0.040279146,2025
35.403168,0.28164965,0.15225211,0.050513063,2025
34.268402,0.3536907,0.11910962,0.019071704,2025
33.389984,0.3744643,0.026695475,-0.006734389,2025
36.26111,0.38661566,0.07588431,0.072978,2025
33.307953,0.2538791,0.09520791,-0.0092137875,2025
36.3739,0.18600616,0.062165312,0.07585263,2025
34.599945,0.263241,0.02089892,0.028471138,2025
34.84604,0.37178582,0.011996633,0.03533238,2025
35.003265,0.34330425,0.016679224,0.039665446,2025
34.955414,0.26002026,0.040961213,0.038350813,2025
33.687347,0.44513285,0.029673692,0.0021522068,2025
31.195587,0.50355726,-0.088995166,-0.07755129,2025
25.050018,0.62835443,-0.27295825,-0.34190902,2025
35.543304,0.22045009,0.09296315,0.05425661,2025
36.03891,0.47639924,0.042697605,0.067262426,2025
31.407501,0.47366047,-0.030651743,-0.07028079,2025
35.625336,0.38133338,0.049842235,0.05643429,2025
32.525208,0.2756901,0.05231839,-0.03350133,2025
33.90268,0.31995627,0.030465942,0.008490012,2025
31.875763,0.32983556,-6.441105e-05,-0.05455814,2025
31.89627,0.400442,-0.025930207,-0.053880107,2025
33.506195,0.29749617,0.06348602,-0.00324269,2025
34.30258,0.43054107,-0.047703877,0.020049118,2025
34.37094,0.2605518,0.14569011,0.021998115,2025
31.253693,0.49566826,-0.047196966,-0.075547956,2025
35.87143,0.29391333,0.018434824,0.06290756,2025
30.874298,0.46763027,-0.06186997,-0.08876468,2025
35.748383,0.1986397,0.074358694,0.059682064,2025
33.861664,0.32933003,0.009487145,0.007289026,2025
35.12973,0.27925172,0.043061256,0.04312259,2025
35.60141,0.19614826,0.12066084,0.055800166,2025
31.827911,0.5077109,-0.06949297,-0.05614361,2025
29.363556,0.51310897,-0.09951773,-0.14478114,2025
34.746918,0.37152442,0.0066164923,0.032580514,2025
30.508575,0.52779645,-0.074407436,-0.10181629,2025
33.437836,0.43279532,0.009267143,-0.0052936915,2025
34.059906,0.24265097,0.08341839,0.013066998,2025
25.073944,0.6451401,-0.2548309,-0.34062853,2025
34.97592,0.25000998,0.053947616,0.038914666,2025
36.452515,0.30110937,0.03419396,0.07784564,2025
34.54184,0.37661463,0.051495925,0.026836855,2025
35.01352,0.2170429,0.08297995,0.039946683,2025
32.93878,0.32529685,0.09346511,-0.02052485,2025
34.60678,0.28657904,0.081285916,0.028663045,2025
37.129272,0.19779831,0.056678798,0.094653815,2025
32.111603,0.45209166,-0.06211409,-0.046813063,2025
33.502777,0.45930693,-0.014760055,-0.0033450413,2025
33.325043,0.2473045,0.053915944,-0.008696239,2025
29.397736,0.5740536,-0.18757042,-0.14345016,2025
35.522797,0.39090237,-0.018165056,0.053710617,2025
32.945618,0.432766,0.0109911505,-0.020313099,2025
32.87726,0.32193223,0.036556907,-0.022434564,2025
33.889008,0.44854897,-0.020863447,0.008090006,2025
25.68576,0.64192575,-0.28822145,-0.30869573,2025
35.741547,0.3575159,0.035571866,0.059502218,2025
34.586273,0.25220883,0.11293355,0.028087094,2025
30.597443,0.5280666,-0.097371906,-0.09861617,2025
34.986176,0.45404276,-0.04677722,0.039196346,2025
37.21814,0.33001626,0.0028805947,0.09681554,2025
37.696686,0.27947763,0.03734352,0.10828115,2025
37.631744,0.27055845,0.064195745,0.10674231,2025
33.407074,0.42650342,-0.05750419,-0.0062193805,2025
33.475433,0.45748642,-0.009990337,-0.004164604,2025
34.493988,0.52330905,-0.06547283,0.02548684,2025
36.62683,0.29061463,-0.021226564,0.082234405,2025
36.44226,0.2417716,0.057915594,0.077586174,2025
24.855164,0.6561737,-0.25794977,-0.35242906,2025
32.16974,0.49061447,-0.028917655,-0.0449213,2025
36.233765,0.25867313,0.061159268,0.072278425,2025
30.245392,0.4789635,-0.1297791,-0.11140386,2025
37.82315,0.2659951,0.0006038671,0.11126269,2025
34.67856,0.39864123,-0.008875839,0.03067351,2025
27.33664,0.6172415,-0.24098578,-0.22966269,2025
30.269318,0.58487916,-0.2066755,-0.11052538,2025
29.329376,0.5206123,-0.11336055,-0.14611524,2025
35.386078,0.3058854,0.013970407,0.050054505,2025
34.159027,0.3947551,-0.020012239,0.015930835,2025
32.966125,0.32484636,0.026115824,-0.019678375,2025
33.827484,0.27661106,0.061688226,0.006285979,2025
35.410004,0.40313056,0.076458976,0.05069636,2025
32.685852,0.50464314,-0.05520742,-0.028421875,2025
32.3338,0.48141298,-0.07949832,-0.039619345,2025
35.242523,0.34137645,-0.008814836,0.046185058,2025
35.621918,0.23338103,0.06772765,0.05634375,2025
35.782562,0.2580997,0.028955009,0.06058026,2025
35.38266,0.25180647,0.11504579,0.04996274,2025
37.395905,0.32311293,0.0025862756,0.101108916,2025
36.756714,0.354089,0.0146348225,0.085477404,2025
31.028107,0.5249787,-0.10309784,-0.08336759,2025
31.87918,0.50074786,-0.037906583,-0.054445073,2025
35.454437,0.30239958,0.006532959,0.051886085,2025
35.437347,0.21788126,0.09946518,0.051428854,2025
34.312836,0.34052166,0.03575524,0.020341963,2025
35.386078,0.23357077,0.04391711,0.050054505,2025
36.049164,0.2640481,0.090940624,0.06752774,2025
32.40558,0.4031168,-0.012827891,-0.03731662,2025
30.81961,0.41868386,-0.054392442,-0.090696625,2025
38.188873,0.19061656,0.08710437,0.11977384,2025
38.052155,0.32934135,0.10922972,0.11661125,2025
34.613617,0.20417151,0.12350574,0.028854877,2025
37.272858,0.3485534,0.14862429,0.098141454,2025
34.141937,0.20042348,0.14159335,0.015438257,2025
32.781555,0.39097857,-0.055350035,-0.025419481,2025
31.698029,0.49258932,-0.056030184,-0.060471166,2025
32.53546,0.3948056,0.068402536,-0.033175614,2025
32.08084,0.2889289,0.073751286,-0.04781683,2025
37.884674,0.30232722,0.17023575,0.11270597,2025
32.289368,0.4729996,-0.026718322,-0.041049972,2025
34.309418,0.252911,0.15009876,0.020244367,2025
33.557465,0.44729668,0.007784305,-0.0017099229,2025
34.056488,0.37148684,-0.008644122,0.012967948,2025
36.134613,0.25843844,0.07243825,0.0697328,2025
34.278656,0.42791718,-0.0836887,0.019365134,2025
29.883087,0.54073536,-0.08914966,-0.1248786,2025
30.334259,0.5400179,-0.11050533,-0.1081479,2025
25.108124,0.6584659,-0.27920756,-0.33880356,2025
31.59549,0.43093026,-0.0052042413,-0.06391279,2025
34.586273,0.4230111,-0.006248972,0.028087094,2025
33.653168,0.48642573,-0.03777634,0.0011387472,2025
33.09601,0.47623536,-0.02446495,-0.015676724,2025
36.47986,0.4644597,-0.039662063,0.078536846,2025
33.037903,0.5135078,-0.1217434,-0.017463047,2025
33.977875,0.26884207,0.064796366,0.01068429,2025
37.74112,0.28422573,0.10232212,0.109331,2025
34.063324,0.29800275,0.019774973,0.013166029,2025
35.26303,0.22689019,0.08265169,0.046739765,2025
35.6185,0.29459122,-0.022292562,0.0562532,2025
37.32071,0.2813653,0.018228667,0.09929779,2025
32.296204,0.4217475,0.01154129,-0.040829618,2025
35.410004,0.3314977,0.007937831,0.05069636,2025
35.0477,0.22101565,0.04597083,0.04088296,2025
37.52237,0.28182015,0.16654694,0.10413852,2025
34.466644,0.19489622,0.06545532,0.024713721,2025
34.299164,0.38708708,0.009427353,0.019951465,2025
36.927612,0.2931521,0.012284951,0.08970975,2025
32.491028,0.31351072,0.03301468,-0.034588546,2025
35.242523,0.31462172,0.09197397,0.046185058,2025
33.072083,0.50754094,-0.0021207472,-0.016411508,2025
35.874847,0.31483918,-0.02176092,0.06299684,2025
32.730286,0.45829126,0.029243806,-0.027025724,2025
35.512543,0.39300284,0.024551654,0.053437386,2025
31.49295,0.3122051,0.08718613,-0.06737682,2025
28.43042,0.5592462,-0.19115894,-0.18235487,2025
25.111542,0.6351368,-0.24828842,-0.33862132,2025
29.623322,0.57114613,-0.18981443,-0.13474262,2025
34.47348,0.32154116,-0.027539002,0.024907116,2025
32.545715,0.33231187,-0.008505477,-0.032850098,2025
38.56143,0.26120466,0.009272122,0.12827809,2025
32.75421,0.22794324,0.09617652,-0.026275517,2025
34.729828,0.23375401,0.027766218,0.032104466,2025
35.915863,0.26007444,0.056251347,0.064066894,2025
41.114685,0.31193063,0.16649641,0.18241268,2025
33.93344,0.2558258,0.053978067,0.009388847,2025
37.31729,0.2889212,0.12835085,0.09921529,2025
36.09018,0.19597533,0.068716966,0.068587475,2025
34.076996,0.29125646,0.019480662,0.013561952,2025
36.144867,0.24101056,0.11056965,0.06999671,2025
29.992462,0.5934341,-0.16827549,-0.12077645,2025
33.46176,0.3998222,0.010465598,-0.004574888,2025
26.820526,0.62293357,-0.24886645,-0.25332534,2025
34.917816,0.42951885,0.022145554,0.03731536,2025
33.981293,0.26435956,0.07036088,0.0107838,2025
35.444183,0.31265312,0.062076516,0.0516118,2025
36.295288,0.26621854,0.08289532,0.07385099,2025
38.29825,0.32801268,0.12362367,0.12228765,2025
35.65268,0.25398758,0.04364693,0.057157952,2025
32.309875,0.38169244,0.06439437,-0.04038919,2025
27.825409,0.6014124,-0.24771948,-0.20806293,2025
30.306915,0.5030945,-0.07713651,-0.1091477,2025
34.268402,0.22067733,0.053178076,0.019071704,2025
33.222504,0.21383421,0.09693124,-0.011809514,2025
35.208344,0.27617413,0.023512764,0.045259107,2025
34.514496,0.45653254,-0.02342238,0.026065877,2025
31.783478,0.565759,-0.09090595,-0.05762011,2025
31.93045,0.41033804,-0.019220898,-0.052751992,2025
36.17563,0.2713535,-0.010395839,0.07078753,2025
32.80548,0.34719524,0.075330816,-0.024671618,2025
31.858673,0.49317384,-0.10486556,-0.055123832,2025
34.483734,0.4877799,-0.0065899026,0.025197065,2025
37.44034,0.28586894,0.01789158,0.102175705,2025
34.617035,0.3755512,0.025401495,0.028950766,2025
33.830902,0.35929108,-0.006162002,0.006386375,2025
37.272858,0.32142124,0.12221638,0.098141454,2025
25.14914,0.60928684,-0.25579357,-0.3366201,2025
31.773224,0.4486134,-0.019786656,-0.057961427,2025
33.236176,0.4595731,-0.053247973,-0.0113933,2025
33.05841,0.3432035,0.07322546,-0.016831864,2025
33.44809,0.44362274,-0.029052136,-0.0049855066,2025
34.514496,0.45380336,-0.007258077,0.026065877,2025
33.33188,0.40977034,0.033205647,-0.0084893685,2025
34.86313,0.3176076,0.014833963,0.03580526,2025
34.579437,0.40721652,0.029154817,0.027894959,2025
35.97397,0.27585524,0.12777694,0.06557862,2025
31.752716,0.29117155,0.05886744,-0.058644723,2025
31.2742,0.4404066,-0.0142558925,-0.07484268,2025
34.750336,0.37986454,0.024913698,0.03267567,2025
33.70102,0.22621277,0.14305094,0.002557015,2025
31.356232,0.37110928,-0.03315919,-0.072030775,2025
35.656097,0.2972346,0.052018233,0.05724833,2025
30.580353,0.5343644,-0.16329446,-0.09923013,2025
28.755127,0.58076376,-0.2445265,-0.16900355,2025
35.830414,0.35402676,0.021544816,0.061834857,2025
35.054535,0.3327255,-0.01858569,0.041069996,2025
34.4393,0.24176717,0.07509343,0.023939373,2025
34.076996,0.36206093,0.0010058787,0.013561952,2025
28.840576,0.6332201,-0.26720813,-0.16554001,2025
37.30362,0.230921,0.079479635,0.098885156,2025
33.386566,0.45304787,-0.062007666,-0.006837454,2025
32.966125,0.30485955,0.026252408,-0.019678375,2025
35.82016,0.21292996,0.09724661,0.061566297,2025
33.287445,0.43120596,-0.05831329,-0.009835546,2025
37.782135,0.2216912,0.035640717,0.11029789,2025
31.657013,0.41825914,-0.059308026,-0.06184514,2025
34.076996,0.3996907,-0.05050697,0.013561952,2025
32.579895,0.46744236,-0.018675314,-0.03176653,2025
37.457428,0.36584005,0.048128046,0.10258533,2025
32.679016,0.37877023,0.013639767,-0.028637005,2025
34.40854,0.39028376,-0.050404962,0.023066761,2025
32.10135,0.51106817,-0.08359994,-0.047147438,2025
34.65805,0.31738237,0.07551374,0.030099941,2025
33.6976,0.26714405,0.04794307,0.0024558436,2025
31.417755,0.4674428,-0.030837594,-0.069931485,2025
33.605316,0.33931166,0.05325341,-0.00028355973,2025
26.649628,0.59581184,-0.23037139,-0.26136267,2025
32.357727,0.46197525,-0.03841401,-0.038850635,2025
30.084747,0.53275853,-0.18140046,-0.11733846,2025
37.669342,0.4548521,0.06891384,0.10763386,2025
31.875763,0.4098884,-0.06532158,-0.05455814,2025
34.948578,0.4792803,0.009958013,0.038162716,2025
34.01889,0.2931742,0.04846635,0.01187708,2025
36.10727,0.3579975,0.023168273,0.06902832,2025
38.270905,0.18668923,0.03919384,0.12166055,2025
35.28354,0.29354876,0.0639469,0.047293827,2025
34.02231,0.40364942,0.0818608,0.01197635,2025
37.412994,0.20425384,0.12837783,0.10151952,2025
36.267944,0.3997214,-0.029606353,0.07315273,2025
32.579895,0.479585,-0.016412621,-0.03176653,2025
34.805023,0.23278536,0.03575732,0.03419558,2025
33.191742,0.3142752,-0.0009856415,-0.012747247,2025
36.657593,0.23124138,0.0703381,0.083004564,2025
36.179047,0.18701856,0.09891709,0.07087532,2025
34.124847,0.31068602,-0.0067201336,0.014945185,2025
35.22885,0.44689947,-0.070871845,0.045814894,2025
36.517456,0.26198962,0.024781596,0.07948557,2025
31.903107,0.49652806,-0.07571518,-0.05365429,2025
30.829865,0.5119972,-0.14107281,-0.090333864,2025
33.14044,0.502184,-0.049599107,-0.014314938,2025
32.525208,0.49199474,-0.019297943,-0.03350133,2025
30.792267,0.5481501,-0.18219027,-0.09166517,2025
34.244476,0.32489452,0.04690185,0.018386353,2025
35.762054,0.2760699,0.015935352,0.06004155,2025
34.056488,0.31177995,0.027641792,0.012967948,2025
30.911896,0.49751395,-0.12051938,-0.08744043,2025
37.63858,0.24137403,0.07617956,0.10690454,2025
28.28003,0.5801787,-0.2156891,-0.18864252,2025
35.12973,0.39426178,0.0221529,0.04312259,2025
33.837738,0.24550514,0.031158485,0.006587106,2025
32.726868,0.41057357,0.008677944,-0.027132984,2025
35.222015,0.2362928,0.053037737,0.045629703,2025
35.97055,0.4127903,-0.04111635,0.06548983,2025
35.43393,0.2060208,0.10335889,0.051337354,2025
34.452972,0.37800747,0.0229622,0.0243267,2025
34.620453,0.5272854,-0.055929754,0.029046634,2025
33.837738,0.48289195,-0.019628838,0.006587106,2025
35.7894,0.3081323,0.05941305,0.060759693,2025
35.143402,0.33071095,0.014076393,0.043494847,2025
32.491028,0.45612082,0.0058134287,-0.034588546,2025
34.941742,0.31164372,0.030374765,0.037974544,2025
29.370392,0.52768636,-0.1453259,-0.1445147,2025
29.715607,0.49755743,-0.06156143,-0.13121854,2025
35.310883,0.46136007,-0.02444073,0.048031576,2025
31.574982,0.42971945,0.032370728,-0.06460379,2025
33.417328,0.45773977,0.03408771,-0.005910628,2025
34.613617,0.3467943,0.022390094,0.028854877,2025
37.491608,0.18363287,0.06329234,0.10340347,2025
35.95346,0.35980216,0.101908654,0.065045625,2025
35.181,0.341005,-0.023939595,0.044517055,2025
35.492035,0.20738699,0.05890767,0.05289045,2025
35.591156,0.25753745,0.094096944,0.05552814,2025
32.3338,0.34060723,-0.030239282,-0.039619345,2025
33.17807,0.42278504,6.2702e-05,-0.013164575,2025
37.279694,0.3254312,0.16673087,0.09830683,2025
33.789886,0.4126912,-0.0017166202,0.005180284,2025
35.28012,0.32144764,0.012194692,0.047201525,2025
35.410004,0.33783823,0.06546802,0.05069636,2025
35.16391,0.31207073,0.12540661,0.044052687,2025
33.858246,0.38145277,0.0383997,0.0071888124,2025
33.759125,0.41318685,-0.05192502,0.0042737923,2025
34.82895,0.38274938,-0.06629098,0.03485904,2025
34.329926,0.49742803,-0.029327977,0.020829648,2025
34.76059,0.2627167,0.046673752,0.032961015,2025
31.390411,0.43860027,-0.043205135,-0.070863485,2025
34.79135,0.38304725,0.020357128,0.03381605,2025
38.04532,0.43242833,-0.02429348,0.11645252,2025
34.299164,0.29524913,0.03413093,0.019951465,2025
31.62967,0.45679525,0.020750914,-0.0627631,2025
31.277618,0.5133536,-0.15506013,-0.07472522,2025
28.013397,0.47644764,-0.10778687,-0.19995604,2025
34.59311,0.43351045,0.020724947,0.028279154,2025
31.345978,0.4908881,-0.043703545,-0.07238145,2025
37.57364,0.42341885,0.009466899,0.10536093,2025
38.746002,0.30168974,0.14466153,0.13243061,2025
33.338715,0.27640322,0.09049315,-0.008282583,2025
29.250763,0.5377261,-0.14935246,-0.1491955,2025
33.458344,0.41922256,-0.04829724,-0.004677511,2025
30.80252,0.38029182,-0.010531955,-0.09130177,2025
35.97055,0.25162652,0.090861075,0.06548983,2025
34.753754,0.2708752,0.079997,0.0327708,2025
30.580353,0.4869742,-0.054072153,-0.09923013,2025
28.830322,0.4557885,-0.08638782,-0.16595455,2025
31.950958,0.53760606,-0.14003615,-0.05207628,2025
32.323547,0.5658995,-0.15486611,-0.03994914,2025
34.073578,0.26766732,0.09072519,0.013463001,2025
34.82553,0.2173885,0.07027878,0.034764316,2025
32.289368,0.43239397,-0.0048364974,-0.041049972,2025
34.70932,0.25476936,0.086773045,0.03153259,2025
27.449432,0.5753326,-0.22051662,-0.22460985,2025
30.7034,0.5410789,-0.0665217,-0.09482486,2025
35.34848,0.21985625,0.08787594,0.049044117,2025
36.490112,0.3217768,0.11807631,0.07879578,2025
36.47986,0.36099294,0.0055276207,0.078536846,2025
32.70636,0.32314432,0.07502824,-0.027777025,2025
34.569183,0.25789315,0.07017738,0.027606614,2025
29.32254,0.5722935,-0.19340566,-0.14638244,2025
35.0101,0.3838927,0.05050825,0.03985296,2025
35.136566,0.31320712,0.06398921,0.043308754,2025
35.30063,0.445924,-0.052462637,0.04775505,2025
35.946625,0.27014345,0.026913308,0.06486783,2025
35.375824,0.26345977,0.1284903,0.049779158,2025
34.955414,0.2938764,0.033314623,0.038350813,2025
31.978302,0.53382325,-0.07842002,-0.05117668,2025
34.586273,0.25367907,0.05239346,0.028087094,2025
34.47348,0.30025902,0.04953389,0.024907116,2025
35.80307,0.257533,0.10031204,0.061118357,2025
39.69278,0.30520946,0.11333972,0.15312444,2025
29.445587,0.525956,-0.1384483,-0.14159195,2025
35.70395,0.28567728,0.035306234,0.05851184,2025
33.895844,0.35501593,0.04859506,0.00829005,2025
35.898773,0.3679992,-0.0390388,0.063621335,2025
34.42563,0.2576511,0.08940717,0.023551738,2025
34.934906,0.305789,0.0740045,0.037786298,2025
36.90027,0.33840954,0.05232529,0.08903521,2025
33.191742,0.4729119,-0.0018911983,-0.012747247,2025
31.267365,0.5016708,-0.066672996,-0.07507767,2025
33.762543,0.34379423,0.038604375,0.004374595,2025
37.28653,0.30498755,0.054540962,0.09847214,2025
35.11264,0.30413955,0.0114489505,0.042656865,2025
30.245392,0.51684564,-0.09607964,-0.11140386,2025
36.818237,0.280463,0.09538295,0.08700558,2025
35.95688,0.28200015,0.06288491,0.0651345,2025
28.775635,0.59518594,-0.25416735,-0.16817042,2025
34.384613,0.3050108,0.028354386,0.022386983,2025
29.763458,0.5430787,-0.14227459,-0.12939985,2025
36.250854,0.30914262,0.04242584,0.07271578,2025
32.378235,0.417689,-0.12715311,-0.038192645,2025
31.868927,0.30787268,0.044361126,-0.054784343,2025
36.537964,0.2070217,0.0625213,0.08000223,2025
32.296204,0.45647615,-0.09275401,-0.040829618,2025
31.783478,0.3996079,-0.016716454,-0.05762011,2025
33.205414,0.39999813,0.048733257,-0.012330262,2025
36.37732,0.20195918,0.081073925,0.07593946,2025
30.016388,0.5085608,-0.14535694,-0.11988309,2025
32.532043,0.2954614,0.0852932,-0.03328416,2025
33.01056,0.47531894,0.009890816,-0.018305846,2025
34.394867,0.33440778,0.023550805,0.022678433,2025
35.338226,0.30719626,0.15627043,0.04876818,2025
36.784058,0.23585975,0.040882386,0.086157225,2025
30.38211,0.48956037,-0.122197375,-0.10640257,2025
33.403656,0.2611647,0.06403262,-0.00632234,2025
32.716614,0.37586647,0.0015320395,-0.027454905,2025
34.839203,0.3639278,0.019054301,0.0351431,2025
32.918274,0.47262853,-0.02574341,-0.021160629,2025
37.433502,0.21765774,0.104132414,0.10201175,2025
31.503204,0.5195116,-0.04604799,-0.0670294,2025
33.66342,0.4427161,-0.030338543,0.0014430011,2025
32.491028,0.29571885,0.017964812,-0.034588546,2025
33.47885,0.40681997,-0.025675194,-0.0040620854,2025
36.247437,0.4300032,0.03799974,0.07262834,2025
34.681976,0.41770378,-0.00024687563,0.030769037,2025
32.884094,0.41170427,0.03484251,-0.022222022,2025
34.015472,0.4744111,-0.08212523,0.011777791,2025
34.049652,0.36417678,-0.02005781,0.012769788,2025
32.99347,0.50473106,-0.027254228,-0.018833304,2025
34.52475,0.35293472,0.05225971,0.026355136,2025
31.841583,0.43442154,-0.01570507,-0.055690132,2025
33.10968,0.3355691,-0.015270812,-0.015257323,2025
32.747375,0.50572854,-0.12102362,-0.02648975,2025
34.196625,0.26322335,0.045324028,0.017012775,2025
35.9227,0.20793329,0.06403046,0.064245,2025
35.51938,0.27428734,0.01080099,0.05361956,2025
30.440216,0.5169461,-0.110480316,-0.10429063,2025
26.352264,0.6219673,-0.18940096,-0.27559608,2025
34.309418,0.42042136,-0.010637222,0.020244367,2025
30.187286,0.43782625,-0.09089359,-0.11354313,2025
35.724457,0.29769126,0.0097126765,0.059052303,2025
36.315796,0.22833724,0.09365653,0.07437399,2025
34.81186,0.39739037,-0.038186844,0.03438523,2025
34.705902,0.41238207,-0.041434918,0.031437214,2025
34.699066,0.4290004,-0.01746285,0.0312464,2025
35.526215,0.3741757,0.022086369,0.05380166,2025
34.99301,0.2994227,0.0014632184,0.03938404,2025
31.875763,0.47392133,-0.023246147,-0.05455814,2025
32.716614,0.48822942,-0.035074726,-0.027454905,2025
36.90027,0.3490403,0.01170528,0.08903521,2025
36.13803,0.3181175,0.078334324,0.069820784,2025
30.723907,0.5076782,-0.06360317,-0.09409408,2025
37.53604,0.22372387,0.07727232,0.10446482,2025
35.71762,0.25686017,0.069487505,0.05887222,2025
36.49353,0.26873985,0.10269478,0.07888206,2025
35.17758,0.20742384,0.10902419,0.044424217,2025
33.020813,0.50701374,-0.055976003,-0.017989632,2025
34.81186,0.31050226,0.04210188,0.03438523,2025
36.131195,0.2010074,0.105953194,0.0696448,2025
33.34555,0.3527246,0.08209862,-0.008075883,2025
31.622833,0.48689345,-0.10046185,-0.06299284,2025
34.72641,0.32186612,0.08387998,0.0320092,2025
33.372894,0.3864181,0.009443525,-0.0072499253,2025
28.505615,0.607041,-0.23272134,-0.17923592,2025
34.72641,0.27045387,0.0269262,0.0320092,2025
35.11606,0.32823682,0.0131700225,0.042750046,2025
33.526703,0.39689043,0.0028459595,-0.0026290207,2025
33.889008,0.41036138,-0.047204662,0.008090006,2025
35.71762,0.33535117,-0.017404769,0.05887222,2025
32.50128,0.30154967,0.059325997,-0.034262143,2025
32.931946,0.32199246,-0.017792465,-0.020736687,2025
36.572144,0.22194618,0.15002371,0.080862045,2025
35.53647,0.2594512,0.057205487,0.054074682,2025
33.102844,0.38227528,-0.041585222,-0.015466981,2025
34.7435,0.46965644,-0.07121216,0.032485344,2025
36.531128,0.215145,0.05672053,0.07983007,2025
34.95883,0.31061074,0.01396397,0.038444836,2025
31.650177,0.4769355,-0.03521842,-0.06207448,2025
35.967133,0.3866838,-0.06821563,0.065401025,2025
33.02423,0.36392543,0.01952428,-0.017884271,2025
33.71811,0.28344414,0.09231371,0.0030625637,2025
36.049164,0.2960447,0.10408979,0.06752774,2025
28.755127,0.58185464,-0.21282592,-0.16900355,2025
36.42517,0.21318108,0.09776499,0.07715339,2025
34.35727,0.42103207,-0.07962859,0.021608936,2025
37.32071,0.36029756,0.07467168,0.09929779,2025
35.362152,0.23779275,0.11719187,0.049411777,2025
25.326874,0.63475764,-0.2526781,-0.3272402,2025
32.210754,0.44514334,-0.077663966,-0.043590747,2025
33.642914,0.33402038,-0.007633319,0.0008343077,2025
35.693695,0.29701635,0.030107543,0.05824137,2025
34.141937,0.3496426,0.04271145,0.015438257,2025
37.898346,0.30923152,0.18027541,0.11302606,2025
31.954376,0.48339123,-0.040852126,-0.051963747,2025
32.38507,0.25502995,0.08872338,-0.0379735,2025
31.581818,0.49756837,-0.06839664,-0.06437336,2025
36.736206,0.27308884,0.050130274,0.084966876,2025
34.394867,0.40430003,0.01410155,0.022678433,2025
34.34018,0.33702084,0.0026544433,0.021122025,2025
34.805023,0.2614844,0.01249301,0.03419558,2025
33.51645,0.24675949,0.12012238,-0.0029357616,2025
31.19217,0.48847547,-0.008254928,-0.07766937,2025
35.11606,0.38090807,-0.046855,0.042750046,2025
34.470062,0.23403807,-0.043946967,0.024810428,2025
34.948578,0.1955038,0.07642916,0.038162716,2025
36.10385,0.34451416,-0.010530053,0.06894018,2025
34.69223,0.3152589,0.03329214,0.031055512,2025
34.80844,0.3228584,0.06160309,0.034290414,2025
34.832367,0.22456054,0.089945205,0.034953743,2025
32.65851,0.38945335,0.035535038,-0.029282935,2025
32.241516,0.3646361,-0.044725344,-0.042595055,2025
34.012054,0.47799727,-0.015810186,0.011678482,2025
36.097015,0.2620287,0.050208185,0.06876386,2025
32.747375,0.47096786,0.008199946,-0.02648975,2025
35.97397,0.35413805,0.029717952,0.06557862,2025
33.335297,0.48686215,-0.052419066,-0.008385966,2025
30.31717,0.47419348,-0.10406958,-0.10877256,2025
35.628754,0.22318575,0.046261646,0.056524806,2025
34.849457,0.42822105,-0.08751457,0.035426993,2025
36.134613,0.3294094,0.09370974,0.0697328,2025
34.934906,0.34126827,0.01996791,0.037786298,2025
34.44272,0.2652713,0.06465076,0.024036234,2025
34.82553,0.21420349,0.11506478,0.034764316,2025
33.906097,0.2740765,0.089534715,0.008589963,2025
33.085754,0.40317124,-0.037961572,-0.015991502,2025
29.930939,0.56044555,-0.14346114,-0.123080224,2025
28.970459,0.6036015,-0.2471596,-0.16031456,2025
27.657928,0.58265454,-0.20822617,-0.21537827,2025
32.996887,0.35960022,0.070356674,-0.018727768,2025
35.90561,0.28346908,0.053862534,0.06379961,2025
28.105713,0.6140799,-0.24321593,-0.19601469,2025
32.812317,0.3693419,-0.024714611,-0.024458144,2025
35.604828,0.22286384,0.06600199,0.05589081,2025
32.8089,0.43670395,-0.054694597,-0.02456487,2025
33.201996,0.46066612,-0.053879987,-0.012434476,2025
35.21518,0.32380152,0.0401826,0.04544444,2025
33.184906,0.4682954,-0.11369694,-0.012955869,2025
35.762054,0.27771944,0.026432585,0.06004155,2025
34.316254,0.27266607,0.07974477,0.02043954,2025
33.215668,0.31948492,0.08332243,-0.012017749,2025
32.59015,0.42631888,-0.048632454,-0.031441905,2025
37.023315,0.3223705,0.08853365,0.0920628,2025
31.923615,0.4169373,-0.037661824,-0.05297742,2025
33.724945,0.2467954,0.09308571,0.0032646395,2025
32.275696,0.29391912,0.054720074,-0.041490957,2025
37.392487,0.21469732,0.10546599,0.10102675,2025
31.554474,0.5068117,-0.064869195,-0.065295696,2025
35.11606,0.35559756,-0.012592892,0.042750046,2025
35.092133,0.22467795,0.07018995,0.042097393,2025
30.713654,0.4559154,-0.024439622,-0.09445935,2025
32.41925,0.40168962,-0.006524709,-0.036879163,2025
29.650665,0.4909792,-0.09017797,-0.13369615,2025
37.095093,0.30381316,0.03570121,0.09381962,2025
32.53888,0.4136851,-0.03942565,-0.033067085,2025
35.98764,0.40649617,0.00988013,0.065933615,2025
31.94754,0.51448715,-0.08595875,-0.052188836,2025
35.051117,0.26451206,0.046934854,0.040976487,2025
31.236603,0.4887434,-0.04397299,-0.0761364,2025
33.704437,0.48214963,-0.008225166,0.0026581658,2025
34.69565,0.22377026,0.06852625,0.031150965,2025
30.987091,0.5319624,-0.18144487,-0.08480158,2025
34.37094,0.32803437,0.09440064,0.021998115,2025
32.743958,0.28678927,0.062249787,-0.0265969,2025
35.55356,0.1918444,0.08554537,0.05452937,2025
29.59256,0.5284833,-0.12823091,-0.1359222,2025
35.580902,0.39567414,-0.083492175,0.055255957,2025
32.9422,0.40918568,-0.00455252,-0.020418962,2025
34.873383,0.23912251,0.052161112,0.036088765,2025
34.548676,0.42898864,-0.02313474,0.027029408,2025
33.895844,0.23923206,0.06203258,0.00829005,2025
32.532043,0.43219522,0.009382591,-0.03328416,2025
34.292328,0.41040328,-0.011294563,0.0197561,2025
31.093048,0.46607015,-0.099960364,-0.08110485,2025
29.74295,0.56594175,-0.19539623,-0.13017857,2025
31.838165,0.34758964,0.07760617,-0.055803467,2025
34.999847,0.44499686,-0.022059448,0.03957166,2025
34.37436,0.28237975,0.06429623,0.02209536,2025
31.718536,0.37705654,0.02042908,-0.05978551,2025
30.7034,0.47961155,-0.046364512,-0.09482486,2025
38.151276,0.25055516,0.03490195,0.118906386,2025
32.11502,0.34523025,0.027184267,-0.04670165,2025
33.451508,0.39864916,-0.0047285547,-0.0048828204,2025
33.861664,0.29887354,0.027408842,0.007289026,2025
33.017395,0.36434668,0.038907837,-0.018095015,2025
37.009644,0.26413047,0.092441164,0.0917274,2025
35.0101,0.22468299,0.05769846,0.03985296,2025
34.634125,0.25954795,0.06628004,0.029429918,2025
35.068207,0.23514853,0.079808734,0.04144385,2025
34.54184,0.46608558,-0.050728496,0.026836855,2025
36.54138,0.4553557,0.037316173,0.08008828,2025
31.171661,0.51608473,-0.092759565,-0.078378364,2025
33.38315,0.3317567,0.005568363,-0.0069405404,2025
34.497406,0.29060176,0.03386123,0.025583394,2025
37.16687,0.3037753,0.008908378,0.095569655,2025
26.724823,0.6262937,-0.25965634,-0.25781357,2025
33.133606,0.37293512,0.0008736289,-0.014524206,2025
30.699982,0.5746939,-0.1702284,-0.09494676,2025
31.568146,0.42977902,0.029220756,-0.06483433,2025
30.412872,0.48011446,-0.06752201,-0.10528348,2025
34.81186,0.42221797,-0.0059601194,0.03438523,2025
35.273285,0.23921372,0.10190215,0.047016874,2025
34.654633,0.19518766,0.067608036,0.03000428,2025
32.179993,0.47471005,-0.018744325,-0.044588346,2025
34.200043,0.33098793,0.008760484,0.017111015,2025
30.75467,0.47798148,-0.00081596605,-0.092999734,2025
36.066254,0.3193837,0.09013313,0.06796959,2025
36.035492,0.20442718,0.07968722,0.06717396,2025
32.364563,0.42326462,-0.0045715156,-0.038631212,2025
33.054993,0.31467015,0.044332813,-0.016937006,2025
32.979797,0.4426369,0.010080264,-0.019255664,2025
35.77231,0.29046944,-0.0171046,0.060310982,2025
34.37094,0.29339293,0.061713018,0.021998115,2025
34.753754,0.43557566,-0.02172991,0.0327708,2025
31.872345,0.43100622,0.015887091,-0.05467123,2025
32.82257,0.37260005,-0.027477307,-0.024138099,2025
34.012054,0.4307389,-0.015017937,0.011678482,2025
36.267944,0.22154722,0.08311257,0.07315273,2025
32.326965,0.43151435,0.07969865,-0.039839186,2025
34.042816,0.2518273,0.1218383,0.012571548,2025
36.54138,0.27255702,0.10117591,0.08008828,2025
30.740997,0.48940673,0.005341795,-0.09348584,2025
35.19467,0.25502905,0.05536542,0.044888224,2025
27.668182,0.5957928,-0.1762401,-0.21492785,2025
34.924652,0.41870022,-0.04368279,0.03750379,2025
35.642426,0.21439448,0.09663205,0.056886707,2025
34.716156,0.19919953,0.08047098,0.03172329,2025
33.51645,0.50045204,-0.039792545,-0.0029357616,2025
31.489532,0.5451979,-0.15735959,-0.06749268,2025
34.62729,0.30072287,0.030993281,0.029238313,2025
33.389984,0.36501044,0.043340806,-0.006734389,2025
33.806976,0.41839746,-0.06308732,0.005683177,2025
38.02481,0.3561211,0.13247736,0.115976,2025
27.155487,0.58501744,-0.19551523,-0.23786567,2025
34.753754,0.355548,0.08093394,0.0327708,2025
26.188202,0.60262036,-0.20683287,-0.28358737,2025
25.159393,0.6284266,-0.29111195,-0.33607537,2025
37.563385,0.3597701,0.14282094,0.10511672,2025
30.898224,0.5050566,-0.08002021,-0.087921605,2025
34.176117,0.26582333,0.06937189,0.016422922,2025
30.04715,0.39929098,-0.0050207046,-0.11873657,2025
32.426086,0.35310677,-0.0038939263,-0.03666057,2025
27.155487,0.58929574,-0.23815528,-0.23786567,2025
35.208344,0.27613986,0.026699599,0.045259107,2025
32.644836,0.36006263,-0.0003620131,-0.029714005,2025
36.281616,0.27228835,0.050260246,0.07350199,2025
29.664337,0.4611359,-0.032097347,-0.13317366,2025
33.338715,0.3635646,-0.00967137,-0.008282583,2025
29.636993,0.44708052,-0.097005494,-0.13421914,2025
38.00772,0.26074138,0.057942227,0.11557851,2025
34.31967,0.29787308,-0.042264,0.020537095,2025
34.907562,0.31633955,0.021192132,0.03703258,2025
34.688812,0.32876444,0.002286292,0.030960038,2025
38.3461,0.3354579,0.17426261,0.12338294,2025
25.617401,0.6082415,-0.25820768,-0.31218797,2025
34.955414,0.24868976,0.07714424,0.038350813,2025
34.77426,0.31180108,0.028483175,0.033341218,2025
36.15512,0.24874668,0.041198496,0.070260465,2025
35.826996,0.40325695,0.05848575,0.061745353,2025
33.42758,0.4373131,-0.010813413,-0.005602065,2025
31.014435,0.48142052,-0.07874488,-0.08384517,2025
33.02423,0.5233472,-0.00929091,-0.017884271,2025
31.598907,0.50403404,-0.085277334,-0.063797705,2025
37.043823,0.32239503,0.028097628,0.09256545,2025
27.46994,0.63108623,-0.26532057,-0.2236956,2025
33.670258,0.36591032,0.045550235,0.0016457342,2025
33.489105,0.5513729,-0.114243835,-0.0037546554,2025
29.387482,0.544005,-0.14512652,-0.14384913,2025
26.533417,0.6407249,-0.2172797,-0.26688716,2025
29.667755,0.4073408,0.0045046424,-0.1330431,2025
32.901184,0.46997684,-0.10731205,-0.021691049,2025
35.662933,0.33349907,-0.04252881,0.05742904,2025
35.12973,0.27911368,0.029768037,0.04312259,2025
33.338715,0.2964807,0.07568685,-0.008282583,2025
34.712738,0.38672033,0.028917069,0.03162795,2025
32.966125,0.48226693,-0.036389966,-0.019678375,2025
36.910522,0.29505906,0.13513719,0.08928829,2025
31.803986,0.3699623,0.0056348825,-0.056938138,2025
35.11264,0.45057005,0.0076161935,0.042656865,2025
35.645844,0.36432517,0.009126279,0.05697714,2025
34.16928,0.38051862,-0.024175815,0.016226146,2025
34.217133,0.36492515,0.03351306,0.017601922,2025
28.016815,0.59322166,-0.22030458,-0.19980966,2025
35.43051,0.2594232,0.061380513,0.051245835,2025
35.071625,0.33920476,0.057549346,0.04153727,2025
31.639923,0.48695102,-0.15166745,-0.062418677,2025
29.749786,0.5626168,-0.22367823,-0.12991887,2025
27.35373,0.6017828,-0.24354275,-0.22889443,2025
30.132599,0.52128106,-0.10117293,-0.11556409,2025
33.502777,0.43842256,-0.033229332,-0.0033450413,2025
35.04428,0.19291249,0.18349433,0.040789414,2025
32.778137,0.33993748,0.030099688,-0.025526406,2025
31.605743,0.5409836,-0.06251356,-0.063567616,2025
34.00522,0.25874117,0.091480546,0.011479803,2025
36.66443,0.24749328,0.06498218,0.08317553,2025
33.755707,0.3417117,-0.0025869438,0.0041729687,2025
30.351349,0.5609309,-0.13542204,-0.10752393,2025
33.639496,0.39468592,-0.024698377,0.00073278666,2025
32.111603,0.40602553,0.027361529,-0.046813063,2025
34.514496,0.4608128,-0.01409256,0.026065877,2025
38.728912,0.2957805,0.13592142,0.13204779,2025
33.76938,0.33421847,0.05444362,0.0045761396,2025
35.73471,0.42484614,-0.0046331906,0.059322305,2025
33.772797,0.27786788,0.06151739,0.0046768812,2025
29.924103,0.56096023,-0.13537885,-0.12333678,2025
37.095093,0.2682316,0.09018356,0.09381962,2025
28.577393,0.60159796,-0.23163588,-0.17627405,2025
29.168732,0.55077493,-0.15327023,-0.15242739,2025
34.107758,0.4317698,-0.016303431,0.014451618,2025
36.606323,0.3904154,0.015540774,0.081720255,2025
32.26886,0.43193248,0.014210655,-0.041711587,2025
36.336304,0.43118486,0.062320158,0.0748964,2025
35.697113,0.22391382,-0.0034367885,0.058331545,2025
32.911438,0.44217482,-0.0493605,-0.02137273,2025
29.44217,0.5704731,-0.13924214,-0.14172448,2025
35.878265,0.41036204,0.068726175,0.06308611,2025
34.350433,0.40869942,0.03319157,0.02141423,2025
35.950043,0.357956,-0.009341574,0.06495674,2025
36.985718,0.30625212,0.017621739,0.091139846,2025
35.816742,0.26932395,0.041432198,0.061476745,2025
33.536957,0.33908963,0.03380581,-0.0023224675,2025
26.246307,0.6243929,-0.27048334,-0.2807457,2025
34.586273,0.28300026,0.01169071,0.028087094,2025
28.79956,0.55039275,-0.15300494,-0.16719994,2025
31.961212,0.348394,0.004768929,-0.05173875,2025
32.33722,0.41682535,0.043608982,-0.03950946,2025
35.054535,0.37272167,0.028267032,0.041069996,2025
35.53305,0.35388318,-0.050433565,0.053983692,2025
39.484283,0.3089735,0.14807568,0.14865252,2025
34.91098,0.2848078,0.05744372,0.037126858,2025
34.982758,0.3739036,0.02823374,0.039102472,2025
32.644836,0.37976354,-0.025290184,-0.029714005,2025
35.95688,0.1889958,0.07666748,0.0651345,2025
31.718536,0.49779916,-0.05377806,-0.05978551,2025
36.03891,0.34442195,0.10461615,0.067262426,2025
33.755707,0.429192,0.058393057,0.0041729687,2025
33.519867,0.4613731,0.010706553,-0.0028334938,2025
33.656586,0.3668536,-0.050163098,0.0012401857,2025
30.38211,0.5185776,-0.08606885,-0.10640257,2025
33.10968,0.43490615,-0.07786739,-0.015257323,2025
36.216675,0.2079969,0.05468318,0.07184065,2025
34.52475,0.28417912,0.013008323,0.026355136,2025
31.277618,0.36733854,0.012246494,-0.07472522,2025
34.0018,0.3709199,0.034940016,0.011380434,2025
30.655548,0.56534785,-0.18801588,-0.09653382,2025
34.03598,0.2619888,0.044659644,0.012373229,2025
34.00522,0.43940413,-0.04615427,0.011479803,2025
31.304962,0.46003494,-0.066497825,-0.07378648,2025
31.44168,0.5321063,-0.12528078,-0.06911731,2025
35.594574,0.2656841,0.06077903,0.055618834,2025
33.895844,0.30378297,0.04734036,0.00829005,2025
31.537384,0.39200956,0.05089303,-0.065872975,2025
33.90268,0.37378213,0.04952303,0.008490012,2025
35.102386,0.21274255,0.07479616,0.04237721,2025
33.239594,0.39357707,0.060652383,-0.0112893,2025
36.77722,0.25921205,0.006555722,0.08598737,2025
35.068207,0.21474876,0.14088012,0.04144385,2025
31.704865,0.3603712,-0.024335373,-0.060242515,2025
36.500366,0.26466545,0.06875408,0.07905457,2025
35.13315,0.32488772,0.035008598,0.04321568,2025
31.59549,0.43270501,-0.032420907,-0.06391279,2025
37.546295,0.27061737,0.13105656,0.104709394,2025
36.018402,0.18521675,0.079882726,0.066731356,2025
40.19522,0.35594082,0.043448865,0.1637104,2025
25.292694,0.66730845,-0.23909803,-0.3290338,2025
35.26645,0.4378293,-0.034381706,0.04683215,2025
33.26352,0.39479044,0.020233585,-0.010561901,2025
35.809906,0.30571476,0.015862906,0.061297584,2025
27.411835,0.5593961,-0.22690767,-0.22628951,2025
31.971466,0.46825182,-0.036522385,-0.051401433,2025
34.316254,0.4263422,-0.0074957754,0.02043954,2025
34.159027,0.42064494,-0.028535787,0.015930835,2025
36.025238,0.27351984,0.029450368,0.06690845,2025
32.467102,0.4837477,-0.04849601,-0.03535096,2025
31.44168,0.35117787,-0.026629213,-0.06911731,2025
36.025238,0.26829267,0.054951806,0.06690845,2025
32.610657,0.4859936,-0.051301673,-0.030793263,2025
35.379242,0.1980375,0.10743356,0.049870957,2025
33.85141,0.32022893,0.054543637,0.0069883247,2025
34.822113,0.33139855,0.1281051,0.03466957,2025
34.99301,0.28827688,0.07263376,0.03938404,2025
35.823578,0.34370503,0.10627813,0.061655834,2025
29.971954,0.5535999,-0.16046375,-0.121543325,2025
29.814728,0.5677133,-0.1550941,-0.12745772,2025
31.414337,0.45956165,-0.058829013,-0.07004789,2025
33.46518,0.41660073,-0.027303452,-0.0044722855,2025
36.131195,0.39946258,-0.0029110126,0.0696448,2025
35.075043,0.18683735,0.03574925,0.041630667,2025
34.712738,0.392653,-0.04979554,0.03162795,2025
34.34018,0.2151339,0.12125563,0.021122025,2025
31.356232,0.49218652,-0.07246498,-0.072030775,2025
35.31772,0.36204728,0.05685393,0.048215833,2025
33.154114,0.30789617,0.017756386,-0.013896662,2025
35.43393,0.4294123,-0.0036274623,0.051337354,2025
25.784882,0.6136328,-0.27869424,-0.3036649,2025
34.080414,0.3207359,0.045525715,0.013660883,2025
34.634125,0.23531769,0.0868229,0.029429918,2025
37.946198,0.2984869,0.074103974,0.11414456,2025
32.35089,0.46173474,-0.015602457,-0.039070148,2025
37.238678,0.2507216,0.079950064,0.09731368,2025
33.133606,0.50199616,0.00018345295,-0.014524206,2025
33.454926,0.27015468,0.059342995,-0.004780155,2025
32.2005,0.37234336,-0.003961577,-0.04392307,2025
31.058868,0.48216432,-0.009117225,-0.08229459,2025
33.239594,0.42395377,-0.016737215,-0.0112893,2025
29.664337,0.58953625,-0.23301336,-0.13317366,2025
34.64096,0.32349232,-0.053636696,0.029621448,2025
34.904144,0.2728702,0.12225439,0.03693828,2025
34.849457,0.3849811,0.025360828,0.035426993,2025
30.7034,0.47520757,-0.063346036,-0.09482486,2025
33.33188,0.47110823,-0.044561826,-0.0084893685,2025
36.05258,0.2024384,0.0715168,0.06761614,2025
32.644836,0.24058679,0.10927298,-0.029714005,2025
32.87726,0.34614727,-0.013124289,-0.022434564,2025
36.035492,0.23540789,0.03465668,0.06717396,2025
34.16928,0.4024255,-0.040581983,0.016226146,2025
37.679596,0.38376787,0.062465243,0.1078767,2025
33.39682,0.41432062,-0.0068998593,-0.0065283226,2025
27.989471,0.60374206,-0.2267913,-0.20098178,2025
32.11502,0.47168452,-0.040948953,-0.04670165,2025
33.48227,0.3690693,-0.010680741,-0.003959588,2025
34.415375,0.32342836,0.028934471,0.02326081,2025
33.63266,0.3093197,0.014413918,0.0005296827,2025
35.577484,0.1905882,0.10585219,0.055165194,2025
34.586273,0.2114234,0.12883325,0.028087094,2025
27.68869,0.6055191,-0.24525969,-0.214028,2025
35.28354,0.26476836,0.072556674,0.047293827,2025
34.890472,0.35807723,0.04176639,0.0365609,2025
33.22934,0.4189974,-0.015413139,-0.011601364,2025
26.635956,0.6275353,-0.25722086,-0.2620101,2025
37.25235,0.26811162,0.0709579,0.09764497,2025
34.381195,0.31040618,0.07133219,0.022289796,2025
35.13315,0.20777166,-0.0055828355,0.04321568,2025
35.23227,0.22451776,0.10790011,0.04590746,2025
34.251312,0.25947157,0.06019581,0.018582266,2025
35.556976,0.28963932,0.091799505,0.054620255,2025
32.89093,0.33843797,0.04882657,-0.022009566,2025
33.810394,0.4114148,-0.049409192,0.0057836953,2025
35.30063,0.29582372,0.07575043,0.04775505,2025
34.01889,0.28110376,0.06821953,0.01187708,2025
33.543793,0.33491787,0.115494214,-0.0021182026,2025
33.964203,0.40161094,0.03574236,0.010286054,2025
30.04715,0.520741,-0.1306571,-0.11873657,2025
33.369476,0.37723646,0.07849528,-0.007353096,2025
32.600403,0.29346618,0.026637375,-0.031117482,2025
37.3378,0.24277247,0.13885513,0.09971005,2025
35.710785,0.31257486,0.048321042,0.058692064,2025
33.065247,0.64193475,-0.14275049,-0.016621642,2025
33.441254,0.32481202,0.034740686,-0.005190942,2025
24.74237,0.6441984,-0.28060645,-0.35859436,2025
26.98117,0.6394123,-0.26313195,-0.24586311,2025
32.35089,0.43223187,-0.0046935994,-0.039070148,2025
31.202423,0.4560509,-0.093820125,-0.07731522,2025
35.22885,0.21896896,0.09526868,0.045814894,2025
33.80356,0.3558026,-0.015615003,0.0055826395,2025
34.84262,0.30056736,0.012774867,0.035237752,2025
36.06967,0.23784013,0.05000805,0.06805791,2025
25.97287,0.6207671,-0.27629232,-0.29422915,2025
33.68051,0.29070452,0.050015002,0.0019496793,2025
35.157074,0.22998865,0.064837724,0.04386681,2025
36.59265,0.3602959,0.04694375,0.08137716,2025
38.73233,0.3205795,0.13376728,0.13212438,2025
31.602325,0.36506087,0.07829241,-0.06368265,2025
31.793732,0.45270354,-0.012604324,-0.057279013,2025
32.053497,0.36018217,-0.016523903,-0.04871069,2025
29.220001,0.4676967,-0.0966843,-0.15040533,2025
33.574554,0.35099167,0.01567424,-0.0012000407,2025
31.383575,0.5220629,-0.14995123,-0.07109674,2025
33.00714,0.5087599,-0.08440895,-0.018411294,2025
34.449554,0.38565996,0.060640465,0.024229897,2025
32.901184,0.47150186,-0.13349374,-0.021691049,2025
29.824982,0.50117034,-0.15103073,-0.1270701,2025
35.731293,0.2962479,0.037190355,0.05923232,2025
31.335724,0.51101875,-0.07916482,-0.07273237,2025
32.85675,0.3983947,0.018354742,-0.023072725,2025
33.591644,0.4113261,0.009044758,-0.0006906774,2025
37.89151,0.2790983,0.01034663,0.112866044,2025
34.528168,0.23614882,0.08703559,0.026451519,2025
34.40512,0.42570192,-0.025336435,0.022969708,2025
36.2406,0.26206723,0.10711504,0.07245342,2025
37.13269,0.31646067,0.10256062,0.09473715,2025
32.846497,0.3937893,0.012179306,-0.023392105,2025
28.929443,0.5029346,-0.08960849,-0.16195963,2025
34.535004,0.47285536,0.022373592,0.026644224,2025
33.048157,0.44424313,-0.05387172,-0.017147357,2025
25.477264,0.6099979,-0.2688513,-0.3194056,2025
32.43634,0.48646754,-0.008558118,-0.036332857,2025
35.714203,0.23058413,0.063225366,0.05878215,2025
33.81723,0.36663106,-0.027387971,0.0059846696,2025
34.15219,0.30807516,0.024775663,0.015733862,2025
34.306,0.5276555,-0.09042001,0.020146752,2025
36.295288,0.23178612,0.040343687,0.07385099,2025
33.434418,0.3469717,0.09632988,-0.0053964616,2025
32.162903,0.4802452,0.0012189086,-0.04514339,2025
38.02481,0.437632,0.0963505,0.115976,2025
35.60141,0.24927531,0.043971196,0.055800166,2025
25.80539,0.62154543,-0.27924985,-0.30262887,2025
34.603363,0.4115436,0.10507389,0.0285671,2025
30.18045,0.458378,0.005454453,-0.11379535,2025
37.84366,0.21600877,0.15244536,0.1117443,2025
34.124847,0.37820622,0.07258264,0.014945185,2025
37.122437,0.2784941,0.08698593,0.09448709,2025
32.28253,0.48746574,-0.05281882,-0.041270416,2025
34.664886,0.33491147,-0.020539442,0.030291205,2025
29.384064,0.62773407,-0.24416654,-0.14398219,2025
26.215546,0.59821546,-0.25032538,-0.28224856,2025
33.239594,0.49609607,-0.035774168,-0.0112893,2025
33.1644,0.37773874,0.05050716,-0.013582248,2025
33.78305,0.46890754,-0.018421046,0.0049789837,2025
31.868927,0.46219417,0.007998948,-0.054784343,2025
34.159027,0.41264457,0.032288447,0.015930835,2025
37.559967,0.2694185,0.024192544,0.10503528,2025
30.970001,0.5483497,-0.119511016,-0.085400194,2025
36.548218,0.38767183,0.07342933,0.080260344,2025
31.903107,0.3244909,0.019241877,-0.05365429,2025
33.977875,0.3017217,-0.011147395,0.01068429,2025
31.663849,0.4604652,-0.057203807,-0.061615895,2025
35.45102,0.26556906,0.13683033,0.051794674,2025
34.411957,0.32161775,0.02508746,0.023163795,2025
35.93637,0.40509275,0.057702865,0.064601004,2025
36.503784,0.27783152,0.06373939,0.079140805,2025
35.17758,0.39115542,0.09609027,0.044424217,2025
30.436798,0.5368045,-0.14337426,-0.104414634,2025
31.301544,0.5484566,-0.07806933,-0.07390374,2025
31.974884,0.516865,-0.013468807,-0.051289044,2025
38.824615,0.34106955,-0.026318759,0.1341873,2025
39.34073,0.3393812,0.111572646,0.14554594,2025
33.806976,0.31238037,0.018945603,0.005683177,2025
32.463684,0.5222323,-0.08828787,-0.03545997,2025
31.721954,0.42138675,-0.07789524,-0.05967132,2025
35.844086,0.21288384,0.053357083,0.062192697,2025
30.788849,0.55842006,-0.13587746,-0.09178636,2025
33.844574,0.37019873,0.023738272,0.0067877555,2025
31.195587,0.44651145,0.000384895,-0.07755129,2025
35.639008,0.29371807,0.015746493,0.05679626,2025
34.20346,0.40920132,-0.037990082,0.017209236,2025
28.522705,0.58393914,-0.23281987,-0.17852935,2025
35.034027,0.27542746,0.03341265,0.04050867,2025
35.07846,0.3732865,0.03571547,0.04172405,2025
37.99063,0.26173505,0.020146063,0.11518066,2025
31.67752,0.5015782,-0.038297035,-0.061157707,2025
28.00998,0.5694888,-0.18754959,-0.20010246,2025
35.9227,0.32954362,-0.013005777,0.064245,2025
35.645844,0.423564,-0.01705639,0.05697714,2025
36.083344,0.36173475,-0.05160859,0.068411015,2025
29.3909,0.55000454,-0.14499262,-0.14371611,2025
31.380157,0.32730734,0.017291188,-0.0712134,2025
35.994476,0.2868991,0.048616186,0.066111006,2025
32.275696,0.5362771,-0.0470306,-0.041490957,2025
33.256683,0.29758656,0.053694297,-0.010769622,2025
35.707367,0.34936684,0.025912914,0.05860196,2025
38.035065,0.38152617,0.09138774,0.11621433,2025
28.758545,0.4444427,-0.1629226,-0.16886461,2025
33.205414,0.54235584,-0.07586758,-0.012330262,2025
32.47052,0.50579107,-0.13332444,-0.035241976,2025
37.358307,0.34133723,0.052832775,0.10020427,2025
29.247345,0.62556964,-0.23216398,-0.14932981,2025
36.657593,0.25217652,0.2098554,0.083004564,2025
35.4852,0.30536777,0.04749828,0.052707996,2025
25.354218,0.6431865,-0.28829116,-0.32580882,2025
35.49887,0.23377833,0.053190213,0.053072833,2025
32.59015,0.34005433,0.036867082,-0.031441905,2025
36.818237,0.2769114,0.055416096,0.08700558,2025
29.40799,0.607616,-0.26737735,-0.14305146,2025
34.57602,0.42173162,0.004931129,0.027798863,2025
32.14923,0.40090767,0.004267612,-0.04558785,2025
31.87918,0.519277,-0.099852234,-0.054445073,2025
32.949036,0.46014404,-0.010485154,-0.020207256,2025
35.731293,0.19503695,0.10079533,0.05923232,2025
33.779633,0.44927427,-0.05694506,0.0048783035,2025
32.207336,0.49858984,-0.0502797,-0.0437015,2025
33.796722,0.37032318,0.00089933287,0.005381502,2025
35.38266,0.32683152,-0.027743444,0.04996274,2025
33.102844,0.41895336,0.0012507987,-0.015466981,2025
27.548553,0.60830325,-0.23984846,-0.22020364,2025
32.473938,0.3970629,0.009455552,-0.03513301,2025
36.250854,0.37012872,0.10071397,0.07271578,2025
29.756622,0.60870785,-0.2123748,-0.12965931,2025
31.17508,0.50069094,-0.06544558,-0.07826014,2025
31.301544,0.54086435,-0.12109349,-0.07390374,2025
35.823578,0.21132268,0.048966527,0.061655834,2025
24.718445,0.68273,-0.3225418,-0.3599094,2025
34.97592,0.4089874,0.043566633,0.038914666,2025
30.395782,0.43471298,-0.012310854,-0.105904914,2025
37.211304,0.2215813,0.09416931,0.096649624,2025
34.326508,0.21001023,0.06524268,0.02073215,2025
33.441254,0.42447102,0.022659635,-0.005190942,2025
34.548676,0.26414123,0.052852172,0.027029408,2025
36.370483,0.33948946,-0.00921258,0.07576578,2025
30.18045,0.5399867,-0.14535978,-0.11379535,2025
35.136566,0.23506807,0.13341455,0.043308754,2025
33.98813,0.33238485,0.0025107234,0.010982757,2025
36.859253,0.37927133,0.0384647,0.088021524,2025
33.994965,0.33177662,0.12588565,0.011181636,2025
36.736206,0.26652205,0.10123211,0.084966876,2025
33.188324,0.4414362,0.017207157,-0.0128515465,2025
32.38507,0.39633507,-0.026244996,-0.0379735,2025
31.96463,0.27950072,0.03611376,-0.051626287,2025
34.094086,0.3082131,0.061780583,0.014056409,2025
34.951996,0.25927305,0.045258615,0.03825677,2025
33.54721,0.43377924,-0.003632953,-0.0020161015,2025
35.26645,0.33382803,0.09323943,0.04683215,2025
28.946533,0.55670404,-0.2537848,-0.16127361,2025
33.198578,0.3579993,-0.08107368,-0.012538712,2025
35.659515,0.28336087,-0.0009997516,0.057338696,2025
32.272278,0.30111766,0.060371246,-0.04160126,2025
33.454926,0.3444592,0.03038658,-0.004780155,2025
30.95633,0.5280775,-0.08801728,-0.08587956,2025
28.567139,0.54417026,-0.1931627,-0.17669626,2025
34.856293,0.22882956,0.10551006,0.035616163,2025
34.545258,0.2714611,0.055262912,0.026933141,2025
31.78006,0.44609395,-0.0041400045,-0.05773386,2025
35.29721,0.33326083,0.059467256,0.047662843,2025
32.583313,0.34705058,0.044338375,-0.0316583,2025
26.967499,0.6250139,-0.251206,-0.24649474,2025
35.29721,0.313541,0.04154013,0.047662843,2025
34.57602,0.37736976,0.014855136,0.027798863,2025
29.770294,0.60341644,-0.20655982,-0.12914051,2025
31.345978,0.5129208,-0.075961985,-0.07238145,2025
34.712738,0.3615204,0.022926912,0.03162795,2025
31.407501,0.3893749,0.04083631,-0.07028079,2025
32.949036,0.54060256,-0.075024486,-0.020207256,2025
35.830414,0.32577634,-0.015665088,0.061834857,2025
33.369476,0.28903,0.05831179,-0.007353096,2025
33.80014,0.38204908,-0.008825193,0.005482081,2025
35.587738,0.19416131,0.13931221,0.05543743,2025
34.562347,0.32594344,0.026352402,0.027414288,2025
36.36023,0.23143421,0.11619234,0.07550514,2025
33.389984,0.31778392,0.17249206,-0.006734389,2025
31.373322,0.44565618,-0.062430546,-0.07144681,2025
34.596527,0.30604225,0.049992096,0.028375154,2025
32.04666,0.46471515,-0.05651788,-0.048934393,2025
36.907104,0.3040175,0.069225095,0.08920394,2025
37.289948,0.26085877,0.0020706602,0.09855477,2025
33.81723,0.38096732,0.03339271,0.0059846696,2025
35.960297,0.37202787,0.0839406,0.06522336,2025
34.483734,0.26884687,0.048331458,0.025197065,2025
35.36557,0.41999915,0.044981588,0.04950365,2025
31.383575,0.4005898,-0.04075504,-0.07109674,2025
34.429047,0.2796596,0.06860534,0.023648676,2025
31.44168,0.5048801,-0.05008851,-0.06911731,2025
35.153656,0.39249423,0.0049628993,0.043773845,2025
32.904602,0.29219317,0.008867213,-0.02158492,2025
33.290863,0.2400834,0.08823065,-0.009731866,2025
27.610077,0.57861847,-0.18932039,-0.21748467,2025
33.827484,0.4467833,0.0036872674,0.006285979,2025
36.886597,0.32416406,-0.0010315598,0.08869757,2025
35.775726,0.40053415,0.054216936,0.060400758,2025
38.7836,0.2856593,0.14021035,0.13327165,2025
36.018402,0.36571285,0.09566421,0.066731356,2025
30.860626,0.50401366,-0.043995645,-0.089247026,2025
34.360687,0.41561848,0.035203245,0.021706259,2025
33.76596,0.5072958,-0.11489669,0.0044753775,2025
32.13553,0.45714855,0.03728964,-0.04603368,2025
27.845917,0.54386485,-0.18670462,-0.20717323,2025
32.685852,0.36363506,0.04823293,-0.028421875,2025
35.02719,0.34634027,-0.019352315,0.040321413,2025
32.391907,0.46010724,0.013556103,-0.037754446,2025
32.279114,0.38746098,-0.005394639,-0.041380674,2025
32.04666,0.38040125,-0.011655203,-0.048934393,2025
36.062836,0.25203824,0.1872063,0.06788125,2025
35.60141,0.23672476,0.052453138,0.055800166,2025
27.712616,0.58613455,-0.22643144,-0.21297987,2025
34.545258,0.3048576,0.120320186,0.026933141,2025
32.21759,0.3129274,0.038556173,-0.04336932,2025
34.466644,0.28830856,0.041931503,0.024713721,2025
33.106262,0.5443111,-0.053417813,-0.015362141,2025
34.15561,0.47095776,-0.086021975,0.015832359,2025
35.30063,0.21980931,0.060002048,0.04775505,2025
34.032562,0.30434054,0.01590783,0.012274039,2025
32.99347,0.38357216,0.025377348,-0.018833304,2025
32.477356,0.48750558,-0.110826805,-0.035024073,2025
35.512543,0.28034824,0.08004692,0.053437386,2025
33.892426,0.24911897,0.051341414,0.008190039,2025
35.929535,0.3679316,0.0637524,0.06442303,2025
32.20392,0.317843,0.030511957,-0.04381227,2025
26.42746,0.611926,-0.24968624,-0.27196658,2025
33.031067,0.34900457,0.021002734,-0.017673615,2025
34.91098,0.42328262,0.030113671,0.037126858,2025
33.284027,0.39882496,-0.042829502,-0.009939248,2025
36.199554,0.438227,-0.02738491,0.071401685,2025
33.198578,0.3261718,0.07286219,-0.012538712,2025
29.315704,0.5774186,-0.18500265,-0.14664976,2025
34.52475,0.23856968,0.07486248,0.026355136,2025
35.167328,0.33264336,0.039724607,0.044145595,2025
33.46176,0.37538648,0.06261485,-0.004574888,2025
34.76059,0.28465098,0.10474843,0.032961015,2025
28.290283,0.55554855,-0.18796319,-0.1882117,2025
27.575897,0.5901542,-0.21418415,-0.21899371,2025
34.57602,0.2504674,0.03386855,0.027798863,2025
33.266937,0.3848376,-0.024474023,-0.010458072,2025
34.767426,0.33974627,-0.022264104,0.033151153,2025
34.500824,0.43146136,0.028625261,0.02567993,2025
26.820526,0.60714865,-0.24533615,-0.25332534,2025
30.306915,0.6003596,-0.1789205,-0.1091477,2025
33.906097,0.45616937,0.010154988,0.008589963,2025
34.470062,0.37509197,-0.00064046535,0.024810428,2025
33.6019,0.44292438,0.014423781,-0.00038530806,2025
34.77426,0.2648,0.09885321,0.033341218,2025
33.1644,0.43677992,-0.009002225,-0.013582248,2025
36.117523,0.45007622,-0.06151775,0.06929262,2025
34.31967,0.52366716,-0.13975556,0.020537095,2025
36.151703,0.20854676,0.14239511,0.07017256,2025
36.89685,0.20919554,0.10116359,0.08895083,2025
30.238556,0.6210888,-0.24432969,-0.111655116,2025
34.046234,0.23757337,0.058953434,0.012670677,2025
34.415375,0.3405289,0.07324515,0.02326081,2025
35.51596,0.23100004,0.06822707,0.05352848,2025
34.77426,0.28482625,0.136124,0.033341218,2025
35.55014,0.2627532,0.02431589,0.054438464,2025
32.928528,0.3724905,-0.026421906,-0.02084264,2025
34.85971,0.38772836,-0.07177835,0.035710722,2025
36.117523,0.2492041,-0.024488786,0.06929262,2025
33.273773,0.41456354,0.008165353,-0.010250478,2025
34.634125,0.35511902,0.09352787,0.029429918,2025
35.932953,0.28140128,0.024639856,0.06451203,2025
36.213226,0.22157803,0.14606546,0.071752265,2025
35.208344,0.37716088,0.050720874,0.045259107,2025
27.408417,0.62817746,-0.23885177,-0.22644243,2025
36.032074,0.349514,0.012119727,0.067085475,2025
31.093048,0.38942137,-0.031103581,-0.08110485,2025
34.651215,0.22389331,0.042553075,0.0299086,2025
34.411957,0.23263837,0.0743385,0.023163795,2025
33.660004,0.3096359,0.035471883,0.0013416037,2025
37.4711,0.3472238,0.085596964,0.10291277,2025
31.144318,0.48918468,-0.08051386,-0.07932515,2025
30.997345,0.49079886,-0.10804571,-0.08444273,2025
31.5784,0.504394,-0.046830703,-0.06448856,2025
25.88742,0.6479355,-0.20801304,-0.29850113,2025
32.364563,0.49884966,-0.025889916,-0.038631212,2025
35.119476,0.34121668,0.09692638,0.042843208,2025
35.327972,0.33787635,0.013114347,0.04849209,2025
37.074585,0.325928,-0.027525948,0.093318366,2025
37.341217,0.23840918,0.055378404,0.09979246,2025
35.539886,0.46230632,-0.08827254,0.054165654,2025
33.991547,0.2845389,0.06399102,0.011082207,2025
28.943115,0.5585268,-0.13535367,-0.16141075,2025
36.60974,0.2621864,0.028144035,0.08180598,2025
36.804565,0.23714799,-0.018327719,0.08666643,2025
32.97638,0.29789552,0.029486014,-0.01936131,2025
34.131683,0.46735454,0.009092252,0.015142472,2025
35.13315,0.3566308,0.044816196,0.04321568,2025
36.927612,0.29712537,0.13231476,0.08970975,2025
35.656097,0.20114616,0.052102722,0.05724833,2025
32.11844,0.3464238,0.0029747619,-0.046590265,2025
32.962708,0.34739238,0.04578156,-0.019784108,2025
38.137604,0.33482754,0.16567688,0.11859053,2025
31.15799,0.49009222,-0.022908637,-0.07885155,2025
34.99643,0.2741284,0.13609861,0.039477862,2025
33.000305,0.407697,-0.026354913,-0.018622255,2025
29.565216,0.5259031,-0.23185493,-0.13697276,2025
34.531586,0.44702443,0.0037096099,0.02654788,2025
35.63559,0.344128,-0.011793493,0.05670579,2025
33.34555,0.3442393,0.040136307,-0.008075883,2025
32.326965,0.5131931,-0.03734029,-0.039839186,2025
33.711273,0.43182367,0.014519518,0.0028604057,2025
29.647247,0.5146313,-0.15520054,-0.13382685,2025
29.449005,0.6017574,-0.19085382,-0.14145945,2025
36.233765,0.28613907,0.066571,0.072278425,2025
34.934906,0.435294,0.019451406,0.037786298,2025
32.060333,0.3658323,-0.022290379,-0.048487082,2025
35.12973,0.2471606,0.08617201,0.04312259,2025
33.19516,0.43219167,0.00806688,-0.012642968,2025
32.70294,0.4224442,-0.025649436,-0.027884444,2025
32.50128,0.49980402,-0.067253545,-0.034262143,2025
33.09601,0.46066055,-0.040383298,-0.015676724,2025
34.80844,0.31991053,0.11317277,0.034290414,2025
32.566223,0.47078064,-0.04317102,-0.032199685,2025
33.031067,0.35238737,0.043799944,-0.017673615,2025
35.003265,0.22007082,0.07838635,0.039665446,2025
34.75717,0.25937626,0.051813006,0.03286592,2025
32.36798,0.25483358,0.08594407,-0.038521536,2025
34.45981,0.3663656,-0.015878553,0.024520248,2025
34.917816,0.48120043,-0.0061191926,0.03731536,2025
34.982758,0.35521048,-0.056997117,0.039102472,2025
35.26303,0.21821213,0.047200635,0.046739765,2025
29.185822,0.61105216,-0.25365812,-0.15175258,2025
32.92169,0.4189245,-0.010299483,-0.02105461,2025
34.244476,0.26618233,0.027475959,0.018386353,2025
32.699524,0.43812978,-0.05189712,-0.027991885,2025
35.08188,0.23492835,0.114230156,0.04181741,2025
35.724457,0.27251425,0.04636498,0.059052303,2025
34.350433,0.30625063,0.0013665385,0.02141423,2025
33.06183,0.46998373,0.0012493947,-0.016726742,2025
34.565765,0.2899423,0.096541435,0.02751046,2025
33.116516,0.44031477,-0.11008817,-0.015047753,2025
31.79715,0.41863987,0.013018456,-0.057165362,2025
32.901184,0.47860992,-0.10301775,-0.021691049,2025
31.205841,0.4200946,-0.11365232,-0.077197224,2025
34.55551,0.3380722,0.008528579,0.027221886,2025
35.95688,0.2761877,0.1269214,0.0651345,2025
35.91928,0.42359677,0.057623953,0.06415595,2025
33.41391,0.35485035,-0.017047489,-0.0060135243,2025
34.012054,0.24017884,0.055608045,0.011678482,2025
25.087616,0.6315856,-0.26896307,-0.33989796,2025
34.275238,0.42815205,-0.090566516,0.019267343,2025
33.123352,0.40942895,-0.011062516,-0.01483827,2025
33.76596,0.46460587,-0.073788516,0.0044753775,2025
33.31479,0.29377005,0.05053771,-0.009006704,2025
29.732697,0.54403347,-0.12400544,-0.13056834,2025
34.333344,0.32392415,0.010655272,0.020927127,2025
39.347565,0.38178676,0.13332465,0.14569439,2025
36.749878,0.34619328,0.038187914,0.08530729,2025
37.912018,0.33299267,0.17021994,0.11334592,2025
32.914856,0.49890763,0.0012365149,-0.021266669,2025
35.625336,0.20666619,0.08006547,0.05643429,2025
34.059906,0.31607616,0.10621886,0.013066998,2025
34.856293,0.25596422,0.111145675,0.035616163,2025
32.378235,0.3619401,0.0009195145,-0.038192645,2025
39.330475,0.33788514,0.15630682,0.14532317,2025
32.323547,0.43139347,-0.0034251758,-0.03994914,2025
32.716614,0.5482214,-0.1503635,-0.027454905,2025
33.386566,0.38748106,0.0024997233,-0.006837454,2025
31.927032,0.48915988,-0.008682746,-0.052864693,2025
36.097015,0.2943889,0.034211796,0.06876386,2025
37.242096,0.28639504,0.17069203,0.09739652,2025
31.769806,0.45811352,-0.039362997,-0.05807525,2025
35.368988,0.2945803,0.016397428,0.049595505,2025
35.088715,0.4533947,-0.123742945,0.042004086,2025
32.005646,0.42297068,0.00097000913,-0.050278615,2025
33.099426,0.43760112,-0.056083705,-0.015571841,2025
33.403656,0.5040706,-0.03257531,-0.00632234,2025
34.74008,0.35753882,-0.04243495,0.03239015,2025
34.34018,0.34053847,0.012258586,0.021122025,2025
37.313873,0.21153669,0.16109148,0.09913278,2025
39.149323,0.2684105,0.031219833,0.1413684,2025
32.361145,0.42679608,-0.019812126,-0.03874091,2025
33.266937,0.4384767,0.056020897,-0.010458072,2025
33.53354,0.37184334,0.057755925,-0.002424631,2025
35.95688,0.2578973,0.055392306,0.0651345,2025
31.523712,0.44733128,-0.0014033406,-0.066335246,2025
36.86267,0.33363903,0.062015884,0.08810609,2025
32.545715,0.32800928,0.0045086374,-0.032850098,2025
36.302124,0.32076782,0.14966202,0.074025385,2025
34.931488,0.26801962,0.006296225,0.03769215,2025
36.667847,0.38178456,0.104253106,0.083261,2025
34.97934,0.5208717,-0.10488583,0.03900858,2025
33.14044,0.48156542,-0.15746641,-0.014314938,2025
31.636505,0.49413016,-0.11012856,-0.06253346,2025
35.327972,0.33491886,-0.014264935,0.04849209,2025
34.904144,0.43060368,0.03540977,0.03693828,2025
37.078003,0.29188278,0.14402334,0.093401946,2025
39.368073,0.33263603,0.09431517,0.14613941,2025
33.437836,0.43305165,0.018361151,-0.0052936915,2025
33.372894,0.47236168,0.011178464,-0.0072499253,2025
32.918274,0.35242078,0.043275278,-0.021160629,2025
35.9227,0.2907297,0.05676185,0.064245,2025
35.389496,0.22964932,0.092911854,0.050146252,2025
33.711273,0.389825,0.021079207,0.0028604057,2025
34.128265,0.3871929,-0.0068700644,0.015043838,2025
27.40158,0.5613219,-0.15728125,-0.22674839,2025
33.588226,0.4488488,-0.015343871,-0.0007925086,2025
32.911438,0.44335085,-0.010660162,-0.02137273,2025
31.824493,0.4074924,0.022659266,-0.056257043,2025
32.364563,0.4465803,0.006109565,-0.038631212,2025
35.645844,0.34009948,0.04308471,0.05697714,2025
35.594574,0.49895132,-0.12202811,0.055618834,2025
32.750793,0.46212816,-0.1350707,-0.026382623,2025
31.08963,0.49770632,-0.10020307,-0.08122371,2025
34.62387,0.3182052,0.1433172,0.029142484,2025
33.724945,0.3702333,0.06190836,0.0032646395,2025
37.095093,0.35890183,-0.046778444,0.09381962,2025
31.065704,0.50487876,-0.08002842,-0.08205643,2025
33.39682,0.52782226,-0.036614947,-0.0065283226,2025
32.429504,0.4902968,-0.016383074,-0.03655131,2025
29.00122,0.53578156,-0.121326275,-0.15908381,2025
34.671722,0.48519987,-0.12030569,0.030482395,2025
35.809906,0.318658,-0.00020337841,0.061297584,2025
31.35965,0.5006094,-0.054694086,-0.07191393,2025
35.748383,0.30568513,0.05377435,0.059682064,2025
33.06183,0.39616483,-0.007418321,-0.016726742,2025
35.673187,0.20853773,0.03970052,0.057699975,2025
33.789886,0.3705861,0.052771825,0.005180284,2025
35.03061,0.22328435,-0.003774541,0.040415052,2025
35.83383,0.3759714,-0.035906546,0.061924342,2025
37.563385,0.3011314,0.07036381,0.10511672,2025
35.639008,0.37659532,0.018284945,0.05679626,2025
36.835327,0.36049598,0.12480235,0.087429166,2025
33.588226,0.29654038,0.026914654,-0.0007925086,2025
34.11801,0.41024995,-0.028666984,0.014747817,2025
33.977875,0.42677373,-0.020326462,0.01068429,2025
33.417328,0.34163463,0.04207592,-0.005910628,2025
38.308502,0.32577252,0.14078687,0.12252259,2025
33.977875,0.3999618,-0.08713826,0.01068429,2025
31.91336,0.41447905,-0.026108457,-0.053315748,2025
38.728912,0.32315832,0.107309714,0.13204779,2025
31.810822,0.60250163,-0.18723741,-0.056711007,2025
31.971466,0.30018625,0.047681335,-0.051401433,2025
34.931488,0.25860488,0.012207238,0.03769215,2025
33.133606,0.47663924,-0.0040783836,-0.014524206,2025
36.807983,0.4529242,-0.035002656,0.08675124,2025
32.59015,0.42166677,0.043558013,-0.031441905,2025
32.610657,0.4692417,0.047971535,-0.030793263,2025
32.55597,0.5658175,-0.13142909,-0.03252479,2025
33.88559,0.47828916,-0.0059811706,0.007989954,2025
34.11801,0.36875838,0.020289492,0.014747817,2025
33.417328,0.4971863,-0.05423024,-0.005910628,2025
27.30246,0.6344231,-0.27217764,-0.23120208,2025
32.79181,0.33774185,0.022764158,-0.025098834,2025
36.859253,0.24340346,0.106311195,0.088021524,2025
32.559387,0.32649004,0.051331703,-0.0324164,2025
36.042328,0.25832433,0.017489094,0.06735088,2025
32.90802,0.3849766,-0.017224774,-0.021478815,2025
30.177032,0.568979,-0.15638478,-0.1139215,2025
34.33676,0.46461353,-0.07148081,0.021024587,2025
30.51883,0.5553102,-0.15211527,-0.10144609,2025
34.986176,0.23713139,0.008641034,0.039196346,2025
34.647797,0.26457316,0.034262013,0.029812902,2025
33.622406,0.43978745,-0.0076754116,0.00022487176,2025
32.357727,0.49530962,-0.03780152,-0.038850635,2025
33.789886,0.29718682,0.031508,0.005180284,2025
33.437836,0.42194885,-0.008650138,-0.0052936915,2025
35.731293,0.25917757,0.08543112,0.05923232,2025
32.3714,0.4335909,-0.00013162562,-0.03841188,2025
33.71811,0.47276756,-0.031066816,0.0030625637,2025
33.472015,0.45787984,-0.040610585,-0.0042671436,2025
36.250854,0.28628278,0.010879427,0.07271578,2025
33.728363,0.5064311,-0.046214044,0.0033656468,2025
36.69861,0.38008854,0.110338435,0.08402943,2025
34.292328,0.3450516,0.0066921245,0.0197561,2025
36.196136,0.42209756,0.07982282,0.071314,2025
32.699524,0.41380984,-0.0010042371,-0.027991885,2025
35.505707,0.21997628,-0.008174046,0.053255145,2025
33.83432,0.21945032,0.07116792,0.0064867507,2025
33.403656,0.45238215,-0.031285103,-0.00632234,2025
35.17758,0.4588452,-0.07118787,0.044424217,2025
33.256683,0.32482892,0.053484652,-0.010769622,2025
36.555054,0.22870049,0.013052295,0.08043234,2025
32.545715,0.2901326,0.06993317,-0.032850098,2025
31.605743,0.49510828,-0.029300375,-0.063567616,2025
34.056488,0.21990828,0.12322416,0.012967948,2025
32.330383,0.27340516,0.07847335,-0.039729252,2025
25.005554,0.6337896,-0.27204856,-0.34429514,2025
35.556976,0.26965278,-0.009341027,0.054620255,2025
33.95395,0.46859622,-0.075909935,0.009987165,2025
33.085754,0.46815714,-0.005040106,-0.015991502,2025
31.34256,0.3424159,0.036870487,-0.0724984,2025
33.485687,0.48407322,-0.07752957,-0.0038571113,2025
34.528168,0.43933678,-0.020441348,0.026451519,2025
31.400665,0.5074012,-0.058110435,-0.07051379,2025
35.34848,0.45054704,-0.007131824,0.049044117,2025
34.008636,0.29349694,0.04060111,0.011579153,2025
33.492523,0.40282393,0.0028188059,-0.0036522206,2025
34.89389,0.28856525,0.027310638,0.036655273,2025
33.304535,0.4684171,-0.09564412,-0.009317361,2025
31.571564,0.41728723,0.0008153007,-0.06471905,2025
34.35385,0.45001316,-0.012924705,0.021511592,2025
31.564728,0.5069595,-0.086714834,-0.06494963,2025
36.36023,0.30079672,0.0046276357,0.07550514,2025
34.75717,0.40488535,-0.018164573,0.03286592,2025
28.338135,0.59870994,-0.16472542,-0.18620528,2025
33.489105,0.43855214,0.009877032,-0.0037546554,2025
34.159027,0.24333617,0.07553248,0.015930835,2025
30.597443,0.54944146,-0.11444832,-0.09861617,2025
33.04132,0.46951106,0.018377682,-0.017357795,2025
35.440765,0.2242676,0.0462913,0.051520336,2025
34.497406,0.2709069,0.13497996,0.025583394,2025
36.199554,0.3872636,-0.078648545,0.071401685,2025
30.860626,0.4335265,-0.07047613,-0.089247026,2025
33.000305,0.4056428,0.031954672,-0.018622255,2025
34.917816,0.45812133,0.02619138,0.03731536,2025
33.793304,0.44741097,-0.09031875,0.005280903,2025
32.51837,0.3001117,0.03856483,-0.033718593,2025
34.176117,0.39493865,0.02248873,0.016422922,2025
34.552094,0.4013811,0.053599194,0.027125657,2025
34.15219,0.38240135,-0.03250019,0.015733862,2025
34.951996,0.45912606,-0.0061491816,0.03825677,2025
35.85092,0.37800312,0.08555944,0.06237152,2025
37.416412,0.2426575,0.038141623,0.10160159,2025
34.470062,0.32239953,0.026649179,0.024810428,2025
35.4476,0.22545213,0.080085345,0.051703244,2025
34.306,0.32007322,0.033546787,0.020146752,2025
34.511078,0.23403187,0.082929485,0.025969418,2025
35.697113,0.26259688,0.103647664,0.058331545,2025
36.69861,0.3483387,0.0054346477,0.08402943,2025
33.841156,0.31942913,0.018761225,0.006687441,2025
35.184418,0.4090845,-0.006008319,0.044609874,2025
30.23172,0.4984301,-0.058990452,-0.11190648,2025
35.574066,0.19802517,0.08163953,0.055074416,2025
35.64926,0.22372676,0.04986133,0.057067554,2025
29.284943,0.47229105,-0.10966262,-0.14785422,2025
33.219086,0.4528963,0.008919176,-0.011913621,2025
34.699066,0.3329278,0.01781356,0.0312464,2025
33.44467,0.40295997,0.013613593,-0.005088214,2025
36.233765,0.30585232,0.13443321,0.072278425,2025
34.312836,0.45150274,-0.00018273694,0.020341963,2025
34.57602,0.44248837,0.048847303,0.027798863,2025
31.653595,0.48952243,-0.027404033,-0.061959796,2025
31.564728,0.34879443,0.08194966,-0.06494963,2025
29.544708,0.3886032,-0.0149020385,-0.13776197,2025
33.37973,0.27824035,0.056738324,-0.0070436476,2025
32.716614,0.5148455,-0.07459568,-0.027454905,2025
27.938202,0.599332,-0.20550498,-0.2031857,2025
33.219086,0.4108185,0.024830164,-0.011913621,2025
37.24893,0.39007333,0.10324212,0.09756217,2025
35.697113,0.22717558,0.11815647,0.058331545,2025
31.817657,0.48814985,0.00074439414,-0.056483977,2025
35.50229,0.358528,0.0066445023,0.053163998,2025
35.70053,0.4660053,0.025532704,0.0584217,2025
35.379242,0.16931775,0.07654341,0.049870957,2025
32.41925,0.40301606,-0.049066916,-0.036879163,2025
31.277618,0.48156807,-0.0776664,-0.07472522,2025
35.779144,0.25905955,0.060528994,0.06049052,2025
27.206757,0.5750657,-0.23936307,-0.23553298,2025
36.014984,0.26884487,0.002207408,0.06664278,2025
34.097504,0.48643747,0.0032507877,0.014155241,2025
32.467102,0.4613332,-0.10173196,-0.03535096,2025
36.59607,0.3754778,-0.013007982,0.08146296,2025
38.927155,0.38692644,0.03813803,0.13646796,2025
31.479279,0.52965635,-0.095671676,-0.0678404,2025
32.750793,0.41570476,0.039644748,-0.026382623,2025
32.224426,0.48458546,-0.03052405,-0.043147985,2025
32.638,0.44226277,0.018470995,-0.029929677,2025
25.825897,0.60227835,-0.25106055,-0.30159447,2025
31.769806,0.33438072,0.10323486,-0.05807525,2025
33.677094,0.2829542,0.029292742,0.0018483849,2025
32.35089,0.5243656,-0.1969158,-0.039070148,2025
34.97592,0.42993763,0.028736876,0.038914666,2025
34.25815,0.30309755,0.112339884,0.018778099,2025
31.855255,0.37931034,-0.0004782833,-0.055237044,2025
33.42758,0.47346428,-0.13029324,-0.005602065,2025
31.34256,0.4550757,-0.019023128,-0.0724984,2025
33.83432,0.3273916,0.050689626,0.0064867507,2025
32.036407,0.45778978,-0.010392468,-0.049270127,2025
30.949493,0.57773304,-0.17794988,-0.0861194,2025
35.529633,0.25669634,0.038884934,0.053892683,2025
30.662384,0.59525305,-0.18362829,-0.09628936,2025
37.310455,0.23662753,0.052989144,0.09905025,2025
31.855255,0.53232926,-0.13094074,-0.055237044,2025
32.45685,0.4544219,-0.09416312,-0.03567805,2025
34.18637,0.403074,0.021506598,0.016717937,2025
34.681976,0.26962122,0.0149091445,0.030769037,2025
35.088715,0.30468664,0.06654951,0.042004086,2025
36.551636,0.44728577,-0.023212742,0.080346346,2025
31.793732,0.46296823,-0.029311933,-0.057279013,2025
34.969086,0.30454057,0.034664642,0.038726788,2025
35.362152,0.2632767,0.042911604,0.049411777,2025
35.926117,0.27174914,0.022106465,0.06433403,2025
33.796722,0.39405677,0.016875176,0.005381502,2025
26.383026,0.6456961,-0.21613856,-0.27410877,2025
33.12677,0.34766942,0.03944254,-0.01473356,2025
30.136017,0.57342416,-0.15260942,-0.11543757,2025
36.507202,0.24197337,0.1618846,0.07922702,2025
39.200592,0.29606253,0.14391738,0.14249139,2025
33.489105,0.4464151,0.0060094385,-0.0037546554,2025
32.33722,0.39778545,0.054231536,-0.03950946,2025
29.049072,0.4232423,-0.07802154,-0.15717448,2025
34.750336,0.42053917,-0.040950295,0.03267567,2025
33.376312,0.49987665,-0.016425116,-0.0071467757,2025
33.71469,0.46259335,-0.0015074745,0.002961495,2025
31.349396,0.4530494,-0.00074897194,-0.07226454,2025
32.836243,0.30131704,0.038445268,-0.023711683,2025
35.741547,0.22134013,0.07089641,0.059502218,2025
35.160492,0.35400683,-0.005875406,0.043959755,2025
35.909027,0.36650756,-0.01804214,0.06388872,2025
30.118927,0.4914835,-0.10059794,-0.11607048,2025
34.545258,0.38331106,-0.050099134,0.026933141,2025
27.979218,0.5573677,-0.1659327,-0.20142192,2025
31.219513,0.50845605,-0.056289107,-0.07672549,2025
35.645844,0.22949716,0.054747906,0.05697714,2025
32.679016,0.4763401,0.016655318,-0.028637005,2025
34.38803,0.3806708,-0.022358136,0.022484152,2025
35.09897,0.46717402,0.006991983,0.042283956,2025
33.588226,0.3200432,0.038769033,-0.0007925086,2025
36.79773,0.24718313,0.096402116,0.086496755,2025
35.505707,0.17662574,0.08233264,0.053255145,2025
26.810272,0.6122566,-0.24411601,-0.2538047,2025
31.564728,0.37781945,0.006662507,-0.06494963,2025
31.246857,0.54114705,-0.1646372,-0.07578326,2025
31.84842,0.31521657,0.026319852,-0.05546354,2025
35.707367,0.26027077,-0.043236114,0.05860196,2025
28.73462,0.5129785,-0.085107565,-0.16983786,2025
37.515533,0.22996975,0.1049809,0.10397528,2025
32.583313,0.5229296,-0.07214182,-0.0316583,2025
37.24893,0.27868688,0.1002996,0.09756217,2025
37.549713,0.3071178,0.16382249,0.10479089,2025
35.051117,0.26467216,-0.07192225,0.040976487,2025
32.627747,0.4624366,-0.036435477,-0.030253353,2025
32.9422,0.28612557,0.07947184,-0.020418962,2025
35.744965,0.29841238,0.18914087,0.05959215,2025
32.80548,0.4859403,-0.0560321,-0.024671618,2025
28.601318,0.5893318,-0.21593195,-0.17529006,2025
34.99643,0.27145377,0.028739356,0.039477862,2025
34.45981,0.26459345,0.14663157,0.024520248,2025
31.824493,0.43008053,-0.03491931,-0.056257043,2025
32.77472,0.40506804,-0.02440107,-0.025633356,2025
31.202423,0.46688095,-0.04599441,-0.07731522,2025
32.867004,0.43370983,-0.007887749,-0.022753546,2025
28.63208,0.5019228,-0.10263906,-0.17402735,2025
35.222015,0.338245,0.0065452233,0.045629703,2025
33.31479,0.28708702,0.026479311,-0.009006704,2025
35.93979,0.2607556,0.099901035,0.064689964,2025
36.083344,0.2198534,0.054193165,0.068411015,2025
35.105804,0.2885006,0.10439147,0.042470448,2025
37.14978,0.21962872,0.08421503,0.09515359,2025
32.05008,0.424448,-0.097564235,-0.04882253,2025
34.411957,0.27843797,0.08018294,0.023163795,2025
32.313293,0.5099658,-0.05507011,-0.040279146,2025
32.58673,0.5155789,-0.099619225,-0.03155009,2025
31.927032,0.4731561,0.0014542453,-0.052864693,2025
38.838287,0.3109017,0.11040124,0.13449208,2025
31.916779,0.43915832,-0.04284128,-0.05320295,2025
34.1727,0.4261291,-0.064419985,0.016324542,2025
36.049164,0.2854795,0.059728123,0.06752774,2025
36.22693,0.1818003,0.10143915,0.072103366,2025
31.991974,0.3957103,-0.01566695,-0.050727453,2025
36.076508,0.22588535,0.10972086,0.068234496,2025
35.625336,0.3311327,-0.04309578,0.05643429,2025
30.81961,0.51136506,-0.083277725,-0.090696625,2025
32.685852,0.38995036,-0.014310563,-0.028421875,2025
31.22293,0.56942356,-0.17757119,-0.076607615,2025
32.009064,0.3732106,-0.040019747,-0.050166465,2025
31.749298,0.4453322,0.0045268913,-0.05875869,2025
31.800568,0.4135134,-0.06491618,-0.057051737,2025
34.733246,0.34766868,-0.013696305,0.032199714,2025
34.764008,0.22129382,0.10264939,0.033056095,2025
36.083344,0.30918103,0.0824053,0.068411015,2025
32.996887,0.38904148,-0.040032353,-0.018727768,2025
30.03006,0.56159276,-0.13457423,-0.11937324,2025
37.156616,0.33429366,0.13701119,0.09532006,2025
35.88852,0.20775142,0.074820206,0.0633538,2025
34.449554,0.29525638,0.12949766,0.024229897,2025
32.224426,0.50323534,-0.07319311,-0.043147985,2025
36.654175,0.39492008,0.086981066,0.082919054,2025
28.406494,0.5826809,-0.21145314,-0.18335071,2025
30.139435,0.5376105,-0.17040873,-0.11531107,2025
31.824493,0.4368653,0.00012313687,-0.056257043,2025
33.191742,0.46190166,0.028817823,-0.012747247,2025
31.783478,0.5158498,-0.07871269,-0.05762011,2025
33.12677,0.32491615,0.027743664,-0.01473356,2025
36.25769,0.19566318,0.059839863,0.07289061,2025
37.019897,0.22782771,0.05633195,0.091978975,2025
29.3909,0.5767783,-0.17525962,-0.14371611,2025
33.318207,0.42391077,-0.05893436,-0.008903195,2025
30.976837,0.4786217,-0.104664646,-0.085160665,2025
34.141937,0.21394543,0.12394716,0.015438257,2025
32.091095,0.35895753,-0.026917107,-0.04748203,2025
30.8367,0.49138087,-0.11847324,-0.09009216,2025
29.243927,0.50042707,-0.08746579,-0.14946413,2025
34.415375,0.36584443,0.0034155487,0.02326081,2025
33.878754,0.31979057,0.026294319,0.00778979,2025
35.454437,0.4042873,0.008531319,0.051886085,2025
33.325043,0.4713258,-0.08205005,-0.008696239,2025
37.129272,0.25054002,0.08665718,0.094653815,2025
38.540924,0.24811453,0.20462622,0.12781423,2025
32.566223,0.44500026,-0.096090004,-0.032199685,2025
32.72345,0.29770413,0.02752649,-0.027240269,2025
34.798187,0.30296502,0.049158387,0.03400585,2025
34.25473,0.5033487,-0.013258311,0.018680193,2025
31.25711,0.5648768,-0.15052916,-0.07543035,2025
34.562347,0.22677977,0.10525494,0.027414288,2025
32.634583,0.48919484,-0.04426893,-0.030037545,2025
35.21518,0.2930743,0.058978636,0.04544444,2025
33.318207,0.43260688,-0.033428803,-0.008903195,2025
31.995392,0.45909163,-0.07655597,-0.05061521,2025
32.64142,0.3503068,0.017414972,-0.02982183,2025
35.16391,0.22916882,0.057070237,0.044052687,2025
34.309418,0.22792633,0.0966077,0.020244367,2025
35.909027,0.38513076,-0.04830265,0.06388872,2025
30.470978,0.5088989,-0.13260072,-0.1031758,2025
32.45685,0.3968259,-0.046868954,-0.03567805,2025
37.57022,0.19249137,0.01751073,0.10527954,2025
35.509125,0.38024834,0.05489414,0.053346273,2025
36.076508,0.24687283,0.10518721,0.068234496,2025
32.111603,0.38056946,0.006871906,-0.046813063,2025
35.758636,0.28098547,0.16760288,0.059951704,2025
29.958282,0.5810036,-0.20758265,-0.12205516,2025
33.417328,0.29830757,0.04499868,-0.005910628,2025
27.056366,0.62097394,-0.24337816,-0.2424006,2025
36.44568,0.3347693,0.12435315,0.077672675,2025
33.841156,0.33689818,0.009429004,0.006687441,2025
38.24356,0.23085499,0.059704423,0.12103254,2025
33.420746,0.39150187,0.03300617,-0.0058077527,2025
32.661926,0.45597243,-0.07162445,-0.029175224,2025
25.391815,0.61156684,-0.28033832,-0.32384568,2025
31.250275,0.5724917,-0.20092064,-0.07566559,2025
36.24402,0.3934667,0.03293938,0.07254089,2025
37.542877,0.22443955,0.09012162,0.104627885,2025
35.218597,0.19292116,0.03196765,0.04553708,2025
34.493988,0.3202426,-0.0137612065,0.02548684,2025
30.631622,0.5168817,-0.085606724,-0.0973903,2025
30.412872,0.56912047,-0.12681274,-0.10528348,2025
32.92511,0.4115194,0.010778359,-0.020948613,2025
37.16687,0.31634524,0.06827936,0.095569655,2025
25.55246,0.606132,-0.25621727,-0.31552288,2025
33.861664,0.40327322,0.020101357,0.007289026,2025
32.99005,0.5974546,-0.09427752,-0.018938862,2025
32.846497,0.21331656,0.12852407,-0.023392105,2025
35.0101,0.34704584,0.04147548,0.03985296,2025
34.25473,0.36228728,0.020066807,0.018680193,2025
33.86508,0.3324335,0.035773132,0.007389219,2025
33.12677,0.23879795,0.074999064,-0.01473356,2025
31.51004,0.46039012,-0.049063012,-0.06679791,2025
33.46176,0.30899027,-0.0005523147,-0.004574888,2025
35.41684,0.34885755,0.042323213,0.05087959,2025
30.262482,0.56539,-0.13636178,-0.11077623,2025
31.968048,0.44185564,-0.059527818,-0.051513847,2025
36.179047,0.2684705,0.032673955,0.07087532,2025
24.84491,0.66383505,-0.2937621,-0.35298723,2025
30.597443,0.58751607,-0.23872755,-0.09861617,2025
32.415833,0.42808995,-0.015309773,-0.036988493,2025
35.51938,0.33126017,0.041365474,0.05361956,2025
35.775726,0.27465734,0.038658872,0.060400758,2025
25.313202,0.62360287,-0.27514195,-0.32795706,2025
31.663849,0.54111165,-0.06769746,-0.061615895,2025
28.180908,0.59785235,-0.18743259,-0.19282335,2025
34.883636,0.2745837,0.04293307,0.036372103,2025
35.891937,0.32002547,-0.017735003,0.063443,2025
34.999847,0.37232596,0.03683449,0.03957166,2025
31.872345,0.5428148,-0.17806028,-0.05467123,2025
40.523376,0.35798243,0.08777518,0.17048262,2025
34.999847,0.36167794,-0.009281303,0.03957166,2025
34.545258,0.24723029,0.056250874,0.026933141,2025
31.44168,0.3947028,-0.006348019,-0.06911731,2025
33.560883,0.33652914,0.0750408,-0.0016079049,2025
33.93686,0.4141826,0.0069823344,0.009488617,2025
33.813812,0.24632145,0.0501749,0.0058841924,2025
33.543793,0.29437113,0.0068444554,-0.0021182026,2025
37.898346,0.30719668,0.106197655,0.11302606,2025
33.102844,0.5063718,0.0055703185,-0.015466981,2025
29.47293,0.577321,-0.17208022,-0.14053284,2025
35.242523,0.37322938,0.023732323,0.046185058,2025
32.966125,0.48159522,-0.0266934,-0.019678375,2025
27.80832,0.5992329,-0.23173706,-0.20880537,2025
32.668762,0.3770342,0.059980404,-0.028959868,2025
32.326965,0.42320213,0.00850796,-0.039839186,2025
33.830902,0.40661013,0.019062886,0.006386375,2025
35.256195,0.23549439,0.07909726,0.046554934,2025
34.579437,0.43512452,-0.08598842,0.027894959,2025
33.099426,0.38056985,0.05646515,-0.015571841,2025
35.020355,0.35763854,0.10989851,0.040134087,2025
34.712738,0.19985579,0.1416972,0.03162795,2025
36.455933,0.3860212,-0.04616455,0.0779321,2025
32.13211,0.4022288,0.015857857,-0.04614495,2025
36.849,0.26947516,0.06545365,0.08776775,2025
33.137024,0.4166124,-0.0013697254,-0.014419561,2025
30.792267,0.45305508,-0.017911464,-0.09166517,2025
39.53897,0.2812843,0.07569907,0.14983004,2025
35.11606,0.34689763,0.115734234,0.042750046,2025
28.21167,0.61852336,-0.22689147,-0.1915227,2025
38.048737,0.23697369,0.069353916,0.11653189,2025
34.487152,0.39357722,0.034113176,0.025293674,2025
25.050018,0.63095444,-0.27248475,-0.34190902,2025
37.515533,0.30221853,0.09805055,0.10397528,2025
34.64096,0.28413707,0.05524411,0.029621448,2025
35.440765,0.2506118,0.14425479,0.051520336,2025
30.576935,0.43143007,-0.043165356,-0.09935301,2025
31.872345,0.57203174,-0.21531151,-0.05467123,2025
37.409576,0.32306242,0.15022019,0.10143743,2025
33.519867,0.26296026,0.06750753,-0.0028334938,2025
31.605743,0.33668792,0.03322924,-0.063567616,2025
33.605316,0.3296865,-0.0009920192,-0.00028355973,2025
37.112183,0.19991349,0.08430426,0.09423691,2025
34.40512,0.47604957,-0.033320226,0.022969708,2025
34.0394,0.3278603,0.033713058,0.012472398,2025
32.2381,0.28393942,0.041525356,-0.042705595,2025
34.59311,0.4274325,0.022775432,0.028279154,2025
31.78006,0.4253731,0.0057220655,-0.05773386,2025
33.977875,0.43823898,-0.009352131,0.01068429,2025
32.679016,0.5007966,-0.014235238,-0.028637005,2025
27.65451,0.6209609,-0.2575534,-0.21552849,2025
34.131683,0.20573033,0.1636052,0.015142472,2025
35.122894,0.3184136,0.055520486,0.042936355,2025
32.432922,0.3629036,-0.047245085,-0.03644207,2025
34.86313,0.24803658,0.03692177,0.03580526,2025
33.386566,0.3793104,0.019492025,-0.006837454,2025
35.02719,0.23794027,0.053949285,0.040321413,2025
35.03061,0.29391697,0.061639518,0.040415052,2025
31.783478,0.52641344,-0.102664016,-0.05762011,2025
34.278656,0.37907618,0.08707262,0.019365134,2025
28.83374,0.5287439,-0.17583057,-0.16581634,2025
37.019897,0.2462067,0.021432891,0.091978975,2025
34.141937,0.45834434,-0.022598483,0.015438257,2025
36.77722,0.22915533,0.07355091,0.08598737,2025
25.196991,0.62144077,-0.27584365,-0.33408174,2025
32.819153,0.31329888,0.059516776,-0.02424476,2025
31.523712,0.24561985,0.05934153,-0.066335246,2025
33.776215,0.26034665,0.021739867,0.0047776024,2025
33.352386,0.34355903,0.023938738,-0.007869266,2025
34.466644,0.38944158,-0.081021614,0.024713721,2025
37.871002,0.29478014,-0.07037924,0.112385646,2025
28.956787,0.63090044,-0.26191097,-0.1608624,2025
31.752716,0.5264895,-0.06778808,-0.058644723,2025
34.637543,0.39177108,0.06464669,0.029525694,2025
34.85971,0.29652533,0.011746902,0.035710722,2025
34.42221,0.45982558,-0.008347168,0.023454782,2025
29.059326,0.58489484,-0.16652837,-0.15676616,2025
33.171234,0.37559634,0.05235496,-0.013373368,2025
34.770844,0.23119405,0.04970781,0.033246193,2025
32.18341,0.35976136,-0.014981729,-0.044477407,2025
31.817657,0.49701285,-0.041667838,-0.056483977,2025
29.517365,0.628759,-0.25542468,-0.13881594,2025
26.458221,0.6109439,-0.22247522,-0.27048773,2025
36.09018,0.27565628,0.15659232,0.068587475,2025
28.864502,0.574697,-0.20292424,-0.1645739,2025
37.361725,0.22405367,0.099247456,0.10028658,2025
35.68686,0.4318434,-0.07205643,0.058060974,2025
38.872467,0.23726578,0.071053684,0.1352531,2025
36.26111,0.2661791,0.024526382,0.072978,2025
35.273285,0.21329586,0.043651965,0.047016874,2025
34.39145,0.25746816,0.10476078,0.022581302,2025
32.802063,0.5411845,-0.119897075,-0.024778388,2025
36.19272,0.24009685,0.061473224,0.07122629,2025
32.95587,0.49143434,-0.014494042,-0.01999564,2025
34.535004,0.3788287,0.062064286,0.026644224,2025
32.20392,0.49691257,-0.05760096,-0.04381227,2025
35.727875,0.4247265,0.033340164,0.05914232,2025
33.020813,0.41016257,-0.035232265,-0.017989632,2025
35.792816,0.21440548,0.08345643,0.060849387,2025
35.26645,0.36644545,0.0029313036,0.04683215,2025
35.29721,0.3633185,0.06802659,0.047662843,2025
35.70395,0.2568639,0.00793617,0.05851184,2025
35.509125,0.29494452,0.09893263,0.053346273,2025
33.991547,0.31569797,0.009775639,0.011082207,2025
33.543793,0.4431834,-0.06370745,-0.0021182026,2025
35.03061,0.38383093,-0.013423606,0.040415052,2025
37.495026,0.28363904,0.047039337,0.103485204,2025
26.512909,0.6228103,-0.26707575,-0.26786712,2025
35.03061,0.27093527,0.092188284,0.040415052,2025
35.239105,0.3958111,-0.057163175,0.046092544,2025
37.43692,0.2836036,0.07310628,0.102093734,2025
34.45639,0.4953954,-0.13625385,0.024423484,2025
31.663849,0.40987352,-0.03747882,-0.061615895,2025
34.97592,0.3232188,0.029951965,0.038914666,2025
32.696106,0.41902298,0.0053894836,-0.02809935,2025
34.25473,0.48597848,-0.026631948,0.018680193,2025
32.699524,0.48972908,-0.12343832,-0.027991885,2025
32.381653,0.47679338,-0.005032712,-0.03808306,2025
37.52237,0.38738462,0.07397599,0.10413852,2025
35.55356,0.43214214,-0.0056523597,0.05452937,2025
30.734161,0.45319122,-0.022910336,-0.09372906,2025
25.68576,0.61283594,-0.26483294,-0.30869573,2025
34.82553,0.441538,0.059435423,0.034764316,2025
33.434418,0.39352584,0.03429263,-0.0053964616,2025
31.756134,0.40575927,0.017539095,-0.058530778,2025
33.31479,0.4090546,-0.0010829237,-0.009006704,2025
33.386566,0.27850723,0.064868264,-0.006837454,2025
33.174652,0.33004427,0.035382364,-0.013268962,2025
36.951538,0.2665347,0.14366104,0.09029916,2025
29.22342,0.52596545,-0.13450105,-0.15027079,2025
34.10434,0.3279393,-0.031719506,0.014352846,2025
32.45343,0.405341,0.004133364,-0.035787128,2025
31.971466,0.53099185,-0.053843245,-0.051401433,2025
32.361145,0.34539142,0.10897321,-0.03874091,2025
36.414917,0.38832048,-0.00782324,0.07689354,2025
33.29428,0.35866162,-0.027675489,-0.009628208,2025
31.670685,0.38847712,0.013105086,-0.061386753,2025
34.015472,0.41690567,-0.031250853,0.011777791,2025
36.650757,0.31757706,-0.011762289,0.08283353,2025
31.592072,0.38875642,0.025464136,-0.06402789,2025
35.724457,0.3715014,0.11605666,0.059052303,2025
34.681976,0.26322192,0.0006520442,0.030769037,2025
33.249847,0.40212572,-0.001094145,-0.010977429,2025
34.948578,0.27828333,0.04236251,0.038162716,2025
30.788849,0.5052897,-0.08151655,-0.09178636,2025
32.545715,0.34638274,0.056196015,-0.032850098,2025
36.855835,0.28416502,0.08656341,0.08793695,2025
38.20938,0.29617363,0.037143845,0.120246276,2025
33.46518,0.30806634,0.060922384,-0.0044722855,2025
32.62433,0.3430282,0.1031136,-0.03036129,2025
32.26886,0.47178328,-0.03561131,-0.041711587,2025
32.904602,0.45298013,-0.048415557,-0.02158492,2025
34.982758,0.40298676,-0.043082003,0.039102472,2025
33.09601,0.27638194,0.081642546,-0.015676724,2025
36.688354,0.35611305,0.07834386,0.08377343,2025
34.764008,0.2733145,0.06630882,0.033056095,2025
32.596985,0.4868824,-0.0065604826,-0.0312256,2025
33.813812,0.40738744,0.0045776796,0.0058841924,2025
35.09555,0.24503878,0.058319185,0.042190682,2025
37.676178,0.29960015,0.075114675,0.107795775,2025
36.185883,0.27697966,-0.017511481,0.07105084,2025
35.775726,0.31060147,0.009483128,0.060400758,2025
30.187286,0.5706505,-0.15713814,-0.11354313,2025
34.4769,0.48792914,-0.11434457,0.025003783,2025
37.80606,0.19167483,0.07520957,0.110860944,2025
36.00815,0.18499283,0.104700476,0.066465594,2025
33.991547,0.39756832,0.020302743,0.011082207,2025
31.284454,0.52771485,-0.072434045,-0.07449038,2025
38.787018,0.2646649,0.13701867,0.13334803,2025
36.88318,0.34250703,-0.008395937,0.088613115,2025
35.492035,0.35351515,0.05017451,0.05289045,2025
34.69565,0.34404153,-0.031262398,0.031150965,2025
31.034943,0.5242475,-0.09307127,-0.08312897,2025
35.826996,0.27600393,0.09542558,0.061745353,2025
31.513458,0.29535115,0.0275078,-0.06668221,2025
35.204926,0.30208632,0.033895977,0.045166414,2025
35.563812,0.2450274,0.068736866,0.05480197,2025
32.631165,0.46667945,-0.004579282,-0.030145437,2025
35.782562,0.22234085,0.07075288,0.06058026,2025
37.75821,0.29948795,0.16848709,0.109734125,2025
32.983215,0.48703498,-0.082445696,-0.019150041,2025
37.204468,0.19332477,0.087424226,0.09648364,2025
34.599945,0.27460662,0.025186216,0.028471138,2025
36.852417,0.25615895,0.2306875,0.08785236,2025
34.866547,0.32404026,-0.014847808,0.03589978,2025
34.805023,0.2658258,0.025735032,0.03419558,2025
34.25815,0.37209165,-0.01392531,0.018778099,2025
36.51062,0.26772812,0.057418786,0.07931322,2025
34.37094,0.39217046,-0.0032640677,0.021998115,2025
33.73178,0.24826661,0.11458279,0.0034666338,2025
33.301117,0.34503943,0.11096836,-0.009420956,2025
32.87726,0.5037227,-0.060493562,-0.022434564,2025
30.761505,0.5261545,-0.08850818,-0.092756845,2025
32.244934,0.43017998,0.014363146,-0.04248454,2025
36.975464,0.37728,0.09544807,0.0908878,2025
34.312836,0.3460449,-0.018613666,0.020341963,2025
37.129272,0.37325928,0.09672789,0.094653815,2025
32.330383,0.4932041,-0.03492722,-0.039729252,2025
35.386078,0.3379904,0.102749355,0.050054505,2025
33.670258,0.34053272,0.03758798,0.0016457342,2025
34.818695,0.37006313,-0.013226152,0.03457481,2025
33.1131,0.31971747,0.058080025,-0.015152528,2025
34.722992,0.34416655,0.01267298,0.031913918,2025
35.304047,0.27361575,0.025945056,0.047847245,2025
33.536957,0.30042642,0.09358886,-0.0023224675,2025
33.239594,0.37763238,0.005567156,-0.0112893,2025
34.8768,0.30112216,0.07610237,0.03618323,2025
30.713654,0.47771132,-0.03459243,-0.09445935,2025
35.539886,0.3012657,0.108082004,0.054165654,2025
32.562805,0.36585322,0.09314457,-0.03230803,2025
34.384613,0.36972767,0.02340069,0.022386983,2025
35.34848,0.27895167,0.038550973,0.049044117,2025
36.06967,0.19535725,0.07969605,0.06805791,2025
32.43976,0.43045,-0.08843755,-0.036223665,2025
33.085754,0.467898,0.031353913,-0.015991502,2025
34.82895,0.25080457,0.11576717,0.03485904,2025
34.52475,0.22009838,0.10518945,0.026355136,2025
34.31967,0.47768897,-0.08405045,0.020537095,2025
28.68335,0.56687057,-0.13548997,-0.17192887,2025
34.08383,0.48614857,-0.027719708,0.013759795,2025
32.781555,0.2934412,0.0459775,-0.025419481,2025
30.963165,0.34286264,0.055486966,-0.08563982,2025
33.776215,0.3783108,-0.03985103,0.0047776024,2025
37.710358,0.42232648,0.01977745,0.108604446,2025
28.139893,0.60363495,-0.27725467,-0.19456196,2025
36.49353,0.28264633,0.16085273,0.07888206,2025
31.35965,0.37089154,0.004041843,-0.07191393,2025
32.179993,0.46419302,-0.013356721,-0.044588346,2025
34.736664,0.2785066,0.058199126,0.03229494,2025
33.06183,0.3239885,0.05060041,-0.016726742,2025
37.245514,0.29816368,0.034018807,0.09747935,2025
33.64633,0.43043736,-0.046250034,0.0009358081,2025
29.613068,0.42845193,-0.034793995,-0.13513553,2025
36.790894,0.2564184,0.16081361,0.086327024,2025
34.97934,0.31440717,0.052166816,0.03900858,2025
32.661926,0.47825274,-0.004116089,-0.029175224,2025
31.756134,0.51765037,-0.087626,-0.058530778,2025
33.677094,0.33241874,0.049381826,0.0018483849,2025
30.423126,0.5507597,-0.15563513,-0.10491095,2025
33.591644,0.3502205,-0.0063619562,-0.0006906774,2025
31.168243,0.52886164,-0.123276114,-0.07849662,2025
33.605316,0.29578906,0.074551225,-0.00028355973,2025
35.63559,0.2871111,0.09046615,0.05670579,2025
34.99301,0.47589892,-0.10809618,0.03938404,2025
33.854828,0.33836105,-0.021856803,0.0070885783,2025
34.329926,0.43067876,-0.053070445,0.020829648,2025
32.986633,0.44883087,-0.041758925,-0.01904444,2025
38.120514,0.2724095,0.11711767,0.11819538,2025
36.165375,0.3872627,0.07068564,0.070524074,2025
34.92807,0.3034598,0.10691992,0.037597977,2025
36.944702,0.28432262,0.15084827,0.090130836,2025
36.00473,0.33906567,-0.014173976,0.06637697,2025
37.078003,0.24296552,0.11408268,0.093401946,2025
33.116516,0.37837434,0.033497173,-0.015047753,2025
32.313293,0.3856186,0.033727024,-0.040279146,2025
36.332886,0.28114069,0.061499707,0.07480937,2025
34.96225,0.33797166,-0.0573928,0.03853884,2025
34.063324,0.3578779,-0.05348216,0.013166029,2025
32.648254,0.34077322,0.038663577,-0.029606204,2025
34.080414,0.39882544,0.031201176,0.013660883,2025
32.262024,0.3481523,0.005873836,-0.041932315,2025
37.532623,0.26974818,0.13694163,0.104383275,2025
34.630707,0.2636373,0.05024261,0.029334126,2025
32.415833,0.48470953,-0.092139326,-0.036988493,2025
35.13315,0.37002188,0.07391938,0.04321568,2025
36.84558,0.22363344,0.05544074,0.08768313,2025
35.861176,0.17212376,0.076540865,0.06263962,2025
32.83966,0.4530831,-0.052890595,-0.023605134,2025
31.12381,0.5441115,-0.09595837,-0.08003633,2025
35.037445,0.33418146,0.079479605,0.04060227,2025
34.029144,0.31275022,0.010456557,0.012174829,2025
27.73996,0.5797401,-0.20564021,-0.21178421,2025
30.494904,0.47023904,-0.02353215,-0.10231027,2025
32.83966,0.48984155,-0.13129449,-0.023605134,2025
33.270355,0.36377198,0.06674035,-0.010354265,2025
34.9144,0.34457392,0.02590508,0.03722112,2025
33.906097,0.28428245,0.019553103,0.008589963,2025
33.372894,0.4226298,0.04553871,-0.0072499253,2025
37.26944,0.33882514,0.05947499,0.098058745,2025
31.29129,0.4819534,-0.045850657,-0.074255645,2025
31.786896,0.40237164,0.01107295,-0.057506386,2025
31.810822,0.29882637,0.047178324,-0.056711007,2025
30.190704,0.53882533,-0.14894193,-0.11341706,2025
34.12143,0.3202728,0.095208734,0.01484651,2025
32.3338,0.49062112,-0.0027142917,-0.039619345,2025
33.400238,0.38870493,-0.0069345916,-0.0064253206,2025
36.74646,0.3669333,0.05504949,0.085222214,2025
36.10727,0.43392402,0.046951015,0.06902832,2025
33.779633,0.23001999,0.046094894,0.0048783035,2025
32.559387,0.31086954,0.08547351,-0.0324164,2025
35.071625,0.40925917,0.024963547,0.04153727,2025
30.823029,0.53292996,-0.08362791,-0.09057568,2025
30.682892,0.46826187,-0.046604287,-0.09555662,2025
32.832825,0.3730959,-0.075383395,-0.023818254,2025
33.90268,0.29160127,0.0095112305,0.008490012,2025
33.789886,0.26106054,0.14060263,0.005180284,2025
34.982758,0.42397287,-0.020924738,0.039102472,2025
34.401703,0.23588946,0.07471754,0.022872636,2025
25.55246,0.59891593,-0.2541395,-0.31552288,2025
36.056,0.21962805,0.057824023,0.06770453,2025
35.09897,0.23959666,0.025333766,0.042283956,2025
37.50186,0.34029147,0.009356354,0.103648625,2025
35.53305,0.24994215,0.12306672,0.053983692,2025
35.68344,0.24119739,0.034126353,0.05797075,2025
35.621918,0.21342583,0.12981485,0.05634375,2025
33.51645,0.4693209,-0.009287582,-0.0029357616,2025
34.96225,0.34465247,0.0061882734,0.03853884,2025
32.231262,0.49365914,-0.07012023,-0.04292674,2025
32.733704,0.4131345,-0.033800963,-0.026918484,2025
37.635162,0.2859222,0.04573169,0.10682343,2025
35.368988,0.277559,0.03659315,0.049595505,2025
32.84308,0.27786484,0.026994305,-0.02349861,2025
32.77472,0.4973557,0.0002822861,-0.025633356,2025
32.231262,0.4715303,-0.037510857,-0.04292674,2025
33.827484,0.40525872,0.04406719,0.006285979,2025
34.05307,0.43846828,0.043347895,0.0128688775,2025
34.4769,0.39431185,0.03918612,0.025003783,2025
31.72879,0.55840564,-0.12076783,-0.059443016,2025
34.60678,0.33735016,-0.023611845,0.028663045,2025
36.3739,0.1901799,0.052328814,0.07585263,2025
34.463226,0.20932409,0.14459524,0.024616994,2025
33.32846,0.38845906,-0.035201658,-0.008592794,2025
35.222015,0.2974079,0.06561907,0.045629703,2025
37.853912,0.35038808,0.06744995,0.111984916,2025
32.108185,0.5056477,-0.060973622,-0.046924498,2025
35.423676,0.28655225,0.084776476,0.051062748,2025
32.42267,0.34419277,0.021438096,-0.036769856,2025
30.850372,0.518734,-0.066344395,-0.089609064,2025
32.190247,0.40214568,0.020414418,-0.0442556,2025
34.10092,0.42589265,-0.016209997,0.014254053,2025
31.034943,0.54161966,-0.08825027,-0.08312897,2025
36.548218,0.24992673,0.07154461,0.080260344,2025
34.25473,0.45761618,0.07014384,0.018680193,2025
34.27182,0.24841662,0.06710456,0.019169534,2025
34.056488,0.40868032,0.059620187,0.012967948,2025
33.2601,0.23963732,0.08218163,-0.010665751,2025
33.1644,0.3308826,0.037545174,-0.013582248,2025
33.013977,0.5173596,-0.047838278,-0.01820042,2025
29.985626,0.46095854,-0.05670307,-0.121031955,2025
32.596985,0.2012608,0.13244192,-0.0312256,2025
35.64926,0.20208463,0.065588005,0.057067554,2025
33.519867,0.3423307,0.009789934,-0.0028334938,2025
31.24002,0.518014,-0.11537361,-0.07601866,2025
37.24893,0.27881262,0.027780332,0.09756217,2025
33.690765,0.29789606,0.057740383,0.0022534395,2025
34.634125,0.21627198,0.05855093,0.029429918,2025
35.023773,0.24938785,0.04455108,0.04022776,2025
36.438843,0.3802596,0.1326308,0.07749965,2025
33.779633,0.3457809,0.09403179,0.0048783035,2025
32.696106,0.44809777,-0.0015791635,-0.02809935,2025
34.716156,0.3113446,0.05541632,0.03172329,2025
30.50174,0.5568626,-0.1776821,-0.10206322,2025
29.377228,0.5107102,-0.15582806,-0.14424838,2025
28.727783,0.56146735,-0.20269862,-0.17011623,2025
35.34848,0.32659328,-0.019297464,0.049044117,2025
33.91635,0.28874862,0.07985304,0.008889696,2025
31.773224,0.44543287,-0.029582515,-0.057961427,2025
35.444183,0.21849741,0.074897625,0.0516118,2025
33.55063,0.4724984,-0.04034881,-0.0019140212,2025
35.3519,0.39954996,-0.007511982,0.049136057,2025
32.532043,0.46673793,-0.049118917,-0.03328416,2025
32.62091,0.42055383,0.06963857,-0.030469248,2025
31.978302,0.49850082,-0.13715412,-0.05117668,2025
37.631744,0.37651142,0.027527856,0.10674231,2025
36.213226,0.25275227,0.10873742,0.071752265,2025
35.33481,0.25606862,0.033629026,0.048676167,2025
35.36557,0.21875627,0.06075317,0.04950365,2025
30.744415,0.53537756,-0.089839,-0.093364276,2025
34.124847,0.40277928,0.06273686,0.014945185,2025
33.130188,0.4929168,-0.057938594,-0.014628872,2025
32.508118,0.428706,-0.09641044,-0.034044653,2025
34.822113,0.26124367,0.14226514,0.03466957,2025
32.18683,0.5627098,-0.107741855,-0.04436649,2025
37.433502,0.41711396,-0.025092758,0.10201175,2025
34.44272,0.3436579,0.0072980705,0.024036234,2025
31.014435,0.5369692,-0.094490975,-0.08384517,2025
34.91098,0.27683583,0.06581357,0.037126858,2025
35.82016,0.18795656,0.070343696,0.061566297,2025
28.153564,0.59765404,-0.20534465,-0.19398186,2025
33.554047,0.4334389,-0.0063771037,-0.0018119616,2025
35.90561,0.20053923,0.026285345,0.06379961,2025
33.76938,0.49537247,-0.048322782,0.0045761396,2025
34.70932,0.43401027,0.0040320815,0.03153259,2025
35.403168,0.2839623,0.039582368,0.050513063,2025
35.792816,0.25587153,0.04789934,0.060849387,2025
26.547089,0.5960328,-0.24341263,-0.26623473,2025
34.64096,0.30586183,0.043904632,0.029621448,2025
36.22351,0.33979973,0.018583791,0.07201581,2025
32.644836,0.49429664,-0.031016212,-0.029714005,2025
34.234222,0.36503693,0.027440079,0.018092338,2025
34.548676,0.31492898,0.12536238,0.027029408,2025
32.13553,0.44548503,-0.008934827,-0.04603368,2025
35.512543,0.2537649,0.07705428,0.053437386,2025
34.480316,0.47376835,-0.045501664,0.025100434,2025
34.685394,0.26933667,0.031539995,0.030864548,2025
36.753296,0.35510758,0.057993148,0.085392356,2025
31.103302,0.5128987,-0.06443274,-0.08074845,2025
34.15219,0.35856736,0.11055918,0.015733862,2025
34.309418,0.25696623,0.030796789,0.020244367,2025
35.17758,0.24998768,0.09560214,0.044424217,2025
36.22693,0.25299913,0.051468626,0.072103366,2025
31.486115,0.52890253,-0.0878714,-0.06760856,2025
30.85379,0.53378326,-0.09088485,-0.08948836,2025
36.7157,0.24249981,0.02331174,0.08445578,2025
35.26645,0.24574223,0.11071036,0.04683215,2025
37.13611,0.2152378,0.07488384,0.09482047,2025
25.23117,0.62090194,-0.26880363,-0.3322745,2025
34.18979,0.25593832,0.04436786,0.016816236,2025
30.033478,0.5199371,-0.20933141,-0.11924585,2025
31.588654,0.43100163,-0.0047218567,-0.064143024,2025
28.129639,0.5515801,-0.13194074,-0.1949974,2025
31.41092,0.5066442,-0.05582729,-0.07016433,2025
31.670685,0.5336751,-0.038596865,-0.061386753,2025
34.20688,0.25283998,0.071262136,0.017307436,2025
33.543793,0.3477535,-0.024795732,-0.0021182026,2025
31.533966,0.30267683,0.07428102,-0.0659885,2025
36.08676,0.34795275,0.019035889,0.06849925,2025
35.362152,0.38980815,0.0059760925,0.049411777,2025
31.838165,0.40348127,-0.010837442,-0.055803467,2025
29.090118,0.5689496,-0.16334431,-0.15554172,2025
35.608246,0.25165096,0.033501003,0.05598143,2025
34.77768,0.30106992,0.014638447,0.03343622,2025
37.1156,0.3662564,0.024401452,0.09432032,2025
39.166412,0.37191707,0.08083323,0.14174306,2025
33.909515,0.3535064,0.05161864,0.008689894,2025
37.23181,0.19573362,0.08639961,0.0971472,2025
32.93878,0.48187128,-0.04345552,-0.02052485,2025
28.553467,0.59570146,-0.23446022,-0.17725968,2025
33.98813,0.22659852,0.07838691,0.010982757,2025
28.68335,0.56162524,-0.2085752,-0.17192887,2025
33.656586,0.40047514,-0.063776135,0.0012401857,2025
32.74054,0.41237864,0.002119799,-0.026704071,2025
32.952454,0.3791872,-0.06593765,-0.020101437,2025
31.776642,0.5283322,-0.06612596,-0.05784763,2025
31.482697,0.52899724,-0.10599712,-0.06772447,2025
36.654175,0.2295843,0.11055457,0.082919054,2025
34.107758,0.28005314,0.11927693,0.014451618,2025
26.670135,0.59890044,-0.29638642,-0.26039276,2025
33.09259,0.42015558,0.029875249,-0.015781628,2025
34.67514,0.3639403,0.009452583,0.030577961,2025
34.736664,0.45296067,-0.025489673,0.03229494,2025
38.216217,0.21296328,0.063176334,0.12040364,2025
29.739532,0.52487576,-0.14976788,-0.13030846,2025
35.779144,0.20239621,0.09428425,0.06049052,2025
31.742462,0.5530502,-0.11285785,-0.0589867,2025
35.75522,0.1915147,0.082811005,0.059861843,2025
34.764008,0.20752102,0.096465036,0.033056095,2025
35.898773,0.33243063,0.104621254,0.063621335,2025
31.974884,0.38321283,-0.023158405,-0.051289044,2025
32.494446,0.4878441,-0.03550544,-0.034479722,2025
33.36606,0.37138972,0.076929115,-0.0074562877,2025
34.059906,0.32390597,0.094889276,0.013066998,2025
32.99347,0.37290663,-0.022707116,-0.018833304,2025
31.940704,0.397923,-0.04155583,-0.052414026,2025
31.886017,0.43966162,0.005777947,-0.054219015,2025
34.651215,0.3498808,0.0153725725,0.0299086,2025
26.054901,0.616565,-0.24019341,-0.2901544,2025
33.923187,0.28481475,0.06567359,0.009089417,2025
36.5448,0.3058153,0.05729238,0.08017432,2025
30.826447,0.5202202,-0.12598278,-0.09045476,2025
30.166779,0.48448858,-0.078467004,-0.11430013,2025
33.793304,0.33561787,0.031461943,0.005280903,2025
33.46176,0.41882285,-0.0041434453,-0.004574888,2025
36.1893,0.3756839,-0.01853921,0.071138576,2025
34.982758,0.30301237,0.024579696,0.039102472,2025
31.752716,0.5355525,-0.08547398,-0.058644723,2025
30.689728,0.35811082,0.068164214,-0.095312595,2025
35.963715,0.22392215,0.07466174,0.0653122,2025
37.382233,0.23358105,0.06432992,0.10078016,2025
33.32846,0.39659992,0.03822933,-0.008592794,2025
31.882599,0.36072862,-0.009630563,-0.054332033,2025
32.778137,0.4658898,-0.11434571,-0.025526406,2025
34.69565,0.33907118,0.008622015,0.031150965,2025
35.639008,0.39912885,0.061765365,0.05679626,2025
30.573517,0.5500273,-0.11578254,-0.09947591,2025
28.587646,0.5624078,-0.217854,-0.17585213,2025
33.14386,0.4715974,-0.02320083,-0.014210337,2025
34.179535,0.32743627,0.088358454,0.016521279,2025
35.60141,0.24931191,0.085435405,0.055800166,2025
32.83966,0.30386135,0.01819116,-0.023605134,2025
31.725372,0.3939124,-0.009150476,-0.059557155,2025
31.944122,0.28523618,0.067007326,-0.05230142,2025
31.827911,0.49929476,-0.066268556,-0.05614361,2025
35.75522,0.24046287,0.04445559,0.059861843,2025
34.11801,0.36629483,0.024074158,0.014747817,2025
31.718536,0.29829013,0.06434121,-0.05978551,2025
31.698029,0.4586549,-0.006883884,-0.060471166,2025
36.548218,0.19764352,0.0081,0.080260344,2025
38.39737,0.31482843,0.042400017,0.124553435,2025
33.492523,0.47664544,-0.08164809,-0.0036522206,2025
30.761505,0.37051404,0.02596192,-0.092756845,2025
35.075043,0.38951594,0.05953656,0.041630667,2025
31.151154,0.4716265,-0.06950006,-0.0790883,2025
35.427094,0.42287245,-0.0017075856,0.0511543,2025
35.495453,0.2602122,0.1155579,0.05298165,2025
38.05899,0.1905337,0.104050465,0.11676992,2025
34.227386,0.42251125,0.012956463,0.017896231,2025
33.930023,0.29713202,0.03750262,0.009289057,2025
34.497406,0.44196677,0.01323207,0.025583394,2025
33.830902,0.45229593,-0.031379733,0.006386375,2025
30.474396,0.5274146,-0.07310308,-0.10305207,2025
34.364105,0.19816989,0.1127355,0.021803563,2025
38.98526,0.24372517,0.069018655,0.137755,2025
34.076996,0.31407967,-0.012172135,0.013561952,2025
31.034943,0.4643732,-0.036143307,-0.08312897,2025
33.407074,0.37217325,-0.011438765,-0.0062193805,2025
33.04132,0.45278364,-0.031399366,-0.017357795,2025
34.651215,0.22833271,0.11440423,0.0299086,2025
35.016937,0.2514502,0.07500775,0.040040396,2025
31.229767,0.45407024,-0.079060756,-0.07637196,2025
33.22934,0.48874438,-0.040367234,-0.011601364,2025
34.504242,0.30784166,0.05153832,0.025776444,2025
34.275238,0.33901703,0.031265263,0.019267343,2025
32.733704,0.32989824,-0.0053888536,-0.026918484,2025
34.429047,0.3467034,0.04973462,0.023648676,2025
33.88217,0.31129384,0.020993631,0.007889883,2025
35.08188,0.44037303,0.023677437,0.04181741,2025
35.427094,0.27293026,0.042679198,0.0511543,2025
33.082336,0.36446628,-0.033752818,-0.01609647,2025
34.50766,0.28942373,0.007637375,0.02587294,2025
34.818695,0.44114473,0.011931103,0.03457481,2025
35.642426,0.25522548,0.102130435,0.056886707,2025
35.22885,0.2908953,0.03175417,0.045814894,2025
31.533966,0.5639639,-0.12432752,-0.0659885,2025
38.46231,0.3207062,0.06050127,0.12603158,2025
37.77188,0.2989207,0.18827295,0.11005636,2025
34.77768,0.22771566,0.1191783,0.03343622,2025
34.37436,0.4214556,0.07440635,0.02209536,2025
30.61795,0.47012872,-0.07343543,-0.09788032,2025
34.244476,0.3285682,0.06527779,0.018386353,2025
35.054535,0.2478807,0.06522897,0.041069996,2025
35.057953,0.3899367,0.04041983,0.04116349,2025
34.42563,0.47000635,-0.06763596,0.023551738,2025
31.51004,0.43188065,0.005665709,-0.06679791,2025
33.85141,0.47716624,-0.02461239,0.0069883247,2025
31.37674,0.5554228,-0.19727212,-0.07133009,2025
29.32254,0.5576528,-0.13030493,-0.14638244,2025
35.327972,0.37275177,-0.06510124,0.04849209,2025
35.102386,0.45332462,-0.021478575,0.04237721,2025
35.457855,0.32361946,0.11948144,0.051977478,2025
35.478363,0.4165132,0.0088975625,0.052525472,2025
32.443176,0.26622283,0.08947507,-0.0361145,2025
34.094086,0.35454202,-0.05052631,0.014056409,2025
32.210754,0.47552624,0.02461515,-0.043590747,2025
24.820984,0.67511684,-0.27028802,-0.3542914,2025
33.776215,0.35783842,0.07843237,0.0047776024,2025
35.77231,0.25838667,0.07961335,0.060310982,2025
34.883636,0.41934064,0.0034774307,0.036372103,2025
34.18637,0.35240132,-0.026216289,0.016717937,2025
31.363068,0.47286594,-0.05812894,-0.07179711,2025
32.35431,0.35437754,-0.013226826,-0.038960382,2025
34.500824,0.38194382,-0.048274975,0.02567993,2025
34.917816,0.25400445,0.051716622,0.03731536,2025
33.19516,0.527787,-0.20053326,-0.012642968,2025
36.134613,0.39222717,0.024827268,0.0697328,2025
35.64926,0.4370087,-0.040159035,0.057067554,2025
35.830414,0.23462111,-0.0022994257,0.061834857,2025
32.634583,0.40437585,0.046249326,-0.030037545,2025
32.357727,0.48506004,-0.03585391,-0.038850635,2025
32.57306,0.35145947,0.04123066,-0.031983063,2025
28.215088,0.5749458,-0.19514272,-0.19137837,2025
34.4769,0.2092686,0.0905182,0.025003783,2025
33.73178,0.33093527,0.094155125,0.0034666338,2025
33.622406,0.4769373,-0.07023587,0.00022487176,2025
34.582855,0.21680585,0.1202526,0.027991036,2025
35.239105,0.20451882,0.11114885,0.046092544,2025
36.517456,0.34042782,0.19961952,0.07948557,2025
35.929535,0.28682753,0.010150048,0.06442303,2025
34.02231,0.45709148,0.008066309,0.01197635,2025
36.859253,0.38207626,-0.048552107,0.088021524,2025
33.22592,0.42354703,-0.050193273,-0.011705428,2025
32.231262,0.4521132,-0.026235633,-0.04292674,2025
30.881134,0.57803226,-0.238881,-0.08852367,2025
34.295746,0.37640685,0.033030245,0.019853791,2025
37.713776,0.26807025,0.13143155,0.10868523,2025
34.941742,0.45157778,-0.033634994,0.037974544,2025
32.95929,0.46856382,-0.06682119,-0.019889861,2025
31.099884,0.5277355,-0.072204396,-0.08086722,2025
27.41867,0.59433013,-0.25636315,-0.22598377,2025
32.173157,0.33901972,0.048331305,-0.04481029,2025
33.355804,0.306696,0.021066604,-0.0077659898,2025
32.108185,0.37807497,0.016190955,-0.046924498,2025
33.889008,0.26921773,0.012741869,0.008090006,2025
35.119476,0.29042217,0.06483251,0.042843208,2025
25.856659,0.6320935,-0.28579375,-0.30004597,2025
32.039825,0.5441793,-0.07212054,-0.04915819,2025
38.130768,0.21449889,0.06275996,0.11843251,2025
32.87384,0.4155092,0.018025951,-0.02254087,2025
33.926605,0.38086718,0.04017234,0.009189247,2025
33.540375,0.29512218,0.056488696,-0.0022203247,2025
33.44467,0.41146106,-0.018684868,-0.005088214,2025
36.51062,0.37122217,0.10508068,0.07931322,2025
32.193665,0.3433591,0.010547666,-0.044144735,2025
35.345062,0.2893803,-0.007970113,0.048952155,2025
32.651672,0.30586082,0.15702546,-0.029498424,2025
35.324554,0.24539147,0.07645967,0.048400022,2025
33.400238,0.47789517,-0.028100299,-0.0064253206,2025
34.67514,0.30388278,-0.01729543,0.030577961,2025
34.0394,0.22914444,0.087692805,0.012472398,2025
32.897766,0.31687248,0.04588345,-0.021797199,2025
34.65805,0.42346567,0.056156617,0.030099941,2025
34.781097,0.3429471,-0.04022506,0.033531208,2025
33.506195,0.4751255,-0.04297019,-0.00324269,2025
32.41925,0.4906603,-0.03960388,-0.036879163,2025
33.39682,0.39020213,0.019001527,-0.0065283226,2025
36.32605,0.21936858,0.08864591,0.07463527,2025
35.73813,0.19511263,0.055979997,0.05941227,2025
35.560394,0.4194997,0.0067915614,0.054711122,2025
35.304047,0.27690637,0.040589377,0.047847245,2025
25.50119,0.6143813,-0.2718316,-0.31816772,2025
32.361145,0.45437038,-0.0052643083,-0.03874091,2025
33.284027,0.43950763,-0.019198474,-0.009939248,2025
31.950958,0.45733544,-0.040137336,-0.05207628,2025
34.54184,0.26002613,0.045301978,0.026836855,2025
32.053497,0.27657828,0.20465913,-0.04871069,2025
35.594574,0.3251105,0.01494445,0.055618834,2025
33.284027,0.36480236,0.060975805,-0.009939248,2025
31.52713,0.4850031,-0.057634152,-0.066219635,2025
33.728363,0.34334746,0.039402522,0.0033656468,2025
35.943207,0.40367767,-0.025103195,0.0647789,2025
36.8114,0.39738646,0.043137282,0.08683603,2025
31.756134,0.5704623,-0.19530077,-0.058530778,2025
35.16391,0.35336265,0.05725123,0.044052687,2025
32.84308,0.46941584,-0.00036449786,-0.02349861,2025
30.095001,0.54531574,-0.14366473,-0.11695776,2025
31.15799,0.4816278,-0.034723196,-0.07885155,2025
34.411957,0.40880305,0.052538726,0.023163795,2025
34.69223,0.41932207,0.04127786,0.031055512,2025
33.249847,0.45534623,-0.0068751103,-0.010977429,2025
34.634125,0.26516923,0.06964919,0.029429918,2025
33.653168,0.42207205,-0.066957586,0.0011387472,2025
35.0477,0.40434387,-0.015406521,0.04088296,2025
36.305542,0.43599835,-0.05369758,0.074112564,2025
33.048157,0.5026684,-0.01744309,-0.017147357,2025
33.73178,0.39766917,0.045218937,0.0034666338,2025
32.087677,0.36194852,0.049424957,-0.047593605,2025
28.033905,0.5652618,-0.21877536,-0.19907823,2025
34.900726,0.2331423,0.06937149,0.036843963,2025
31.431427,0.49475226,-0.06909971,-0.06946609,2025
33.923187,0.38666478,0.03713698,0.009089417,2025
33.554047,0.31497505,0.060841948,-0.0018119616,2025
35.023773,0.37632754,0.039091505,0.04022776,2025
31.643341,0.37527215,-0.0023474735,-0.06230392,2025
36.907104,0.4030798,0.01632327,0.08920394,2025
34.094086,0.34061876,0.049521457,0.014056409,2025
27.186249,0.5976677,-0.23195568,-0.236465,2025
35.19467,0.25420445,0.06306078,0.044888224,2025
32.08426,0.38505715,0.084401995,-0.047705207,2025
34.66147,0.24092297,0.079824,0.030195583,2025
35.28354,0.415736,0.03597687,0.047293827,2025
32.627747,0.4419593,0.031280182,-0.030253353,2025
30.88797,0.5047628,-0.10048921,-0.088282764,2025
36.90027,0.40113056,0.041198935,0.08903521,2025
36.514038,0.21859692,0.04327637,0.0793994,2025
34.10092,0.30746484,0.13153443,0.014254053,2025
37.48477,0.34522703,0.14429766,0.10323996,2025
37.26602,0.26539338,0.060894866,0.09797602,2025
35.724457,0.316542,0.07518514,0.059052303,2025
27.99289,0.60852325,-0.24263917,-0.20083514,2025
30.614532,0.46282378,-0.002868134,-0.098002896,2025
35.28354,0.26246116,0.108808525,0.047293827,2025
32.60382,0.4816109,-0.004363312,-0.031009387,2025
35.204926,0.31874353,0.020492965,0.045166414,2025
35.21518,0.35298285,0.022115516,0.04544444,2025
31.065704,0.48184857,-0.05421962,-0.08205643,2025
26.20871,0.61710465,-0.28379527,-0.282583,2025
35.28012,0.31960294,0.05017013,0.047201525,2025
25.176483,0.6486991,-0.28977746,-0.33516842,2025
33.253265,0.47940186,-0.009685957,-0.010873515,2025
34.62729,0.3220956,0.0536572,0.029238313,2025
34.822113,0.34599552,0.12818453,0.03466957,2025
37.14978,0.30968985,0.032829538,0.09515359,2025
34.360687,0.24490386,0.071360074,0.021706259,2025
31.769806,0.5150177,-0.11344172,-0.05807525,2025
34.247894,0.48998326,-0.020921292,0.018484319,2025
35.454437,0.23285392,-0.04485113,0.051886085,2025
30.901642,0.42042902,0.05389667,-0.08780127,2025
28.768799,0.5974687,-0.24034613,-0.168448,2025
31.315216,0.38776827,0.04007816,-0.07343488,2025
34.179535,0.34565324,0.008143793,0.016521279,2025
33.95395,0.31858972,0.027206393,0.009987165,2025
33.49594,0.4205905,-0.024254993,-0.0035498065,2025
34.917816,0.34372485,0.0072912537,0.03731536,2025
32.648254,0.45683992,-0.05929769,-0.029606204,2025
35.122894,0.28076562,0.0716848,0.042936355,2025
35.355316,0.31463295,0.032119013,0.049227983,2025
34.162445,0.38467455,0.020529585,0.01602929,2025
31.643341,0.35767576,0.06964928,-0.06230392,2025
35.075043,0.31863052,0.026115697,0.041630667,2025
32.65851,0.49042517,-0.11622728,-0.029282935,2025
36.44568,0.34320217,0.11412434,0.077672675,2025
33.618988,0.35609126,0.015584208,0.00012322683,2025
36.44226,0.25890115,0.05479351,0.077586174,2025
36.298706,0.24497367,0.02701092,0.07393819,2025
37.129272,0.2543134,0.043763332,0.094653815,2025
33.02423,0.3135829,0.06315583,-0.017884271,2025
37.228394,0.20295408,0.055785343,0.09706431,2025
32.231262,0.43585867,-0.048616547,-0.04292674,2025
35.73813,0.18433967,0.07974291,0.05941227,2025
34.938324,0.21857437,0.064265184,0.037880428,2025
32.3714,0.38196737,0.036910333,-0.03841188,2025
38.004303,0.31842446,0.13047068,0.11549897,2025
33.167816,0.39956468,-0.045042392,-0.013477798,2025
34.487152,0.32371897,0.012490181,0.025293674,2025
36.469604,0.28430557,0.10483344,0.07827777,2025
37.614655,0.29668516,0.15279621,0.10633646,2025
34.114594,0.4227811,-0.05178807,0.014649104,2025
32.347473,0.31563106,0.02342882,-0.039179944,2025
37.009644,0.2910685,0.06964944,0.0917274,2025
32.511536,0.27462557,0.06712595,-0.03393594,2025
34.569183,0.30394143,0.006504578,0.027606614,2025
34.394867,0.32940936,0.04241422,0.022678433,2025
35.286957,0.21619554,0.10656072,0.047386106,2025
36.602905,0.19222045,0.0647854,0.08163451,2025
32.67218,0.4343758,0.010967394,-0.028852224,2025
37.75479,0.31661478,0.13196042,0.109653525,2025
35.656097,0.2795617,0.014963252,0.05724833,2025
34.01889,0.46277094,-0.029724458,0.01187708,2025
34.333344,0.41597492,-0.050435986,0.020927127,2025
30.580353,0.52548194,-0.118589655,-0.09923013,2025
31.67752,0.49374038,-0.06425216,-0.061157707,2025
31.786896,0.50787,-0.051220838,-0.057506386,2025
32.846497,0.31956115,0.042960655,-0.023392105,2025
32.227844,0.52185804,-0.041489836,-0.04303735,2025
33.89926,0.45845696,-0.017588131,0.008390041,2025
37.90518,0.3137038,0.050397802,0.11318602,2025
34.85971,0.20945352,0.06843615,0.035710722,2025
31.950958,0.27473605,0.06974639,-0.05207628,2025
35.98764,0.29794338,0.056577586,0.065933615,2025
35.307465,0.3659845,0.015443732,0.04793942,2025
31.445099,0.4307257,-0.049885172,-0.0690011,2025
30.80252,0.60717714,-0.22807366,-0.09130177,2025
34.74008,0.34376067,0.00544842,0.03239015,2025
33.492523,0.38164467,0.049677525,-0.0036522206,2025
29.783966,0.57921225,-0.16805157,-0.1286222,2025
32.395325,0.43832532,-0.004249669,-0.037644956,2025
33.2977,0.45977238,-0.008649216,-0.009524571,2025
35.14682,0.2709736,0.10549867,0.043587863,2025
33.454926,0.46725392,-0.051061396,-0.004780155,2025
37.618073,0.31449986,0.16156328,0.106417656,2025
34.295746,0.38698965,-0.054259147,0.019853791,2025
34.02231,0.29417554,0.06926601,0.01197635,2025
35.181,0.30297068,0.12362699,0.044517055,2025
34.40512,0.24930131,0.16737561,0.022969708,2025
36.302124,0.51405245,-0.001024531,0.074025385,2025
38.56143,0.3315699,0.09330427,0.12827809,2025
31.67752,0.4708934,-0.022345938,-0.061157707,2025
29.606232,0.43925557,-0.070065126,-0.13539763,2025
32.02957,0.32970077,0.062462877,-0.049494065,2025
34.74008,0.36995557,0.11982998,0.03239015,2025
34.97592,0.2710632,0.05344373,0.038914666,2025
33.424164,0.33519277,0.062026493,-0.0057048984,2025
36.32263,0.21288031,0.03236646,0.07454819,2025
36.920776,0.2832531,0.10244279,0.08954121,2025
33.711273,0.42887983,0.043301467,0.0028604057,2025
33.76938,0.37092847,0.07450073,0.0045761396,2025
32.374817,0.39955238,0.014796879,-0.03830225,2025
35.70395,0.27992103,0.002820378,0.05851184,2025
27.483612,0.60783815,-0.24071798,-0.22308688,2025
31.639923,0.4711197,-0.030974098,-0.062418677,2025
33.854828,0.34567976,0.07605218,0.0070885783,2025
34.565765,0.38587853,-0.032534648,0.02751046,2025
30.980255,0.532588,-0.09187251,-0.08504094,2025
35.201508,0.33146653,0.055576347,0.045073703,2025
35.522797,0.38114837,-0.015994979,0.053710617,2025
30.970001,0.5091984,-0.06178566,-0.085400194,2025
34.52475,0.2825513,-0.020261899,0.026355136,2025
30.412872,0.28838754,0.061735198,-0.10528348,2025
35.43393,0.34025496,0.025310729,0.051337354,2025
41.79831,0.3044111,0.07581303,0.19578457,2025
36.110687,0.3908902,0.08927524,0.069116436,2025
33.10968,0.42360044,0.034236476,-0.015257323,2025
35.932953,0.18366511,0.10874767,0.06451203,2025
35.680023,0.20064814,0.05210532,0.05788051,2025
30.877716,0.40374386,-0.028719174,-0.08864416,2025
30.993927,0.56008434,-0.12903185,-0.08456232,2025
34.85971,0.20657517,0.079093575,0.035710722,2025
35.628754,0.20486486,0.064101,0.056524806,2025
32.508118,0.5284046,-0.08880344,-0.034044653,2025
31.414337,0.52728254,-0.033428222,-0.07004789,2025
31.62967,0.25319898,0.090838484,-0.0627631,2025
33.656586,0.3798863,0.021527823,0.0012401857,2025
33.588226,0.3138597,0.055077344,-0.0007925086,2025
26.88205,0.6045522,-0.23638138,-0.25045693,2025
38.19571,0.30308753,0.18340613,0.11993138,2025
30.553009,0.47308192,-0.022320429,-0.1002139,2025
37.293365,0.38720515,0.14946304,0.09863739,2025
34.148773,0.2575545,-0.029123582,0.015635347,2025
33.642914,0.297284,0.086291716,0.0008343077,2025
35.454437,0.26133084,0.060492028,0.051886085,2025
34.67514,0.3774232,0.037003122,0.030577961,2025
31.674103,0.44804928,-0.029271632,-0.061272215,2025
33.639496,0.37835616,-0.023983989,0.00073278666,2025
33.031067,0.3097493,0.037733495,-0.017673615,2025
36.490112,0.2503103,0.07596361,0.07879578,2025
32.48419,0.56677794,-0.12563218,-0.034806266,2025
32.077423,0.44508132,0.0051070917,-0.047928482,2025
32.176575,0.3978855,0.021593228,-0.044699308,2025
36.83191,0.21801618,0.069851436,0.087344475,2025
35.07846,0.49581698,-0.09061036,0.04172405,2025
32.11844,0.45396996,-0.032643862,-0.046590265,2025
33.639496,0.32657963,-0.0011538444,0.00073278666,2025
31.086212,0.48620468,-0.048912033,-0.08134259,2025
32.849915,0.35550365,0.047907047,-0.023285624,2025
32.836243,0.39882007,0.0745219,-0.023711683,2025
32.005646,0.482604,-0.01179643,-0.050278615,2025
35.092133,0.26875627,0.07605898,0.042097393,2025
32.549133,0.5280397,-0.09384503,-0.03274164,2025
32.26886,0.5183742,-0.10719897,-0.041711587,2025
35.680023,0.21560553,0.021322671,0.05788051,2025
30.990509,0.483848,-0.042833854,-0.084681936,2025
37.190796,0.31788245,0.024934135,0.09615149,2025
35.574066,0.3350156,-0.012591975,0.055074416,2025
37.074585,0.23494135,0.03935702,0.093318366,2025
38.349518,0.23219106,0.041638914,0.12346107,2025
36.168793,0.1706853,0.067305624,0.07061191,2025
31.950958,0.5039047,-0.16928121,-0.05207628,2025
33.998383,0.46848565,-0.0137846535,0.011281045,2025
33.96762,0.31406733,0.019020388,0.010385643,2025
29.84549,0.5001582,-0.096848436,-0.12629566,2025
37.963287,0.3518513,0.07756523,0.11454335,2025
30.93924,0.5556088,-0.12725618,-0.086479366,2025
36.08676,0.2266565,0.11353944,0.06849925,2025
35.61508,0.23655435,0.061736155,0.056162626,2025
31.07254,0.5657738,-0.099658266,-0.08181838,2025
35.139984,0.30631468,0.045716006,0.043401808,2025
36.100433,0.23088868,0.023602076,0.06885203,2025
31.304962,0.5325201,-0.11588483,-0.07378648,2025
35.321136,0.2529904,0.107425615,0.048307937,2025
34.27182,0.5127014,-0.09531973,0.019169534,2025
31.574982,0.47846147,-0.105549134,-0.06460379,2025
34.839203,0.28498468,0.022359319,0.0351431,2025
34.049652,0.39990643,-0.027058898,0.012769788,2025
32.2381,0.45775747,-0.026464837,-0.042705595,2025
34.107758,0.28801292,0.08065637,0.014451618,2025
31.373322,0.44387364,-0.026794326,-0.07144681,2025
35.034027,0.34328064,0.084401675,0.04050867,2025
34.969086,0.36068648,0.025640065,0.038726788,2025
32.32013,0.48082903,-0.014553353,-0.04005912,2025
33.78305,0.22497576,0.09303564,0.0049789837,2025
32.53888,0.44388962,-0.0030874363,-0.033067085,2025
31.151154,0.48050275,-0.08214695,-0.0790883,2025
29.33963,0.5339057,-0.12243392,-0.14571469,2025
35.512543,0.30906507,0.0073371213,0.053437386,2025
33.34897,0.4777968,-0.024380611,-0.007972564,2025
33.36606,0.40968615,0.018635126,-0.0074562877,2025
34.128265,0.42850202,0.032298487,0.015043838,2025
36.585815,0.3253679,0.14085744,0.08120552,2025
29.934357,0.5490209,-0.12657544,-0.122951984,2025
34.1351,0.3505368,0.023734672,0.0152410865,2025
35.38266,0.24635507,0.03006792,0.04996274,2025
32.467102,0.43874946,-0.019382821,-0.03535096,2025
31.889435,0.46969864,-0.06322408,-0.054106023,2025
34.719574,0.38627043,0.04433238,0.031818613,2025
27.9758,0.59405875,-0.23068708,-0.20156871,2025
35.136566,0.31510857,-0.00063617405,0.043308754,2025
35.153656,0.30508828,0.10400574,0.043773845,2025
34.145355,0.27947155,0.047246985,0.015536811,2025
36.784058,0.38309312,-0.00795288,0.086157225,2025
34.0018,0.37829298,-0.012741231,0.011380434,2025
35.76889,0.2954018,-0.007047605,0.060221188,2025
33.420746,0.42126852,0.018699672,-0.0058077527,2025
37.850494,0.27427953,0.122326605,0.111904725,2025
36.418335,0.26957494,0.06179463,0.07698017,2025
34.094086,0.42660126,0.030836008,0.014056409,2025
32.514954,0.43556097,0.06413338,-0.033827256,2025
32.036407,0.53852654,-0.08472514,-0.049270127,2025
30.033478,0.5665102,-0.20212743,-0.11924585,2025
36.182465,0.40854278,0.05763609,0.070963085,2025
34.394867,0.37787193,-0.02849685,0.022678433,2025
31.49295,0.48220623,-0.06202814,-0.06737682,2025
37.187378,0.24864668,0.053608786,0.09606842,2025
35.64926,0.24422674,0.09244584,0.057067554,2025
34.247894,0.3648857,-0.016907942,0.018484319,2025
28.372314,0.6087976,-0.24149342,-0.18477628,2025
31.793732,0.45768952,-0.012781838,-0.057279013,2025
33.906097,0.25664565,0.061810642,0.008589963,2025
30.60086,0.47594604,-0.1481528,-0.098493464,2025
32.97296,0.37895307,0.02215895,-0.019466976,2025
28.871338,0.5968501,-0.17329879,-0.16429815,2025
34.890472,0.27126884,0.07033827,0.0365609,2025
33.431,0.47343278,-0.0003545479,-0.005499253,2025
31.882599,0.4546135,-0.07421746,-0.054332033,2025
38.339264,0.3189153,0.12059004,0.12322664,2025
28.960205,0.5530704,-0.19208434,-0.16072538,2025
34.18979,0.37811458,-0.012208479,0.016816236,2025
34.999847,0.24330807,0.062326867,0.03957166,2025
38.26065,0.32660723,0.013931446,0.12142515,2025
33.56772,0.44385535,0.02248662,-0.0014039313,2025
34.822113,0.28290695,0.074750096,0.03466957,2025
34.25815,0.39167872,-0.019895282,0.018778099,2025
32.326965,0.42542776,-0.05585833,-0.039839186,2025
31.619415,0.4311472,0.015989179,-0.063107744,2025
34.196625,0.40500814,-0.08636385,0.017012775,2025
35.977386,0.21755935,0.03831774,0.06566739,2025
28.686768,0.5645423,-0.21236874,-0.17178923,2025
36.032074,0.19617489,0.084054224,0.067085475,2025
32.983215,0.44723767,-0.012098332,-0.019150041,2025
33.543793,0.33645695,0.007817632,-0.0021182026,2025
32.09793,0.34450158,0.023558592,-0.047258947,2025
38.763092,0.24584736,0.06777448,0.13281311,2025
32.309875,0.35005894,0.050968725,-0.04038919,2025
37.713776,0.36301318,-0.009194757,0.10868523,2025
33.571136,0.35210326,-0.0115588,-0.0013019756,2025
36.025238,0.42273584,0.026244977,0.06690845,2025
34.55893,0.42985955,0.05523369,0.027318096,2025
34.37094,0.32789594,0.01451087,0.021998115,2025
34.148773,0.26892212,0.020666284,0.015635347,2025
32.443176,0.3026855,0.041134585,-0.0361145,2025
35.174164,0.302119,0.024513872,0.04433136,2025
35.4476,0.22100922,0.058098074,0.051703244,2025
29.042236,0.53205997,-0.11628724,-0.15744686,2025
33.338715,0.31522226,0.043876953,-0.008282583,2025
25.043182,0.62077725,-0.27330905,-0.3422753,2025
35.105804,0.40537044,0.05954806,0.042470448,2025
31.19217,0.45851392,-0.087928005,-0.07766937,2025
34.398285,0.40545392,-0.061099257,0.022775544,2025
33.47885,0.41125697,0.044505365,-0.0040620854,2025
32.330383,0.2853194,0.03611703,-0.039729252,2025
32.996887,0.49302372,-0.026392113,-0.018727768,2025
31.24002,0.47678414,-0.062608644,-0.07601866,2025
31.216095,0.47230238,-0.11847112,-0.07684338,2025
34.586273,0.5298095,-0.095023334,0.028087094,2025
32.795227,0.5141676,-0.14934924,-0.024991997,2025
32.949036,0.50673914,-0.027944732,-0.020207256,2025
31.988556,0.47658396,-0.09525614,-0.050839726,2025
35.66977,0.3506165,0.032878697,0.05760968,2025
34.066742,0.34325203,0.08456199,0.013265039,2025
33.04132,0.31971523,-0.009172637,-0.017357795,2025
32.330383,0.54861766,-0.047358528,-0.039729252,2025
24.721863,0.64622265,-0.24160759,-0.35972136,2025
27.46994,0.60937196,-0.25030077,-0.2236956,2025
34.25815,0.25717586,0.040327117,0.018778099,2025
31.35965,0.49271962,-0.08604435,-0.07191393,2025
26.991425,0.5857347,-0.25702462,-0.24538982,2025
34.637543,0.26914003,0.0257552,0.029525694,2025
35.21176,0.23752639,0.13473648,0.045351785,2025
34.722992,0.27095824,0.07280896,0.031913918,2025
33.629242,0.42972958,-0.0010602581,0.00042809968,2025
34.91098,0.21351324,0.096814066,0.037126858,2025
33.841156,0.414233,-0.046299923,0.006687441,2025
32.11502,0.43961182,-0.043656558,-0.04670165,2025
34.312836,0.29849917,0.056624122,0.020341963,2025
35.673187,0.27731088,0.03886928,0.057699975,2025
34.38803,0.32450777,-0.0085129775,0.022484152,2025
35.14682,0.32141918,-0.00034291894,0.043587863,2025
34.95883,0.34673294,0.047124498,0.038444836,2025
32.67218,0.3511933,0.11252436,-0.028852224,2025
32.931946,0.23012362,0.0896318,-0.020736687,2025
35.01352,0.2665198,0.0303357,0.039946683,2025
31.653595,0.47172922,-0.024173647,-0.061959796,2025
31.968048,0.46464816,-0.065048896,-0.051513847,2025
34.12143,0.18173937,0.10002656,0.01484651,2025
31.093048,0.54219484,-0.10549405,-0.08110485,2025
34.586273,0.38462377,-0.0083884,0.028087094,2025
32.709778,0.4280108,-0.11479897,-0.02766963,2025
34.535004,0.51493114,-0.045530688,0.026644224,2025
28.86792,0.5354082,-0.1181056,-0.164436,2025
32.494446,0.33204383,0.012812162,-0.034479722,2025
34.18637,0.47931066,0.040191498,0.016717937,2025
30.241974,0.5531248,-0.18553579,-0.11152947,2025
29.083252,0.4752037,-0.12531258,-0.15581453,2025
36.045746,0.24907734,0.03336572,0.06743932,2025
37.04724,0.32859048,-0.009514151,0.09264916,2025
35.864594,0.33657503,0.01949764,0.06272895,2025
33.191742,0.2960419,0.011232506,-0.012747247,2025
33.540375,0.32977027,-0.008714322,-0.0022203247,2025
36.001312,0.27669856,0.044933327,0.06628833,2025
34.285492,0.24369061,0.070946716,0.019560656,2025
33.68393,0.3961933,-0.062656365,0.0020509535,2025
31.482697,0.47501108,-0.11876252,-0.06772447,2025
36.254272,0.19371535,0.09578807,0.07280321,2025
31.974884,0.3406776,0.015888672,-0.051289044,2025
31.838165,0.36091852,0.06646576,-0.055803467,2025
28.331299,0.5618585,-0.18667787,-0.1864915,2025
31.96463,0.40229362,0.024144849,-0.051626287,2025
31.991974,0.35187668,0.045354657,-0.050727453,2025
34.278656,0.30512848,-0.006280154,0.019365134,2025
33.519867,0.40665117,-0.039480597,-0.0028334938,2025
28.375732,0.6077462,-0.21979378,-0.18463357,2025
35.556976,0.20909435,0.050346337,0.054620255,2025
28.174072,0.5023622,-0.14779791,-0.19311276,2025
31.674103,0.33505017,0.025764674,-0.061272215,2025
31.985138,0.41965666,-0.0149591435,-0.050952017,2025
35.9227,0.33627725,-0.01093217,0.064245,2025
31.137482,0.4289586,-0.05615102,-0.079562105,2025
34.244476,0.34574306,0.0315028,0.018386353,2025
36.011566,0.32559702,0.0019907518,0.066554196,2025
30.73758,0.53896844,-0.107506916,-0.09360743,2025
33.80014,0.46474463,-0.097379744,0.005482081,2025
29.20633,0.56509113,-0.21460389,-0.15094386,2025
35.994476,0.26205,0.13058007,0.066111006,2025
35.174164,0.33001566,0.07888658,0.04433136,2025
35.187836,0.29267958,0.026285065,0.044702675,2025
29.770294,0.504712,-0.03899993,-0.12914051,2025
33.73178,0.2830278,0.07718287,0.0034666338,2025
34.729828,0.4525088,-0.14061277,0.032104466,2025
35.003265,0.32271045,0.037865125,0.039665446,2025
34.76059,0.32176808,-0.006453196,0.032961015,2025
33.670258,0.40546635,0.048996575,0.0016457342,2025
34.948578,0.26909682,0.14783801,0.038162716,2025
35.642426,0.28505465,0.036915246,0.056886707,2025
34.531586,0.36400285,0.015275531,0.02654788,2025
34.299164,0.39561453,0.008386094,0.019951465,2025
34.196625,0.34194246,-0.024243249,0.017012775,2025
34.347015,0.30728358,0.022946062,0.021316849,2025
36.40808,0.257053,0.069482006,0.076720215,2025
35.307465,0.28743532,-0.006904508,0.04793942,2025
29.15506,0.5542852,-0.13110952,-0.15296781,2025
33.290863,0.40094656,-0.06959648,-0.009731866,2025
36.404663,0.41778088,-0.01945204,0.07663353,2025
34.951996,0.24459288,0.09066706,0.03825677,2025
35.857758,0.30538616,0.041626744,0.06255027,2025
35.136566,0.18049328,0.09508487,0.043308754,2025
36.014984,0.31409058,0.076161034,0.06664278,2025
34.835785,0.21155488,0.077188455,0.035048433,2025
39.850006,0.2645118,0.13248968,0.15646574,2025
28.888428,0.5629161,-0.21197182,-0.16360937,2025
30.009552,0.5274044,-0.14090365,-0.12013819,2025
35.423676,0.42586532,0.022667646,0.051062748,2025
34.852875,0.4446204,0.014128449,0.03552159,2025
33.618988,0.43172333,0.024614934,0.00012322683,2025
30.864044,0.43265057,-0.034756146,-0.0891264,2025
35.66635,0.41632164,0.021584824,0.05751937,2025
36.09018,0.3982383,0.01786569,0.068587475,2025
34.99643,0.4242794,0.006371118,0.039477862,2025
36.10727,0.37311423,0.025658898,0.06902832,2025
29.739532,0.5187769,-0.17195521,-0.13030846,2025
26.625702,0.60904664,-0.27823383,-0.2624961,2025
35.269867,0.3202319,-0.0005613052,0.046924524,2025
35.410004,0.41479605,-0.08582404,0.05069636,2025
34.511078,0.43977892,-0.010317937,0.025969418,2025
37.457428,0.38671532,0.10270317,0.10258533,2025
32.22101,0.48695368,-0.022302423,-0.04325864,2025
34.22397,0.431629,0.022073558,0.017798148,2025
31.824493,0.35179546,0.0117847845,-0.056257043,2025
32.849915,0.43866697,-0.11959513,-0.023285624,2025
28.994385,0.53788334,-0.18713817,-0.15935709,2025
35.49887,0.2658581,0.07500845,0.053072833,2025
26.362518,0.6323703,-0.27195135,-0.27509993,2025
31.615997,0.36610442,-0.011136813,-0.06322268,2025
33.013977,0.33320948,-0.009347808,-0.01820042,2025
34.080414,0.4939007,-0.0005345367,0.013660883,2025
36.367065,0.26406145,0.12430484,0.075678915,2025
32.583313,0.54230887,-0.06987104,-0.0316583,2025
34.234222,0.36323854,-0.00062745664,0.018092338,2025
31.653595,0.2957775,0.086689144,-0.061959796,2025
33.239594,0.51095295,-0.17046863,-0.0112893,2025
33.307953,0.36711285,0.033340376,-0.0092137875,2025
37.717194,0.21712282,0.16738941,0.108766004,2025
25.039764,0.6131901,-0.28568086,-0.34245852,2025
30.901642,0.5090889,-0.108370155,-0.08780127,2025
35.102386,0.37959945,0.07418884,0.04237721,2025
34.111176,0.24699455,0.1287492,0.014550371,2025
34.45639,0.3294762,0.03037142,0.024423484,2025
35.440765,0.41222218,0.037681296,0.051520336,2025
34.97592,0.28762633,0.036987226,0.038914666,2025
33.14386,0.45502785,-0.09631604,-0.014210337,2025
34.654633,0.37369493,-0.0052720006,0.03000428,2025
31.776642,0.46098027,-0.07452768,-0.05784763,2025
34.81186,0.2174964,0.10655625,0.03438523,2025
32.25177,0.41172367,-0.04004061,-0.04226358,2025
25.077362,0.6377012,-0.26169708,-0.34044582,2025
32.525208,0.4827986,-0.07228407,-0.03350133,2025
34.630707,0.25485334,0.056875523,0.029334126,2025
32.89093,0.36688343,0.046775922,-0.022009566,2025
32.665344,0.3387861,0.06808676,-0.029067535,2025
35.273285,0.25767502,0.08213038,0.047016874,2025
35.58432,0.23817319,0.07753876,0.0553467,2025
35.826996,0.4476467,0.0009884178,0.061745353,2025
32.443176,0.4678626,-0.006142884,-0.0361145,2025
31.650177,0.34915307,0.025612937,-0.06207448,2025
36.315796,0.26504663,0.021548353,0.07437399,2025
33.215668,0.44599068,-0.012498881,-0.012017749,2025
35.368988,0.39422303,0.084069476,0.049595505,2025
34.23764,0.44404367,-0.06570496,0.018190363,2025
36.910522,0.36267528,0.03031427,0.08928829,2025
35.201508,0.3040174,0.17427042,0.045073703,2025
35.016937,0.27229077,0.048347294,0.040040396,2025
33.290863,0.29610112,0.07952941,-0.009731866,2025
35.235687,0.34030834,0.0032618719,0.04600001,2025
35.946625,0.29656237,0.11383316,0.06486783,2025
33.219086,0.38086364,0.10894138,-0.011913621,2025
35.741547,0.3430476,-0.039721206,0.059502218,2025
33.994965,0.3296885,0.07157014,0.011181636,2025
35.95346,0.31915233,0.021088548,0.065045625,2025
34.59311,0.36243626,-0.029201448,0.028279154,2025
36.161957,0.21697779,0.07593464,0.07043622,2025
33.36606,0.41969833,0.038917206,-0.0074562877,2025
25.562714,0.6282019,-0.27407718,-0.31499517,2025
28.539795,0.6057757,-0.20657822,-0.17782365,2025
33.2601,0.44332194,-0.05031886,-0.010665751,2025
36.787476,0.37216985,0.0049680457,0.08624213,2025
28.122803,0.6122697,-0.25331753,-0.19528788,2025
36.99597,0.2575579,0.0962711,0.09139174,2025
33.88217,0.48795027,-0.012543879,0.007889883,2025
37.799225,0.2697082,0.01779806,0.110700145,2025
33.892426,0.34858027,0.050499905,0.008190039,2025
34.66147,0.47564107,-0.077211656,0.030195583,2025
34.34018,0.25490355,0.07450109,0.021122025,2025
35.327972,0.22167286,0.06860849,0.04849209,2025
36.083344,0.4263257,0.01803385,0.068411015,2025
34.33676,0.38924298,0.064237766,0.021024587,2025
36.55847,0.26062533,0.070563726,0.08051831,2025
32.743958,0.46236232,-0.054299343,-0.0265969,2025
36.469604,0.42487153,0.0069367313,0.07827777,2025
32.28595,0.56217647,-0.10953824,-0.04116018,2025
35.604828,0.28470126,0.13659324,0.05589081,2025
33.837738,0.4650739,-0.007017472,0.006587106,2025
31.944122,0.43796185,0.041670475,-0.05230142,2025
29.014893,0.60300905,-0.21136446,-0.15853764,2025
26.24289,0.61837983,-0.29863858,-0.28091252,2025
37.6044,0.33878592,-0.0014987111,0.10609278,2025
31.773224,0.35278788,0.045194633,-0.057961427,2025
32.696106,0.33880162,0.013698153,-0.02809935,2025
34.165863,0.30128464,0.013528893,0.016127728,2025
32.545715,0.39598107,0.016422253,-0.032850098,2025
34.470062,0.28512144,0.000243213,0.024810428,2025
35.997894,0.24556471,0.0572372,0.066199675,2025
35.560394,0.3105972,-0.022606196,0.054711122,2025
34.063324,0.4827998,-0.06490049,0.013166029,2025
36.770386,0.26809105,0.0021136906,0.08581744,2025
32.93878,0.28695798,0.1509291,-0.02052485,2025
36.066254,0.22004335,0.03343787,0.06796959,2025
34.70932,0.3019175,0.08319985,0.03153259,2025
30.983673,0.45435268,-0.07377281,-0.08492125,2025
35.389496,0.29892963,0.059408892,0.050146252,2025
32.142365,0.40533885,-0.0027506815,-0.045811214,2025
36.02182,0.26141864,0.065241754,0.06681991,2025
27.128143,0.5892275,-0.16538006,-0.23911338,2025
32.986633,0.30583176,0.051075913,-0.01904444,2025
35.830414,0.28510207,0.034118623,0.061834857,2025
35.984222,0.1997605,0.09946536,0.065844886,2025
32.699524,0.4363772,0.015463117,-0.027991885,2025
29.141388,0.47997865,-0.119131826,-0.15350872,2025
33.554047,0.31648177,0.037543498,-0.0018119616,2025
28.932861,0.5098729,-0.083233014,-0.16182236,2025
35.17758,0.24889302,0.09218144,0.044424217,2025
34.586273,0.3736323,0.051966686,0.028087094,2025
30.183868,0.5453679,-0.16939703,-0.113669224,2025
35.48178,0.21454048,0.09866561,0.05261674,2025
37.549713,0.32708323,0.13394916,0.10479089,2025
36.025238,0.28500348,0.12378644,0.06690845,2025
31.54422,0.4627524,0.003974637,-0.065641984,2025
32.340637,0.36375445,0.062103093,-0.039399598,2025
34.1727,0.46562678,-0.044638023,0.016324542,2025
25.101288,0.6412957,-0.28194776,-0.33916816,2025
27.955292,0.60195947,-0.23346756,-0.20245017,2025
31.298126,0.40786862,-0.003637582,-0.07402101,2025
32.67218,0.45875916,-0.054695666,-0.028852224,2025
32.142365,0.3503483,0.076471254,-0.045811214,2025
36.739624,0.43990067,0.026787812,0.085052006,2025
35.109222,0.27797166,0.07558455,0.042563662,2025
29.49002,0.5761201,-0.2150461,-0.13987188,2025
33.085754,0.34874287,0.010432444,-0.015991502,2025
35.85434,0.2964884,0.008845753,0.0624609,2025
32.97296,0.25964877,0.0801883,-0.019466976,2025
31.827911,0.47956014,-0.0691345,-0.05614361,2025
28.269775,0.62451243,-0.20544547,-0.18907365,2025
38.46231,0.27782148,0.021157807,0.12603158,2025
33.41391,0.36097962,0.068225116,-0.0060135243,2025
36.93103,0.29413313,0.09009646,0.089794,2025
34.466644,0.3388034,-0.036752302,0.024713721,2025
34.497406,0.32718545,0.025722586,0.025583394,2025
33.536957,0.46133325,-0.03516921,-0.0023224675,2025
32.381653,0.3736586,0.011134612,-0.03808306,2025
31.2742,0.54364914,-0.08900604,-0.07484268,2025
24.769714,0.6266142,-0.293794,-0.3570946,2025
34.99301,0.41428208,0.007162349,0.03938404,2025
33.02765,0.3596421,0.04676094,-0.017778933,2025
27.811737,0.54991704,-0.18563405,-0.2086568,2025
33.39682,0.49495652,0.018558946,-0.0065283226,2025
31.05545,0.48139957,-0.07833543,-0.08241371,2025
33.724945,0.36986864,0.045054413,0.0032646395,2025
35.122894,0.29001302,0.014261173,0.042936355,2025
33.554047,0.31871742,0.038377777,-0.0018119616,2025
34.193207,0.23231018,0.11407144,0.016914515,2025
33.509613,0.38217074,0.07536914,-0.0031403597,2025
36.250854,0.25708577,0.036061246,0.07271578,2025
32.935364,0.33989227,0.094849646,-0.020630758,2025
33.7352,0.329024,0.084348336,0.0035676002,2025
25.108124,0.60907173,-0.2757536,-0.33880356,2025
34.429047,0.32231763,-0.0124933645,0.023648676,2025
30.46756,0.5222964,-0.12665711,-0.10329956,2025
32.162903,0.30076694,0.073900856,-0.04514339,2025
28.197998,0.55970156,-0.20426711,-0.19210042,2025
33.824066,0.32027557,0.0089139575,0.006185563,2025
35.26303,0.41023216,-0.016440783,0.046739765,2025
31.147736,0.4412001,-0.0121955,-0.07920671,2025
27.056366,0.6097485,-0.23438315,-0.2424006,2025
31.287872,0.36934745,-0.001344582,-0.074373,2025
32.16974,0.48206964,-0.04613364,-0.0449213,2025
35.269867,0.23155178,0.058357254,0.046924524,2025
36.049164,0.22477314,0.04276179,0.06752774,2025
34.080414,0.23261689,0.14609641,0.013660883,2025
32.901184,0.45009032,-0.09757892,-0.021691049,2025
30.898224,0.52810985,-0.098304674,-0.087921605,2025
32.64142,0.28824112,0.048509195,-0.02982183,2025
33.24643,0.38145685,0.03997102,-0.011081365,2025
35.41684,0.2794049,0.10312254,0.05087959,2025
35.102386,0.2607088,0.058258463,0.04237721,2025
31.281036,0.5474183,-0.15519106,-0.07460779,2025
33.270355,0.35702184,0.0482485,-0.010354265,2025
31.670685,0.3984698,0.03033806,-0.061386753,2025
32.836243,0.44822866,-0.06875085,-0.023711683,2025
31.91336,0.37632838,0.043959513,-0.053315748,2025
33.034485,0.50165683,-0.11372872,-0.01756832,2025
34.5726,0.33676693,0.012759434,0.027702747,2025
34.49057,0.3849687,-0.0036616067,0.025390267,2025
35.38266,0.38617402,-0.014487465,0.04996274,2025
34.65805,0.3518007,0.043003064,0.030099941,2025
36.367065,0.3502865,0.03442187,0.075678915,2025
34.40854,0.45887583,-0.018509222,0.023066761,2025
36.507202,0.20276575,0.09329515,0.07922702,2025
32.3714,0.46028528,0.021237075,-0.03841188,2025
34.35727,0.32426807,-0.010711317,0.021608936,2025
33.509613,0.5101778,-0.013312598,-0.0031403597,2025
32.091095,0.42621672,-0.016379,-0.04748203,2025
33.591644,0.42479238,0.0071774204,-0.0006906774,2025
37.146362,0.4275545,0.0073371343,0.09507033,2025
34.74008,0.2601383,0.05369723,0.03239015,2025
31.653595,0.46060106,-0.027325548,-0.061959796,2025
39.05362,0.3025695,0.12665541,0.13926427,2025
25.28244,0.6212253,-0.27382508,-0.32957283,2025
35.24936,0.21732865,0.0774219,0.04637003,2025
33.5643,0.24405256,-0.02580376,-0.0015059077,2025
35.73471,0.21552277,0.024954075,0.059322305,2025
31.363068,0.39800885,0.030734679,-0.07179711,2025
33.526703,0.41312873,0.02508357,-0.0026290207,2025
35.659515,0.2602622,0.053132307,0.057338696,2025
35.006683,0.45663163,0.03542028,0.03975921,2025
27.261444,0.5711074,-0.22395307,-0.23305446,2025
32.92169,0.44368252,-0.017259317,-0.02105461,2025
32.491028,0.4404875,-0.040887445,-0.034588546,2025
34.654633,0.34730676,0.05821505,0.03000428,2025
32.30304,0.40184656,0.018848727,-0.04060936,2025
29.619904,0.52223986,-0.114618756,-0.13487355,2025
34.890472,0.29900593,0.035002615,0.0365609,2025
31.212677,0.5136056,-0.073694326,-0.0769613,2025
35.597992,0.22250815,0.05381702,0.05570951,2025
33.704437,0.37925833,0.0077797105,0.0026581658,2025
33.29428,0.39050922,0.0073164115,-0.009628208,2025
27.175995,0.61933166,-0.24862228,-0.23693155,2025
32.450012,0.32222986,0.018519055,-0.03589623,2025
33.656586,0.2981896,0.028775567,0.0012401857,2025
37.25235,0.38518828,0.012055447,0.09764497,2025
35.139984,0.2898436,0.05706722,0.043401808,2025
34.25815,0.40503463,0.073735,0.018778099,2025
27.968964,0.6206553,-0.26712674,-0.20186238,2025
35.659515,0.47715333,-0.037026946,0.057338696,2025
31.909943,0.47709778,-0.08208748,-0.05342857,2025
30.207794,0.55233896,-0.19076757,-0.11278715,2025
35.386078,0.37143612,-0.04803004,0.050054505,2025
31.236603,0.47114888,0.013075464,-0.0761364,2025
24.786804,0.6925972,-0.27509484,-0.3561589,2025
36.264526,0.34359616,0.095035195,0.07306537,2025
28.351807,0.6225645,-0.2522237,-0.18563327,2025
42.594696,0.31253564,0.082628034,0.21082087,2025
37.04724,0.48383793,-0.05973268,0.09264916,2025
30.505157,0.39690715,-0.024786973,-0.10193974,2025
34.99301,0.36715606,0.04179371,0.03938404,2025
31.431427,0.41547075,-0.038002566,-0.06946609,2025
26.940155,0.6060414,-0.24396949,-0.24775991,2025
34.1727,0.43682915,0.018016264,0.016324542,2025
28.307373,0.5479568,-0.13165012,-0.18749434,2025
35.21518,0.3184467,0.08265665,0.04544444,2025
33.673676,0.35667673,0.038745385,0.0017470698,2025
34.651215,0.3601873,-0.0133380685,0.0299086,2025
36.19272,0.30876306,0.07059958,0.07122629,2025
30.843536,0.42430374,-0.040731955,-0.08985056,2025
33.32846,0.47601193,0.015738497,-0.008592794,2025
27.340057,0.5968076,-0.28334817,-0.22950895,2025
35.403168,0.27963337,0.0027314774,0.050513063,2025
31.69461,0.3768557,0.03645987,-0.06058553,2025
34.733246,0.48671636,-0.01113121,0.032199714,2025
38.769928,0.30138564,0.054860253,0.13296601,2025
31.721954,0.3162268,0.045175735,-0.05967132,2025
31.988556,0.43471673,-0.03215953,-0.050839726,2025
33.789886,0.4109955,0.01754731,0.005180284,2025
36.68152,0.21088946,0.033303898,0.08360268,2025
31.653595,0.4394883,-0.079259895,-0.061959796,2025
29.971954,0.5045374,-0.16612613,-0.121543325,2025
32.43976,0.36788705,0.07417494,-0.036223665,2025
33.137024,0.39775267,-0.043033723,-0.014419561,2025
27.312714,0.61839354,-0.22482087,-0.23073986,2025
36.51062,0.28584817,0.0189026,0.07931322,2025
31.202423,0.46204942,-0.012394304,-0.07731522,2025
35.345062,0.24337542,0.02647759,0.048952155,2025
31.800568,0.44721976,-0.027677033,-0.057051737,2025
36.62683,0.37055317,0.07445155,0.082234405,2025
32.45343,0.4100179,0.013283643,-0.035787128,2025
31.903107,0.46702442,0.0038753848,-0.05365429,2025
40.947205,0.3787498,0.10153945,0.17906861,2025
34.1727,0.3066518,-0.0032758922,0.016324542,2025
26.776093,0.6147563,-0.25051042,-0.2554052,2025
32.47052,0.33254445,-0.013493798,-0.035241976,2025
37.618073,0.29586527,0.1618956,0.106417656,2025
29.202911,0.36648712,-0.0065356987,-0.15107857,2025
32.89093,0.31517214,0.0037995111,-0.022009566,2025
31.428009,0.41217637,-0.013879115,-0.069582395,2025
36.22351,0.33360302,0.0354677,0.07201581,2025
34.278656,0.41369584,0.024669766,0.019365134,2025
34.042816,0.44984117,-0.025990222,0.012571548,2025
35.898773,0.24192062,0.044917203,0.063621335,2025
33.704437,0.40890288,-0.03427163,0.0026581658,2025
34.31967,0.51541024,-0.012578228,0.020537095,2025
37.532623,0.21017413,0.07365993,0.104383275,2025
30.238556,0.5370325,-0.08236917,-0.111655116,2025
33.359222,0.22869888,0.09346355,-0.0076627345,2025
35.321136,0.20261733,0.08346556,0.048307937,2025
34.57602,0.47314787,-0.02285544,0.027798863,2025
31.598907,0.4043281,-0.003946113,-0.063797705,2025
31.243439,0.39778617,0.018592013,-0.07590095,2025
33.78647,0.3655313,0.041632053,0.005079644,2025
35.293793,0.36060658,0.032506168,0.047570616,2025
34.244476,0.44671214,-0.011386391,0.018386353,2025
34.23764,0.41339165,-0.056242097,0.018190363,2025
32.55597,0.2914276,0.018975569,-0.03252479,2025
33.889008,0.37580907,0.052586902,0.008090006,2025
36.842163,0.41105342,-0.014407238,0.08759849,2025
37.751373,0.33158073,0.0145557625,0.10957292,2025
32.378235,0.51629907,-0.0849881,-0.038192645,2025
36.801147,0.31581277,0.032608274,0.086581595,2025
33.458344,0.36004996,-0.015541896,-0.004677511,2025
35.673187,0.25586468,0.038363513,0.057699975,2025
34.77426,0.28040752,0.030926667,0.033341218,2025
35.943207,0.23481877,0.064034775,0.0647789,2025
32.979797,0.36708447,0.018797103,-0.019255664,2025
27.022186,0.6372875,-0.3370189,-0.24397208,2025
32.426086,0.53645337,-0.03466123,-0.03666057,2025
29.32254,0.55221623,-0.16303262,-0.14638244,2025
35.505707,0.17469239,0.14197253,0.053255145,2025
31.991974,0.43613395,-0.018998684,-0.050727453,2025
31.052032,0.51479316,-0.10606807,-0.08253285,2025
32.41925,0.35393557,0.04549741,-0.036879163,2025
31.424591,0.42509863,-0.040838517,-0.069698736,2025
37.93936,0.32308033,0.11063871,0.11398495,2025
31.506622,0.41835552,-0.019120418,-0.06691364,2025
31.516876,0.52868915,-0.06734473,-0.06656653,2025
32.904602,0.33290064,0.05636099,-0.02158492,2025
32.38507,0.33562726,0.00972149,-0.0379735,2025
34.10092,0.19686334,0.12524073,0.014254053,2025
34.42221,0.5054567,-0.028600205,0.023454782,2025
35.222015,0.2776906,0.044133563,0.045629703,2025
33.219086,0.47153682,-0.06751087,-0.011913621,2025
28.040741,0.6060304,-0.23740295,-0.19878592,2025
32.473938,0.38192868,-0.036067586,-0.03513301,2025
33.574554,0.43862116,-0.019106815,-0.0012000407,2025
34.278656,0.41941592,0.0068438244,0.019365134,2025
36.68152,0.25279608,0.05227895,0.08360268,2025
35.46469,0.23279852,0.059412602,0.052160215,2025
32.227844,0.3332651,0.09693645,-0.04303735,2025
37.272858,0.2404493,0.0900808,0.098141454,2025
25.723358,0.63707775,-0.20793137,-0.30678293,2025
34.917816,0.43537715,-0.02231107,0.03731536,2025
37.7377,0.3340465,0.030109001,0.10925032,2025
36.784058,0.261825,0.08407898,0.086157225,2025
33.02423,0.3619146,0.059859887,-0.017884271,2025
35.7894,0.37415427,-0.0074436553,0.060759693,2025
34.343597,0.40479946,-0.047049377,0.021219447,2025
36.749878,0.3758546,0.09610078,0.08530729,2025
32.460266,0.38278824,0.008313315,-0.035568997,2025
32.30304,0.4041151,-0.030962572,-0.04060936,2025
34.11801,0.21129046,0.08809599,0.014747817,2025
30.970001,0.42355844,0.014369169,-0.085400194,2025
34.67514,0.30161417,0.037521794,0.030577961,2025
32.743958,0.39168277,0.03790534,-0.0265969,2025
32.275696,0.48911205,-0.09476166,-0.041490957,2025
30.925568,0.38411787,-0.009525749,-0.08695968,2025
35.628754,0.23559391,0.083832875,0.056524806,2025
35.522797,0.20597242,0.09561361,0.053710617,2025
37.026733,0.2180486,-0.007487886,0.09214661,2025
34.999847,0.36288962,-0.018099515,0.03957166,2025
34.350433,0.41835192,0.0053728344,0.02141423,2025
35.471527,0.29699492,0.0007066506,0.052342877,2025
33.02765,0.47119305,-0.048585903,-0.017778933,2025
34.13852,0.41774756,-0.039676737,0.015339682,2025
34.79477,0.31024885,0.0034453492,0.03391096,2025
32.853333,0.46400028,-0.018372104,-0.023179162,2025
32.477356,0.42621133,-0.08519304,-0.035024073,2025
34.99301,0.32807955,-0.007430999,0.03938404,2025
33.964203,0.3209183,0.06631249,0.010286054,2025
31.530548,0.46774215,-0.017113417,-0.066104054,2025
28.98413,0.5923837,-0.21225217,-0.15976724,2025
33.232758,0.37109944,0.015823618,-0.011497322,2025
31.000763,0.53675467,-0.10448524,-0.08432316,2025
33.71811,0.33600694,0.0047949217,0.0030625637,2025
27.651093,0.59046394,-0.21077582,-0.21567874,2025
24.981628,0.64804745,-0.29000342,-0.34558263,2025
33.33188,0.4632143,-0.0049308594,-0.0084893685,2025
37.577057,0.35987645,0.041918952,0.10544231,2025
29.298615,0.38010997,-0.018139562,-0.1473186,2025
34.77426,0.4389753,-0.01938701,0.033341218,2025
33.15753,0.38410857,0.032669477,-0.013792147,2025
25.176483,0.6061937,-0.22765873,-0.33516842,2025
30.990509,0.49766994,-0.10453988,-0.084681936,2025
33.321625,0.4942693,-0.04265834,-0.008799707,2025
35.307465,0.39812335,0.01062763,0.04793942,2025
32.901184,0.4970984,-0.046367742,-0.021691049,2025
32.497864,0.41915843,0.026951004,-0.03437092,2025
34.32309,0.38862023,0.026586775,0.020634633,2025
32.18683,0.480209,0.0025456448,-0.04436649,2025
35.80307,0.20731784,0.10410355,0.061118357,2025
34.55893,0.24863347,0.061416123,0.027318096,2025
31.950958,0.34899577,0.030752068,-0.05207628,2025
34.466644,0.36328733,0.06409883,0.024713721,2025
34.40854,0.27797505,0.11079968,0.023066761,2025
32.55597,0.31286615,0.035086453,-0.03252479,2025
33.359222,0.48412976,0.019370504,-0.0076627345,2025
32.323547,0.3688861,-0.029667873,-0.03994914,2025
33.991547,0.2278916,0.1586072,0.011082207,2025
33.940277,0.2701221,0.09209649,0.009588366,2025
34.770844,0.24621817,0.054820467,0.033246193,2025
35.66635,0.25399238,0.1004194,0.05751937,2025
35.741547,0.32980633,-0.01909285,0.059502218,2025
35.63217,0.2574491,0.060129404,0.056615308,2025
36.032074,0.18670714,0.05366746,0.067085475,2025
35.016937,0.37190628,0.059953894,0.040040396,2025
33.184906,0.29168308,0.044853598,-0.012955869,2025
31.287872,0.50308937,-0.054795172,-0.074373,2025
36.531128,0.43398914,0.01887677,0.07983007,2025
34.470062,0.2785772,0.035648026,0.024810428,2025
26.946991,0.62236375,-0.25797048,-0.24744338,2025
36.93103,0.3017703,0.07189541,0.089794,2025
33.376312,0.42711222,0.05009468,-0.0071467757,2025
31.957794,0.57062614,-0.16153407,-0.051851235,2025
35.45102,0.2302038,0.084506795,0.051794674,2025
36.773804,0.32540557,-0.008565971,0.085902415,2025
33.02765,0.35600668,0.08460292,-0.017778933,2025
33.71811,0.43724358,-0.02284619,0.0030625637,2025
39.90811,0.3364481,0.09722942,0.15769391,2025
31.803986,0.48406783,-0.044155944,-0.056938138,2025
31.178497,0.5359467,-0.0420164,-0.07814193,2025
34.261566,0.35320523,-0.03814218,0.018875986,2025
37.036987,0.36733574,0.035977628,0.09239796,2025
27.897186,0.6075568,-0.23938067,-0.20495468,2025
33.369476,0.4268356,0.03786042,-0.007353096,2025
38.29825,0.1962452,0.16871382,0.12228765,2025
35.895355,0.20502295,0.042773556,0.06353217,2025
33.407074,0.38708943,0.03731955,-0.0062193805,2025
35.71762,0.20164779,0.17762591,0.05887222,2025
36.15854,0.3785889,0.074918814,0.07034835,2025
32.812317,0.44444257,-0.012725097,-0.024458144,2025
33.26352,0.42352653,0.088227116,-0.010561901,2025
32.549133,0.48892137,-0.09861446,-0.03274164,2025
31.985138,0.46133226,-0.021049894,-0.050952017,2025
35.560394,0.25251985,0.03560718,0.054711122,2025
39.37491,0.3341368,0.10681076,0.14628766,2025
34.57602,0.30293033,0.05503485,0.027798863,2025
34.767426,0.30029586,0.06845479,0.033151153,2025
35.492035,0.36192894,-0.023169978,0.05289045,2025
32.241516,0.31738272,0.03296058,-0.042595055,2025
31.356232,0.47017446,-0.032464325,-0.072030775,2025
35.539886,0.42829406,0.008099407,0.054165654,2025
34.552094,0.2716656,0.025903512,0.027125657,2025
36.551636,0.40532914,0.03486364,0.080346346,2025
34.165863,0.36089304,-0.045826167,0.016127728,2025
32.231262,0.4027211,0.0003170851,-0.04292674,2025
36.514038,0.25206897,0.084862836,0.0793994,2025
33.677094,0.38570094,-0.015021198,0.0018483849,2025
32.99347,0.3999984,0.03519053,-0.018833304,2025
35.731293,0.2418563,0.09577002,0.05923232,2025
31.650177,0.42899486,-0.019756781,-0.06207448,2025
30.122345,0.42544463,0.0034120684,-0.11594384,2025
38.46231,0.33331832,0.14151432,0.12603158,2025
33.560883,0.3515846,-0.031775523,-0.0016079049,2025
35.874847,0.3382448,0.17831841,0.06299684,2025
33.78305,0.47961676,-0.12590218,0.0049789837,2025
37.51895,0.33725592,0.03082787,0.10405691,2025
35.799652,0.21313319,0.08333036,0.061028715,2025
29.780548,0.4658311,-0.028586442,-0.12875174,2025
38.56143,0.29976898,0.14975749,0.12827809,2025
35.181,0.30757967,-0.0104411375,0.044517055,2025
35.762054,0.22556709,0.12233317,0.06004155,2025
34.712738,0.40395305,-0.08060853,0.03162795,2025
36.473022,0.22158447,0.039751735,0.07836414,2025
35.43051,0.21966179,0.06874864,0.051245835,2025
33.827484,0.2572312,0.10698492,0.006285979,2025
35.276703,0.20380335,0.043750953,0.04710921,2025
31.862091,0.47439253,-0.087334,-0.055010647,2025
37.915436,0.298255,0.1871793,0.11342585,2025
30.90506,0.4890465,-0.11685387,-0.087680966,2025
35.43051,0.39631262,-0.09608876,0.051245835,2025
35.054535,0.29566962,0.05145962,0.041069996,2025
30.952911,0.4447499,-0.09404096,-0.08599947,2025
32.364563,0.3941476,0.0008908531,-0.038631212,2025
35.355316,0.27100727,0.019190598,0.049227983,2025
31.916779,0.3587861,0.0007577025,-0.05320295,2025
34.32309,0.43693048,-0.0063925534,0.020634633,2025
34.60678,0.35623717,0.0051480737,0.028663045,2025
30.764923,0.5069648,-0.09744067,-0.09263544,2025
33.861664,0.44035572,0.017968815,0.007289026,2025
33.608734,0.40105563,-0.0021605415,-0.00018183205,2025
35.23227,0.27791557,0.039444517,0.04590746,2025
34.12143,0.45819905,-0.058033176,0.01484651,2025
36.599487,0.23195381,0.10241106,0.081548735,2025
31.872345,0.51340216,-0.074980766,-0.05467123,2025
34.76059,0.26902974,0.006056159,0.032961015,2025
35.290375,0.2610816,0.073795274,0.04747837,2025
35.8851,0.31252933,0.0069427895,0.063264586,2025
36.271362,0.38298318,-0.039668635,0.073240064,2025
35.14682,0.3203516,0.006773005,0.043587863,2025
35.864594,0.2060759,0.042178296,0.06272895,2025
33.28061,0.47990242,-0.048604205,-0.010042969,2025
35.437347,0.27301475,0.10811305,0.051428854,2025
35.744965,0.3572235,0.03117711,0.05959215,2025
34.856293,0.23277564,0.028074972,0.035616163,2025
35.943207,0.2349536,0.10046414,0.0647789,2025
33.8685,0.5221174,-0.14191428,0.007489392,2025
33.338715,0.4093501,0.023095543,-0.008282583,2025
32.829407,0.39743605,0.0022868526,-0.023924846,2025
32.576477,0.35445118,0.025332397,-0.031874787,2025
35.645844,0.31294066,0.011702115,0.05697714,2025
35.181,0.41216382,-0.006979081,0.044517055,2025
32.914856,0.46308047,-0.019162955,-0.021266669,2025
36.329468,0.21999446,0.08503507,0.07472233,2025
34.30258,0.26204368,0.18690804,0.020049118,2025
31.810822,0.5197607,-0.08011008,-0.056711007,2025
33.796722,0.4420493,-0.0068698623,0.005381502,2025
27.575897,0.64122146,-0.24487925,-0.21899371,2025
34.056488,0.4249803,-0.04196835,0.012967948,2025
30.269318,0.5844611,-0.17029071,-0.11052538,2025
35.068207,0.24018307,0.07827711,0.04144385,2025
31.739044,0.4254919,0.023298012,-0.059100743,2025
38.09317,0.3485851,0.06159827,0.11756241,2025
30.211212,0.5221411,-0.071471095,-0.11266126,2025
35.604828,0.3628472,0.12929618,0.05589081,2025
33.841156,0.33202386,0.05345433,0.006687441,2025
35.051117,0.20293407,0.08290423,0.040976487,2025
34.630707,0.3778088,-0.015772726,0.029334126,2025
36.117523,0.30234703,0.1253669,0.06929262,2025
38.24698,0.26479697,0.083172835,0.121111095,2025
35.01352,0.37335625,-0.02182308,0.039946683,2025
32.026154,0.41185185,0.042727195,-0.049606074,2025
33.389984,0.4447627,-0.00023451487,-0.006734389,2025
32.38507,0.4265562,0.02231892,-0.0379735,2025
31.574982,0.45040438,-0.011451658,-0.06460379,2025
31.971466,0.49614674,-0.05039591,-0.051401433,2025
36.049164,0.43957126,-0.03102284,0.06752774,2025
32.214172,0.28478906,0.04978034,-0.04348002,2025
32.918274,0.29189596,0.04899489,-0.021160629,2025
31.154572,0.50668186,-0.060629535,-0.07896991,2025
32.227844,0.5022097,-0.15566973,-0.04303735,2025
32.077423,0.30849984,0.072550826,-0.047928482,2025
33.304535,0.3330902,0.04022596,-0.009317361,2025
31.725372,0.44661248,0.05421756,-0.059557155,2025
35.55356,0.27438486,0.06538722,0.05452937,2025
31.602325,0.47281042,0.011396144,-0.06368265,2025
35.556976,0.38971654,0.05582267,0.054620255,2025
31.421173,0.54791373,-0.13441293,-0.06981509,2025
34.377777,0.3866692,0.0069524776,0.022192588,2025
31.667267,0.38617402,0.041089524,-0.06150131,2025
34.326508,0.31905296,0.056628883,0.02073215,2025
31.479279,0.55477834,-0.11793258,-0.0678404,2025
36.691772,0.24265662,0.09409368,0.08385878,2025
32.35431,0.43074936,-0.029999599,-0.038960382,2025
35.926117,0.257809,0.076794595,0.06433403,2025
36.271362,0.19165346,0.11466934,0.073240064,2025
34.671722,0.346746,0.041057397,0.030482395,2025
33.59848,0.45620495,-0.021941341,-0.00048707714,2025
32.600403,0.43545192,-0.057055242,-0.031117482,2025
35.310883,0.28293356,0.008976044,0.048031576,2025
33.742035,0.26732278,0.050485272,0.0037694713,2025
35.3143,0.2871395,0.07097107,0.048123714,2025
30.481232,0.44287094,-0.038982563,-0.10280469,2025
30.744415,0.5335649,-0.11465142,-0.093364276,2025
25.743866,0.6379097,-0.27872252,-0.30574194,2025
37.525787,0.22253892,0.1000885,0.10422012,2025
32.57306,0.3315685,0.073940895,-0.031983063,2025
33.806976,0.2660043,0.056159597,0.005683177,2025
31.516876,0.29444906,0.044740118,-0.06656653,2025
32.296204,0.2774174,0.09143359,-0.040829618,2025
36.438843,0.2714546,0.13556819,0.07749965,2025
33.66342,0.24432434,0.08140906,0.0014430011,2025
29.606232,0.5091863,-0.07888737,-0.13539763,2025
35.358734,0.28520674,0.015757468,0.04931989,2025
33.957367,0.30651563,0.007942246,0.010086815,2025
29.930939,0.53554714,-0.07257526,-0.123080224,2025
37.3378,0.2814611,0.049173452,0.09971005,2025
33.506195,0.29165363,0.041665256,-0.00324269,2025
32.949036,0.29270202,0.086353436,-0.020207256,2025
34.934906,0.42367733,-0.028912146,0.037786298,2025
33.964203,0.2624677,0.13635938,0.010286054,2025
36.08676,0.32774433,0.056143217,0.06849925,2025
34.688812,0.44185564,0.0061631887,0.030960038,2025
34.620453,0.380891,0.017457988,0.029046634,2025
31.581818,0.5173198,-0.10686846,-0.06437336,2025
30.932404,0.45745093,-0.041012023,-0.086719476,2025
31.516876,0.4003728,0.0003895776,-0.06656653,2025
35.80307,0.23586427,0.072318174,0.061118357,2025
27.46994,0.59796023,-0.23848395,-0.2236956,2025
33.7352,0.52630866,-0.10632763,0.0035676002,2025
33.051575,0.3706016,0.08909912,-0.017042171,2025
34.418793,0.33591232,0.02448392,0.023357805,2025
36.332886,0.336979,0.021601878,0.07480937,2025
35.556976,0.21118923,0.061877638,0.054620255,2025
32.077423,0.44108573,-0.0766513,-0.047928482,2025
33.926605,0.29071963,0.036786206,0.009189247,2025
32.931946,0.40854374,-0.0063155643,-0.020736687,2025
31.499786,0.4857005,-0.04981664,-0.06714518,2025
33.458344,0.38587844,0.015215582,-0.004677511,2025
33.523285,0.5005442,-0.022797128,-0.0027312469,2025
37.129272,0.25886288,0.1142231,0.094653815,2025
35.621918,0.17342684,0.1691462,0.05634375,2025
35.259613,0.21271685,0.053707372,0.04664736,2025
36.56189,0.23923294,0.08075269,0.08060427,2025
33.85141,0.46431762,0.014227261,0.0069883247,2025
37.477936,0.35388407,0.11021648,0.1030764,2025
28.440674,0.52214843,-0.12177321,-0.18192858,2025
37.884674,0.3717628,-0.075599305,0.11270597,2025
36.500366,0.26403007,0.029327843,0.07905457,2025
33.68393,0.45660985,-0.02018623,0.0020509535,2025
35.256195,0.38670427,-0.03814577,0.046554934,2025
33.91977,0.27949852,0.04682561,0.008989566,2025
34.244476,0.24687748,0.04952049,0.018386353,2025
33.284027,0.41706514,0.0070576733,-0.009939248,2025
34.97592,0.3875529,-0.034338456,0.038914666,2025
34.75717,0.38430148,0.00557244,0.03286592,2025
34.162445,0.21760511,0.08625671,0.01602929,2025
34.982758,0.34480497,0.006559527,0.039102472,2025
33.36264,0.21850348,0.07110077,-0.0075595006,2025
25.056854,0.6054133,-0.23542765,-0.3415429,2025
31.35965,0.4219974,-0.06152237,-0.07191393,2025
33.83432,0.3386453,0.006816402,0.0064867507,2025
38.906647,0.24488606,0.0160403,0.1360128,2025
33.95053,0.41391638,0.035301283,0.009887496,2025
33.17807,0.42030522,0.02790418,-0.013164575,2025
32.347473,0.30265093,0.044653516,-0.039179944,2025
34.77768,0.29954824,0.09652382,0.03343622,2025
35.984222,0.25481653,0.041892383,0.065844886,2025
36.08676,0.3515067,0.06992393,0.06849925,2025
35.891937,0.27447036,0.052302364,0.063443,2025
29.192657,0.5838456,-0.19169025,-0.15148288,2025
34.487152,0.23509404,0.09026708,0.025293674,2025
35.33481,0.25744084,0.019640362,0.048676167,2025
30.980255,0.4427867,-0.07138394,-0.08504094,2025
35.242523,0.200515,0.06391439,0.046185058,2025
31.670685,0.5287922,-0.10987433,-0.061386753,2025
35.368988,0.25847527,0.030111313,0.049595505,2025
33.017395,0.40055734,0.032805625,-0.018095015,2025
35.054535,0.3677187,0.03094028,0.041069996,2025
30.388947,0.46715197,-0.023980463,-0.10615369,2025
36.99939,0.33037677,0.13546482,0.09147568,2025
35.878265,0.23931533,0.07070836,0.06308611,2025
36.15854,0.21168566,0.042842936,0.07034835,2025
31.199005,0.43422666,-0.015686704,-0.07743324,2025
35.604828,0.34715274,-0.00243143,0.05589081,2025
28.14331,0.57302773,-0.22399591,-0.19441688,2025
35.170746,0.31642857,-0.051797118,0.044238485,2025
28.662842,0.59117466,-0.22718342,-0.17276736,2025
32.309875,0.49821103,-0.05643512,-0.04038919,2025
34.429047,0.3090919,0.08805707,0.023648676,2025
30.884552,0.56915677,-0.16430101,-0.0884032,2025
36.165375,0.24809992,0.031825695,0.070524074,2025
33.102844,0.2620681,0.117160246,-0.015466981,2025
32.627747,0.43751174,0.0030307393,-0.030253353,2025
33.61557,0.284018,0.061173655,2.1561213e-05,2025
32.41925,0.37853184,-0.01910346,-0.036879163,2025
31.574982,0.51418835,-0.12593342,-0.06460379,2025
33.830902,0.29163545,0.04832086,0.006386375,2025
33.58139,0.20685339,0.10890965,-0.0009962332,2025
34.44272,0.4414725,0.005043558,0.024036234,2025
32.53546,0.34950012,0.02832006,-0.033175614,2025
33.307953,0.43657383,-0.026899822,-0.0092137875,2025
34.131683,0.3238315,0.0898432,0.015142472,2025
35.823578,0.30669984,0.011373248,0.061655834,2025
31.10672,0.50231606,-0.041622806,-0.08062969,2025
35.997894,0.35964277,0.021974538,0.066199675,2025
34.16928,0.23945996,0.06855634,0.016226146,2025
33.639496,0.34643236,0.03300905,0.00073278666,2025
32.09793,0.45978928,0.013669207,-0.047258947,2025
28.167236,0.61026776,-0.25180197,-0.19340232,2025
32.446594,0.21251762,0.07565042,-0.03600535,2025
35.24594,0.28103778,0.15458424,0.046277553,2025
31.899689,0.4901518,-0.0839607,-0.05376719,2025
33.355804,0.34638903,0.0941358,-0.0077659898,2025
36.920776,0.28894278,0.17305902,0.08954121,2025
35.82016,0.41039664,-0.07874214,0.061566297,2025
32.95587,0.4012098,-0.034047753,-0.01999564,2025
36.06967,0.23493965,0.039327595,0.06805791,2025
34.114594,0.562962,-0.11994603,0.014649104,2025
36.958374,0.34818104,0.127412,0.09046742,2025
32.935364,0.35241804,0.031136047,-0.020630758,2025
36.821655,0.39339253,0.012659357,0.08709033,2025
34.67856,0.41039807,0.059436675,0.03067351,2025
37.18396,0.30757624,0.09339517,0.09598533,2025
35.9227,0.3312362,0.043014467,0.064245,2025
33.824066,0.5093538,-0.055706184,0.006185563,2025
35.102386,0.30158404,0.027220167,0.04237721,2025
37.170288,0.26802978,0.075002104,0.09565282,2025
34.972504,0.27449384,0.07329697,0.038820736,2025
33.239594,0.44275448,-0.019502513,-0.0112893,2025
33.338715,0.42676112,0.031689588,-0.008282583,2025
32.884094,0.4720773,-0.09685534,-0.022222022,2025
29.565216,0.5806575,-0.20341966,-0.13697276,2025
34.27182,0.4144723,0.031684875,0.019169534,2025
29.025146,0.5226495,-0.15526207,-0.15812837,2025
31.537384,0.5358589,-0.16621736,-0.065872975,2025
32.665344,0.43752462,0.010647556,-0.029067535,2025
34.02231,0.42593592,0.053886395,0.01197635,2025
31.950958,0.4977724,-0.0736816,-0.05207628,2025
28.905518,0.48586622,-0.08961785,-0.16292141,2025
32.778137,0.30990618,0.025026876,-0.025526406,2025
34.42221,0.37719047,0.03372387,0.023454782,2025
33.58139,0.3443905,0.0447833,-0.0009962332,2025
33.6976,0.45755196,-0.009330186,0.0024558436,2025
32.3714,0.5346017,-0.041161083,-0.03841188,2025
27.811737,0.5411222,-0.16397578,-0.2086568,2025
38.687897,0.3802359,-0.037976887,0.13112761,2025
31.35965,0.42227578,-0.012785078,-0.07191393,2025
35.040863,0.17286554,0.08097484,0.04069585,2025
36.30896,0.24612008,0.10229603,0.07419972,2025
36.599487,0.20464833,0.1181893,0.081548735,2025
34.9144,0.37827617,0.00032962672,0.03722112,2025
32.682434,0.2899164,0.055804912,-0.02852943,2025
33.523285,0.4161312,0.014146355,-0.0027312469,2025
35.105804,0.2951448,0.046619896,0.042470448,2025
33.56772,0.29700154,0.019324461,-0.0014039313,2025
31.619415,0.4660875,-0.02988487,-0.063107744,2025
35.242523,0.33969986,-0.06368303,0.046185058,2025
35.621918,0.35550356,-0.022490483,0.05634375,2025
35.122894,0.29760087,0.014816371,0.042936355,2025
36.042328,0.19899541,0.1324648,0.06735088,2025
29.240509,0.5439806,-0.14964491,-0.1495985,2025
34.01889,0.41615424,0.049712483,0.01187708,2025
34.350433,0.3211336,0.0034634818,0.02141423,2025
33.36264,0.46426457,-0.1078482,-0.0075595006,2025
33.253265,0.349314,0.020010179,-0.010873515,2025
35.379242,0.2095003,0.070225775,0.049870957,2025
31.732208,0.44296685,-0.02126246,-0.0593289,2025
36.264526,0.37323257,0.020407444,0.07306537,2025
35.546722,0.34026614,0.14979334,0.054347545,2025
28.64917,0.5950967,-0.2147971,-0.17332703,2025
35.29721,0.24161094,0.055075716,0.047662843,2025
32.77472,0.4175325,-0.010837177,-0.025633356,2025
33.6019,0.31817433,0.026104556,-0.00038530806,2025
31.428009,0.49844486,-0.08275568,-0.069582395,2025
34.986176,0.3620761,-0.034137603,0.039196346,2025
37.57364,0.28455365,0.07000796,0.10536093,2025
37.63858,0.3543006,0.102109745,0.10690454,2025
33.724945,0.36743858,0.07657606,0.0032646395,2025
31.739044,0.4642271,-0.021258922,-0.059100743,2025
35.17758,0.22688131,0.08862098,0.044424217,2025
36.671265,0.31373388,-0.008338074,0.08334644,2025
30.932404,0.42895508,0.00749169,-0.086719476,2025
27.2341,0.6191334,-0.24896082,-0.23429248,2025
32.47052,0.4499434,0.0009676742,-0.035241976,2025
33.393402,0.42615095,-0.05999654,-0.006631345,2025
37.33438,0.3943747,0.103590794,0.09962763,2025
33.557465,0.32631484,0.011338714,-0.0017099229,2025
31.667267,0.48548943,-0.03552631,-0.06150131,2025
37.987213,0.36057067,0.057222612,0.11510105,2025
33.574554,0.42869735,0.033211417,-0.0012000407,2025
34.435883,0.40287113,-0.048805445,0.023842493,2025
25.579803,0.62363255,-0.2852757,-0.31411663,2025
31.236603,0.38748288,-0.017881462,-0.0761364,2025
36.667847,0.2997677,0.06593734,0.083261,2025
30.262482,0.57364804,-0.14584449,-0.11077623,2025
34.40512,0.255495,0.07002489,0.022969708,2025
34.699066,0.317012,-0.024108423,0.0312464,2025
30.840118,0.5108236,-0.09862334,-0.08997134,2025
34.736664,0.24954766,0.07622701,0.03229494,2025
36.30896,0.23623472,0.032540154,0.07419972,2025
32.26544,0.2923962,0.03826445,-0.04182194,2025
35.61508,0.2483622,0.09425912,0.056162626,2025
35.82016,0.40609464,0.068060316,0.061566297,2025
36.59265,0.32990837,-0.038167547,0.08137716,2025
35.372406,0.289573,0.061420377,0.04968734,2025
36.49353,0.27799073,0.033399165,0.07888206,2025
34.049652,0.37571865,-0.016635245,0.012769788,2025
37.57022,0.35038957,0.014250893,0.10527954,2025
31.985138,0.35881817,0.017266165,-0.050952017,2025
39.23819,0.2729308,0.035239592,0.14331305,2025
38.592194,0.3837512,0.067943044,0.12897293,2025
34.40512,0.25493988,0.041887708,0.022969708,2025
35.932953,0.3223102,0.039549522,0.06451203,2025
35.17758,0.24478233,0.12368701,0.044424217,2025
34.497406,0.34149137,0.078777514,0.025583394,2025
31.691193,0.34010464,0.07313851,-0.060699914,2025
31.626251,0.42142537,0.0066484865,-0.06287795,2025
30.68631,0.59193486,-0.20599563,-0.09543459,2025
31.482697,0.44756186,-0.023886371,-0.06772447,2025
34.25815,0.4270794,0.023328831,0.018778099,2025
35.45102,0.41977325,0.059860136,0.051794674,2025
30.66922,0.5989753,-0.14861882,-0.096045,2025
33.29428,0.32307202,0.027263729,-0.009628208,2025
31.81424,0.44157466,-0.086262725,-0.05659748,2025
38.014557,0.4035362,-0.0032735167,0.11573755,2025
33.2601,0.31020427,0.07201656,-0.010665751,2025
35.454437,0.20224537,0.077268876,0.051886085,2025
33.489105,0.22056536,0.10233441,-0.0037546554,2025
31.431427,0.53130853,-0.089772545,-0.06946609,2025
33.6976,0.32644066,0.03818255,0.0024558436,2025
35.66635,0.31659463,0.030688604,0.05751937,2025
33.441254,0.28109482,0.06531651,-0.005190942,2025
36.825073,0.33063823,-0.041409727,0.08717506,2025
35.66635,0.19099832,0.14967881,0.05751937,2025
34.076996,0.47512877,-0.013758733,0.013561952,2025
32.279114,0.50549227,-0.04999816,-0.041380674,2025
36.12094,0.18398042,0.06354561,0.06938069,2025
34.613617,0.35667306,0.0036201922,0.028854877,2025
31.154572,0.56727844,-0.15233648,-0.07896991,2025
33.71811,0.45740053,-0.07830199,0.0030625637,2025
31.588654,0.5317749,-0.103924185,-0.064143024,2025
33.861664,0.41366792,0.051409937,0.007289026,2025
31.773224,0.446272,-0.06238982,-0.057961427,2025
33.065247,0.32266906,0.02943202,-0.016621642,2025
35.389496,0.43410325,-0.009710851,0.050146252,2025
34.565765,0.43380153,-0.013436485,0.02751046,2025
33.66342,0.36091465,0.06343834,0.0014430011,2025
31.892853,0.44022712,0.015640995,-0.053993054,2025
33.256683,0.43771705,-0.030294264,-0.010769622,2025
33.793304,0.42781815,0.06639608,0.005280903,2025
31.171661,0.48587137,0.00035360636,-0.078378364,2025
33.721527,0.34925324,0.041613784,0.003163612,2025
30.515411,0.4807085,-0.06604341,-0.10156946,2025
30.077911,0.50882536,-0.12116812,-0.1175924,2025
36.387573,0.3144799,0.030533768,0.07619986,2025
36.014984,0.25704023,0.030101651,0.06664278,2025
30.56668,0.44195253,-0.052936554,-0.0997218,2025
34.384613,0.31634828,0.017474176,0.022386983,2025
34.18637,0.22621064,0.08584241,0.016717937,2025
33.64633,0.36017334,0.0036033036,0.0009358081,2025
33.994965,0.35802272,0.036726467,0.011181636,2025
37.139526,0.27664667,0.032056607,0.09490377,2025
33.653168,0.40327495,-0.021596873,0.0011387472,2025
33.222504,0.32333645,0.07125342,-0.011809514,2025
27.357147,0.60839695,-0.2279124,-0.22874089,2025
35.95346,0.29661584,0.09017696,0.065045625,2025
31.643341,0.3876035,-0.010319473,-0.06230392,2025
37.002808,0.26670367,0.020389238,0.091559604,2025
35.11264,0.34434542,0.012859766,0.042656865,2025
38.49991,0.25928065,0.105848774,0.12688506,2025
36.886597,0.28556192,-0.00044891002,0.08869757,2025
31.02127,0.4876473,-0.19057116,-0.083606325,2025
33.61557,0.26413864,0.026161794,2.1561213e-05,2025
33.981293,0.29987335,0.019961426,0.0107838,2025
37.50528,0.31363937,-0.019879289,0.10373031,2025
38.004303,0.2904056,0.17409244,0.11549897,2025
31.523712,0.4303886,-0.0065523917,-0.066335246,2025
34.18979,0.26009756,0.113010384,0.016816236,2025
34.890472,0.24563392,0.024797691,0.0365609,2025
34.887054,0.3126722,0.0022892302,0.036466513,2025
36.920776,0.24935077,0.10523808,0.08954121,2025
32.275696,0.47326088,-0.034151796,-0.041490957,2025
35.68344,0.29466996,-0.008895996,0.05797075,2025
30.50174,0.38115376,0.009761865,-0.10206322,2025
31.585236,0.41787875,-0.06628565,-0.06425818,2025
34.343597,0.26758152,0.05716955,0.021219447,2025
37.57364,0.19480269,0.12845477,0.10536093,2025
32.56964,0.3059246,0.059499852,-0.032091364,2025
36.531128,0.40257365,-0.02058701,0.07983007,2025
36.20639,0.30658615,0.11651655,0.071577005,2025
35.90219,0.28723872,0.1533874,0.06371048,2025
36.05258,0.32049704,0.07051882,0.06761614,2025
29.05249,0.55752033,-0.2497025,-0.15703835,2025
34.1727,0.42955717,-0.06371261,0.016324542,2025
32.986633,0.3477871,0.05390132,-0.01904444,2025
35.21176,0.31476822,0.10758998,0.045351785,2025
35.762054,0.30926988,0.15789568,0.06004155,2025
27.15207,0.5733215,-0.25581047,-0.2380215,2025
34.11801,0.29482812,0.09096907,0.014747817,2025
33.451508,0.31888747,0.023937307,-0.0048828204,2025
37.255768,0.3380397,0.1316092,0.09772775,2025
32.043243,0.44420004,-0.057436932,-0.049046278,2025
34.40854,0.30250385,0.06308324,0.023066761,2025
35.984222,0.26338974,0.041203383,0.065844886,2025
33.88217,0.38693553,-0.039372865,0.007889883,2025
34.75717,0.32646355,0.15030202,0.03286592,2025
30.68631,0.5406733,-0.13642642,-0.09543459,2025
32.525208,0.32992232,0.010007724,-0.03350133,2025
30.494904,0.5685207,-0.20234142,-0.10231027,2025
35.580902,0.20016602,0.050560683,0.055255957,2025
39.730377,0.24986918,0.07587942,0.15392585,2025
34.360687,0.37757313,0.01903834,0.021706259,2025
25.043182,0.6351714,-0.2935532,-0.3422753,2025
35.78598,0.31043515,0.14333071,0.06066999,2025
36.69519,0.25955656,0.04037309,0.08394411,2025
34.92807,0.29714,0.00049026305,0.037597977,2025
31.417755,0.42248806,-0.034777917,-0.069931485,2025
33.400238,0.48042122,-0.13159792,-0.0064253206,2025
35.46469,0.27112892,0.055345315,0.052160215,2025
28.697021,0.541123,-0.15893601,-0.17137054,2025
35.895355,0.25944117,0.09540512,0.06353217,2025
28.573975,0.622347,-0.24969438,-0.17641476,2025
33.543793,0.4580018,-0.040646933,-0.0021182026,2025
35.878265,0.29871848,0.10377916,0.06308611,2025
31.212677,0.55955434,-0.23616461,-0.0769613,2025
32.497864,0.38574514,-0.0043089706,-0.03437092,2025
32.6756,0.35855448,0.033143703,-0.028744604,2025
34.685394,0.25713524,0.03431213,0.030864548,2025
35.71762,0.3159273,0.10804386,0.05887222,2025
29.418243,0.52337164,-0.14641881,-0.14265303,2025
30.638458,0.54660565,-0.10993534,-0.09714546,2025
36.035492,0.2167912,0.08656179,0.06717396,2025
35.345062,0.30490446,0.053306807,0.048952155,2025
36.15854,0.2646136,0.06865313,0.07034835,2025
32.966125,0.36304992,0.017596755,-0.019678375,2025
36.705444,0.1779365,0.043842603,0.08420002,2025
34.931488,0.30724296,0.0059061353,0.03769215,2025
38.11026,0.2692637,0.06660004,0.11795812,2025
37.932526,0.34865114,0.106714204,0.11382528,2025
33.215668,0.42503366,0.0438859,-0.012017749,2025
31.19217,0.4351814,-0.0801306,-0.07766937,2025
34.620453,0.37026617,-0.0069473423,0.029046634,2025
36.8114,0.40183493,0.06280791,0.08683603,2025
32.53546,0.3413919,0.06901266,-0.033175614,2025
36.32605,0.2723933,0.054348007,0.07463527,2025
34.599945,0.42969295,-0.045022853,0.028471138,2025
32.95929,0.2554888,0.045593083,-0.019889861,2025
36.165375,0.25003,0.021130096,0.070524074,2025
34.34018,0.36449584,0.02261025,0.021122025,2025
31.605743,0.43181747,-0.041056525,-0.063567616,2025
35.201508,0.39984557,0.02061849,0.045073703,2025
33.906097,0.47064492,-0.03559231,0.008589963,2025
34.10092,0.45312798,-0.0037173775,0.014254053,2025
35.608246,0.35360262,0.006158462,0.05598143,2025
30.782013,0.49524143,-0.09095592,-0.09202882,2025
31.469025,0.4441755,-0.08476306,-0.06818834,2025
35.727875,0.2044723,0.09084767,0.05914232,2025
31.103302,0.4329503,-0.07476618,-0.08074845,2025
35.963715,0.37651795,0.026478875,0.0653122,2025
36.018402,0.34695867,-0.017362632,0.066731356,2025
36.99939,0.2187796,0.096778944,0.09147568,2025
37.6044,0.3790734,0.100915365,0.10609278,2025
34.090668,0.361884,0.06539142,0.013957557,2025
33.8685,0.43027002,-0.009018103,0.007489392,2025
33.6976,0.30814144,0.090480626,0.0024558436,2025
32.16974,0.48586842,-0.026261767,-0.0449213,2025
34.722992,0.297948,0.045165427,0.031913918,2025
35.847504,0.3060008,0.10155977,0.062282115,2025
35.037445,0.3384172,0.0025489186,0.04060227,2025
34.411957,0.21729682,0.106970996,0.023163795,2025
34.063324,0.4965133,-0.030903166,0.013166029,2025
36.623413,0.27159506,0.052416477,0.08214875,2025
33.824066,0.35294515,-0.00027730604,0.006185563,2025
34.4393,0.33392456,-0.01794834,0.023939373,2025
34.99643,0.35765663,0.024760671,0.039477862,2025
30.03006,0.487666,-0.11370316,-0.11937324,2025
33.779633,0.32761335,0.04543253,0.0048783035,2025
31.793732,0.47792065,-0.07448331,-0.057279013,2025
37.23526,0.43723524,-0.03516827,0.097230814,2025
35.427094,0.24906711,0.072559744,0.0511543,2025
32.72003,0.4317966,-0.04599651,-0.027347576,2025
33.892426,0.37118614,0.0059678373,0.008190039,2025
39.142487,0.35077155,0.11146827,0.14121845,2025
30.884552,0.4733862,-0.028155217,-0.0884032,2025
34.312836,0.3609067,0.053800054,0.020341963,2025
32.2005,0.4056849,0.03510509,-0.04392307,2025
31.99881,0.37495595,0.0378995,-0.050502986,2025
34.128265,0.38209695,0.08464446,0.015043838,2025
34.736664,0.25475538,0.054691322,0.03229494,2025
33.707855,0.5527459,-0.054227877,0.002759296,2025
39.986725,0.4004643,0.050507642,0.15934987,2025
33.116516,0.42705616,-0.14186591,-0.015047753,2025
34.822113,0.39919078,0.04654692,0.03466957,2025
33.526703,0.5100935,-0.057848435,-0.0026290207,2025
34.586273,0.3078639,0.08877231,0.028087094,2025
30.8367,0.5010561,-0.101575874,-0.09009216,2025
33.273773,0.34486687,0.043420583,-0.010250478,2025
30.546173,0.49277386,-0.13123831,-0.10046012,2025
35.61508,0.25516668,0.06173518,0.056162626,2025
28.191162,0.5988308,-0.22571133,-0.19238949,2025
35.160492,0.2914413,0.06436342,0.043959755,2025
35.0477,0.35157904,0.0055663823,0.04088296,2025
34.25815,0.36602283,-0.056414593,0.018778099,2025
26.946991,0.6250912,-0.2407444,-0.24744338,2025
36.117523,0.24473633,0.045487415,0.06929262,2025
38.301666,0.29151854,0.06239396,0.12236598,2025
34.20688,0.37986928,0.012304381,0.017307436,2025
35.628754,0.21579266,0.099259615,0.056524806,2025
32.38849,0.5033517,-0.11565863,-0.037863962,2025
33.072083,0.4553197,-0.048200045,-0.016411508,2025
33.068665,0.34349683,-0.035897467,-0.016516564,2025
31.810822,0.47266653,-0.13353145,-0.056711007,2025
32.979797,0.44242024,0.038749743,-0.019255664,2025
33.91635,0.3899433,-0.04061141,0.008889696,2025
36.2782,0.25728023,0.06147065,0.0734147,2025
35.46811,0.35453406,0.012304381,0.052251555,2025
24.84491,0.6124853,-0.2459786,-0.35298723,2025
35.379242,0.21694785,0.03495916,0.049870957,2025
35.22885,0.27068865,0.16231787,0.045814894,2025
33.858246,0.32538298,0.09059584,0.0071888124,2025
35.509125,0.20345707,0.077038534,0.053346273,2025
32.28253,0.5060706,-0.08056272,-0.041270416,2025
36.076508,0.21247646,0.13680945,0.068234496,2025
32.043243,0.4429004,-0.017915197,-0.049046278,2025
29.011475,0.5061594,-0.0884168,-0.15867414,2025
31.530548,0.33602846,0.008093234,-0.066104054,2025
26.564178,0.60199964,-0.25182387,-0.2654201,2025
25.590057,0.63224024,-0.2621144,-0.31359008,2025
27.295624,0.5982229,-0.25068074,-0.23151043,2025
33.290863,0.368029,-0.034486197,-0.009731866,2025
30.43338,0.51180303,-0.08993046,-0.10453867,2025
31.516876,0.47821975,-0.08595326,-0.06656653,2025
29.934357,0.5097216,-0.13389446,-0.122951984,2025
32.28595,0.27947754,0.20681758,-0.04116018,2025
33.20883,0.45703134,0.019069273,-0.012226069,2025
33.017395,0.4973353,-0.054032113,-0.018095015,2025
34.429047,0.27429983,0.08479392,0.023648676,2025
35.823578,0.47255844,0.002338455,0.061655834,2025
31.769806,0.44500178,-0.09816618,-0.05807525,2025
34.4769,0.34917662,0.096697845,0.025003783,2025
33.557465,0.4583839,-0.029860677,-0.0017099229,2025
35.12973,0.3090204,0.04238301,0.04312259,2025
26.786346,0.56656355,-0.22849359,-0.2549246,2025
33.407074,0.33420372,0.012290616,-0.0062193805,2025
34.511078,0.41910312,-0.085947216,0.025969418,2025
30.276154,0.5159819,-0.09116645,-0.110274635,2025
34.989594,0.420257,0.007355358,0.039290205,2025
31.568146,0.4275379,-0.035014123,-0.06483433,2025
32.11844,0.40110624,0.05413093,-0.046590265,2025
30.375275,0.56518054,-0.12653853,-0.10665157,2025
32.996887,0.38039333,-0.08200694,-0.018727768,2025
34.182953,0.36730573,0.06659511,0.016619617,2025
28.191162,0.61987907,-0.23700841,-0.19238949,2025
29.688263,0.5665205,-0.14048341,-0.13226043,2025
36.216675,0.34015378,0.12611304,0.07184065,2025
35.915863,0.19009238,0.085469246,0.064066894,2025
36.117523,0.2071289,0.07038717,0.06929262,2025
34.45981,0.49505478,-0.07991476,0.024520248,2025
35.24594,0.31256613,0.12364498,0.046277553,2025
32.65509,0.44094053,-0.026493136,-0.029390668,2025
29.06958,0.5283253,-0.21651322,-0.15635814,2025
36.237183,0.25556698,0.008002154,0.072365925,2025
31.472443,0.3832148,0.014113835,-0.068072334,2025
25.268768,0.64066005,-0.23812225,-0.3302922,2025
35.06479,0.3675794,0.05042545,0.041350413,2025
31.455353,0.52372134,-0.06022776,-0.06865262,2025
31.739044,0.40235823,0.079094395,-0.059100743,2025
35.440765,0.18737336,0.051637996,0.051520336,2025
36.367065,0.22502506,0.104880214,0.075678915,2025
34.0394,0.36524403,-0.032340113,0.012472398,2025
31.650177,0.29286423,0.09052378,-0.06207448,2025
32.36798,0.46881515,-0.029952317,-0.038521536,2025
31.45877,0.38944423,0.1017162,-0.06853651,2025
35.341644,0.2768752,0.030365344,0.048860177,2025
34.596527,0.31461602,0.1268171,0.028375154,2025
34.165863,0.5013298,-0.044533398,0.016127728,2025
33.957367,0.2944021,0.004929501,0.010086815,2025
36.2782,0.4650735,-0.0120882485,0.0734147,2025
33.742035,0.346568,-0.032870475,0.0037694713,2025
35.39633,0.22089905,0.17490196,0.050329693,2025
36.66101,0.29940966,0.1394334,0.08309006,2025
34.86313,0.28461942,0.002447962,0.03580526,2025
25.480682,0.6395275,-0.2133719,-0.31922862,2025
32.04666,0.33196235,0.00932659,-0.048934393,2025
32.53888,0.5240663,-0.07959475,-0.033067085,2025
34.832367,0.21474719,0.10682152,0.034953743,2025
27.586151,0.6383713,-0.23658602,-0.21854061,2025
37.307037,0.2572808,0.0943388,0.09896771,2025
34.500824,0.28100416,0.004109732,0.02567993,2025
36.00473,0.46036732,-0.019835545,0.06637697,2025
36.32263,0.31007904,0.00823279,0.07454819,2025
30.799103,0.50787354,-0.08863114,-0.09142287,2025
36.42517,0.1974388,0.06245678,0.07715339,2025
31.61258,0.39264715,-0.02338804,-0.06333763,2025
35.963715,0.42070603,0.065919235,0.0653122,2025
33.39682,0.47282064,-0.038157113,-0.0065283226,2025
33.150696,0.56375444,-0.13366319,-0.014001199,2025
28.444092,0.5894193,-0.22771259,-0.18178655,2025
30.053986,0.5057377,-0.08828227,-0.11848211,2025
34.818695,0.2590615,0.074287616,0.03457481,2025
30.983673,0.5275079,-0.13621926,-0.08492125,2025
35.909027,0.22911951,0.05415577,0.06388872,2025
35.057953,0.40389106,-0.0073304093,0.04116349,2025
29.872833,0.5576745,-0.20899296,-0.12526472,2025
34.76059,0.31847847,0.018404992,0.032961015,2025
35.167328,0.20517524,0.121668026,0.044145595,2025
36.55847,0.29893404,0.072914764,0.08051831,2025
32.22101,0.35608053,0.070549645,-0.04325864,2025
36.59265,0.3294659,-0.03601468,0.08137716,2025
33.506195,0.39321673,0.035336442,-0.00324269,2025
38.14444,0.3233377,0.098334834,0.118748486,2025
33.7352,0.38194096,0.10207784,0.0035676002,2025
38.889557,0.292506,0.16000761,0.13563311,2025
34.852875,0.255557,0.094702415,0.03552159,2025
37.597565,0.2801681,0.07430047,0.10593025,2025
37.816315,0.33630735,0.045722876,0.11110203,2025
32.514954,0.50249946,-0.14403322,-0.033827256,2025
32.38849,0.47979048,-0.058244348,-0.037863962,2025
27.104218,0.66184,-0.26880226,-0.24020718,2025
34.165863,0.3978307,-0.03906015,0.016127728,2025
32.815735,0.451392,0.004250565,-0.02435144,2025
34.565765,0.4043389,-0.021294462,0.02751046,2025
34.712738,0.3307868,0.032552384,0.03162795,2025
27.093964,0.64036787,-0.276517,-0.24067655,2025
34.64096,0.30131716,0.12472683,0.029621448,2025
34.08383,0.45133507,-0.045861073,0.013759795,2025
34.097504,0.35000944,0.079691395,0.014155241,2025
31.434845,0.5587703,-0.13254882,-0.0693498,2025
33.78305,0.46594214,-0.092913195,0.0049789837,2025
24.831238,0.64036,-0.24478468,-0.35373217,2025
34.852875,0.38909435,0.04195007,0.03552159,2025
34.948578,0.4797057,-0.03860383,0.038162716,2025
31.875763,0.48215577,-0.059316933,-0.05455814,2025
31.899689,0.3477386,0.02048159,-0.05376719,2025
37.177124,0.25207505,0.04985885,0.09581911,2025
33.957367,0.2926116,0.113126576,0.010086815,2025
34.046234,0.37278903,-0.016642602,0.012670677,2025
32.545715,0.4345206,0.015106017,-0.032850098,2025
34.449554,0.27075845,-0.00732624,0.024229897,2025
33.677094,0.35515726,0.056069802,0.0018483849,2025
35.286957,0.25734502,0.05442113,0.047386106,2025
32.928528,0.34491417,-0.054877665,-0.02084264,2025
31.168243,0.40447024,-0.04395095,-0.07849662,2025
34.620453,0.44758314,0.0,0.029046634,2025
34.00522,0.40127143,-0.054625724,0.011479803,2025
30.559845,0.5366041,-0.15382585,-0.09996779,2025
31.827911,0.37290487,0.034221265,-0.05614361,2025
30.997345,0.5729532,-0.14524367,-0.08444273,2025
27.73996,0.5498086,-0.15225922,-0.21178421,2025
35.023773,0.23542242,0.040145975,0.04022776,2025
33.875336,0.43716064,-0.0049144607,0.0076896776,2025
30.860626,0.5027922,-0.06298783,-0.089247026,2025
35.208344,0.30199695,0.0026089037,0.045259107,2025
33.724945,0.3200803,0.0068094656,0.0032646395,2025
34.84604,0.27340558,0.015616777,0.03533238,2025
36.753296,0.2912781,0.099479295,0.085392356,2025
35.040863,0.30077252,0.074420564,0.04069585,2025
32.72003,0.32421958,0.0759696,-0.027347576,2025
32.79181,0.5160963,-0.07044073,-0.025098834,2025
33.502777,0.40768695,-0.0008736289,-0.0033450413,2025
32.026154,0.43348333,0.032038454,-0.049606074,2025
35.187836,0.2748915,0.039486032,0.044702675,2025
33.49936,0.39524192,0.08473254,-0.0034474137,2025
36.68152,0.25452948,0.008346372,0.08360268,2025
37.628326,0.32958943,0.017238272,0.10666116,2025
36.2406,0.27031687,0.114892416,0.07245342,2025
34.668304,0.28322035,0.0042222883,0.03038681,2025
34.23764,0.30656293,0.08823758,0.018190363,2025
35.09555,0.29330704,0.03431376,0.042190682,2025
32.432922,0.2756367,0.11419454,-0.03644207,2025
30.51883,0.5154628,-0.08221172,-0.10144609,2025
37.888092,0.31954262,0.04761717,0.11278601,2025
32.65509,0.2983442,0.0020029077,-0.029390668,2025
31.776642,0.3352925,0.03186462,-0.05784763,2025
31.373322,0.47868043,-0.0672357,-0.07144681,2025
31.383575,0.4345561,-0.05391108,-0.07109674,2025
35.594574,0.31314385,0.04554543,0.055618834,2025
32.231262,0.4136206,0.004694128,-0.04292674,2025
34.381195,0.3922149,0.0018062524,0.022289796,2025
31.971466,0.43830797,0.020194974,-0.051401433,2025
34.634125,0.3666386,-0.020261038,0.029429918,2025
35.410004,0.2661055,0.053157117,0.05069636,2025
33.372894,0.308135,0.01201912,-0.0072499253,2025
38.746002,0.31958038,0.11957846,0.13243061,2025
31.61258,0.42462575,-0.043152187,-0.06333763,2025
31.667267,0.4190233,-0.023129622,-0.06150131,2025
32.51837,0.42409372,0.017755156,-0.033718593,2025
32.16974,0.47238266,-0.057524715,-0.0449213,2025
34.514496,0.23243165,0.049291313,0.026065877,2025
37.45401,0.18948154,0.03585089,0.102503434,2025
35.286957,0.3782045,0.030187441,0.047386106,2025
36.46277,0.22394022,0.033556666,0.078104965,2025
32.11502,0.42338324,-0.054485317,-0.04670165,2025
33.184906,0.39916694,-0.07215792,-0.012955869,2025
32.128693,0.34029657,0.028294858,-0.046256244,2025
33.04474,0.37545842,0.07193679,-0.017252564,2025
27.244354,0.5934472,-0.26245138,-0.23382793,2025
32.682434,0.28705955,0.07387387,-0.02852943,2025
35.427094,0.18011022,0.07819033,0.0511543,2025
33.02423,0.4497886,0.03257627,-0.017884271,2025
33.994965,0.4419085,0.004704859,0.011181636,2025
33.80014,0.27932552,0.022434821,0.005482081,2025
34.866547,0.24750334,0.03135719,0.03589978,2025
33.506195,0.3928139,0.033408996,-0.00324269,2025
35.403168,0.30461484,0.019827392,0.050513063,2025
35.14682,0.43369582,0.07420849,0.043587863,2025
33.810394,0.2719703,0.04763562,0.0057836953,2025
29.33963,0.5553482,-0.18354917,-0.14571469,2025
36.46277,0.37876466,-0.03601668,0.078104965,2025
38.205963,0.28099278,0.060908332,0.120167576,2025
36.10727,0.30739585,0.0061526955,0.06902832,2025
28.26294,0.5900923,-0.2181199,-0.18936126,2025
30.423126,0.5249679,-0.08509404,-0.10491095,2025
32.682434,0.36832565,0.055298895,-0.02852943,2025
34.364105,0.29377967,0.053334028,0.021803563,2025
34.7435,0.3325739,0.033550087,0.032485344,2025
36.572144,0.34691104,-0.002651378,0.080862045,2025
35.512543,0.25967267,0.089346364,0.053437386,2025
36.380737,0.17539562,0.0694309,0.076026276,2025
32.043243,0.46988952,-0.027011756,-0.049046278,2025
31.335724,0.48971084,-0.15665433,-0.07273237,2025
35.304047,0.24925421,0.04326516,0.047847245,2025
32.562805,0.2790667,0.12798062,-0.03230803,2025
32.84308,0.54355896,-0.041617326,-0.02349861,2025
36.725952,0.20332307,0.029786022,0.0847114,2025
36.599487,0.28212833,0.15827613,0.081548735,2025
33.506195,0.30586672,0.055907726,-0.00324269,2025
33.707855,0.39403546,0.047550432,0.002759296,2025
33.215668,0.3957736,0.050859723,-0.012017749,2025
35.19467,0.29414824,-0.018668357,0.044888224,2025
31.838165,0.39668885,-0.0071256645,-0.055803467,2025
34.91098,0.30306572,0.017369727,0.037126858,2025
35.338226,0.29952443,0.012307409,0.04876818,2025
31.749298,0.4327018,-0.05387507,-0.05875869,2025
32.005646,0.31904784,0.02723461,-0.050278615,2025
34.063324,0.34740084,0.10988083,0.013166029,2025
31.472443,0.38995457,0.0070554893,-0.068072334,2025
35.06479,0.39836922,-0.016281044,0.041350413,2025
35.731293,0.2831452,-0.00674129,0.05923232,2025
31.99881,0.30982324,0.042440142,-0.050502986,2025
34.579437,0.40727115,0.017616238,0.027894959,2025
32.829407,0.40623394,0.06998153,-0.023924846,2025
25.53537,0.6250029,-0.23034047,-0.3164033,2025
35.440765,0.45171824,-0.027252188,0.051520336,2025
31.028107,0.4926032,-0.049154278,-0.08336759,2025
35.410004,0.3655126,0.011697472,0.05069636,2025
35.04428,0.22110282,0.07868873,0.040789414,2025
35.0101,0.31819022,0.060054973,0.03985296,2025
35.87143,0.33911136,-0.04551644,0.06290756,2025
37.361725,0.34860426,0.0040108077,0.10028658,2025
28.601318,0.5796853,-0.18308215,-0.17529006,2025
26.858124,0.5684452,-0.21214674,-0.25157088,2025
32.173157,0.3542223,0.035271104,-0.04481029,2025
33.31479,0.40594998,-0.05532886,-0.009006704,2025
37.002808,0.2950361,0.12097699,0.091559604,2025
35.259613,0.4129769,-0.04191772,0.04664736,2025
32.62091,0.27527875,0.06548937,-0.030469248,2025
36.520874,0.25456473,0.06621445,0.07957172,2025
34.982758,0.23129733,0.0822399,0.039102472,2025
34.9144,0.42114407,0.048852623,0.03722112,2025
32.95929,0.35802037,-0.0403547,-0.019889861,2025
32.087677,0.31915247,0.038422104,-0.047593605,2025
36.247437,0.3086196,0.13343295,0.07262834,2025
37.816315,0.20485479,0.15824111,0.11110203,2025
36.367065,0.18450679,0.06467089,0.075678915,2025
29.031982,0.53022265,-0.0914031,-0.15785566,2025
34.114594,0.42581058,-0.004863741,0.014649104,2025
31.445099,0.5160536,-0.099182904,-0.0690011,2025
35.99106,0.21948753,0.089367785,0.066022314,2025
33.36264,0.49452573,-0.0355687,-0.0075595006,2025
31.164825,0.43118185,-0.01609567,-0.078614905,2025
35.304047,0.26591527,0.051219076,0.047847245,2025
33.47885,0.37297526,-0.025962397,-0.0040620854,2025
31.605743,0.51330334,-0.08475586,-0.063567616,2025
36.237183,0.26786876,0.022528872,0.072365925,2025
32.566223,0.3875827,0.032392208,-0.032199685,2025
32.156067,0.39020923,-0.013696308,-0.045365572,2025
35.324554,0.33066022,-0.040188216,0.048400022,2025
33.14386,0.33850542,0.03231745,-0.014210337,2025
34.114594,0.261553,0.05711811,0.014649104,2025
36.77722,0.3074449,0.12910582,0.08598737,2025
35.823578,0.19573522,0.048840642,0.061655834,2025
34.712738,0.41646704,-0.046666797,0.03162795,2025
31.66043,0.47463033,-0.025473012,-0.061730504,2025
35.034027,0.31995416,0.04375204,0.04050867,2025
37.040405,0.36180842,0.058828775,0.09248171,2025
35.358734,0.25118443,0.047194958,0.04931989,2025
30.532501,0.50264186,-0.064320244,-0.100952886,2025
31.045197,0.45195627,-0.11057366,-0.08277122,2025
32.326965,0.46315974,-0.050681733,-0.039839186,2025
30.549591,0.5402779,-0.16625132,-0.100337,2025
31.270782,0.43281454,-0.032925952,-0.07496016,2025
35.191254,0.21235183,0.12022122,0.04479546,2025
34.179535,0.35797834,0.030394835,0.016521279,2025
35.891937,0.3305745,0.043039285,0.063443,2025
32.778137,0.35825682,0.03367061,-0.025526406,2025
34.432465,0.22229429,0.04699024,0.023745595,2025
32.764465,0.3532692,0.020583257,-0.025954336,2025
36.165375,0.47630098,-0.04779549,0.070524074,2025
33.28061,0.3716987,0.0023156349,-0.010042969,2025
34.517914,0.41687682,0.041866362,0.026162315,2025
34.986176,0.42268556,-0.0032169279,0.039196346,2025
36.12094,0.26761866,0.12126218,0.06938069,2025
35.744965,0.3328999,0.010312011,0.05959215,2025
35.43393,0.23648113,0.123734295,0.051337354,2025
31.916779,0.4369618,-0.019820012,-0.05320295,2025
37.01306,0.365358,0.098494105,0.09181127,2025
33.102844,0.44722763,-0.041528,-0.015466981,2025
38.24698,0.3139592,0.1712208,0.121111095,2025
36.45935,0.3300122,-0.028863797,0.07801854,2025
37.31729,0.28259182,0.09239123,0.09921529,2025
32.55597,0.43039465,-0.0015263156,-0.03252479,2025
35.34848,0.23645656,0.08896535,0.049044117,2025
33.266937,0.48215595,-0.052294362,-0.010458072,2025
35.14682,0.2906916,-0.002344109,0.043587863,2025
35.58432,0.27539536,0.030208522,0.0553467,2025
31.099884,0.44529188,-0.069047034,-0.08086722,2025
33.437836,0.30101806,0.012694652,-0.0052936915,2025
30.183868,0.51083124,-0.11964586,-0.113669224,2025
36.616577,0.21360837,0.14211187,0.081977405,2025
31.793732,0.44739982,-0.054555852,-0.057279013,2025
32.80548,0.43418396,-0.017207844,-0.024671618,2025
34.72641,0.43455437,-0.088686734,0.0320092,2025
34.54184,0.32820895,0.030994482,0.026836855,2025
35.51938,0.4104202,-0.06770145,0.05361956,2025
29.8284,0.5414327,-0.20165475,-0.12694095,2025
30.30008,0.45381615,-0.016700394,-0.109397925,2025
39.11856,0.24843046,0.06555201,0.1406932,2025
29.62674,0.5742382,-0.2100989,-0.1346117,2025
33.34555,0.47677484,-0.011453357,-0.008075883,2025
34.40512,0.2404054,-0.00031219507,0.022969708,2025
35.697113,0.23184304,0.06958613,0.058331545,2025
36.975464,0.31864825,0.14394315,0.0908878,2025
36.247437,0.23832951,-0.006982545,0.07262834,2025
33.0755,0.2359423,0.11244034,-0.016306475,2025
34.398285,0.24506001,0.07312498,0.022775544,2025
32.726868,0.38161108,-0.03795188,-0.027132984,2025
32.853333,0.5059126,-0.046771813,-0.023179162,2025
33.947113,0.2133555,0.053551853,0.009787806,2025
33.861664,0.3293674,0.05324384,0.007289026,2025
34.89389,0.25432327,0.048952762,0.036655273,2025
32.761047,0.3653952,0.00916623,-0.026061375,2025
32.74054,0.39635447,0.010524645,-0.026704071,2025
36.12436,0.18476473,0.08804469,0.069468744,2025
26.755585,0.64257044,-0.28133518,-0.25636744,2025
34.982758,0.3305465,-0.03665286,0.039102472,2025
34.40512,0.22169873,0.021587048,0.022969708,2025
34.40512,0.40100616,-0.026600895,0.022969708,2025
30.638458,0.5037578,-0.057049867,-0.09714546,2025
34.80844,0.22484158,0.03815397,0.034290414,2025
36.02182,0.3148026,0.021542227,0.06681991,2025
34.03598,0.42487463,-0.009613286,0.012373229,2025
30.706818,0.4802737,-0.053377602,-0.094703,2025
31.985138,0.47569388,-0.045223773,-0.050952017,2025
35.327972,0.23478517,0.0842628,0.04849209,2025
36.97888,0.26169193,0.12678204,0.09097183,2025
29.920685,0.4665209,-0.050413933,-0.123465106,2025
29.971954,0.51323605,-0.08732913,-0.121543325,2025
31.099884,0.4689106,-0.042154465,-0.08086722,2025
34.565765,0.24942584,0.04282017,0.02751046,2025
31.605743,0.5844402,-0.18446833,-0.063567616,2025
34.603363,0.26831383,0.040429104,0.0285671,2025
34.818695,0.32285148,-0.0012641146,0.03457481,2025
34.47348,0.2915562,0.049590677,0.024907116,2025
31.626251,0.50477,-0.16425869,-0.06287795,2025
36.47644,0.2998729,0.045154445,0.0784505,2025
27.391327,0.61271524,-0.24040027,-0.22720763,2025
33.847992,0.4858048,-0.07614421,0.00688805,2025
34.805023,0.32186353,0.029688857,0.03419558,2025
38.828033,0.32187042,0.07888687,0.13426352,2025
34.165863,0.4235277,-0.006501546,0.016127728,2025
35.153656,0.36900604,-0.05660426,0.043773845,2025
32.395325,0.2717444,0.076254815,-0.037644956,2025
36.165375,0.19184166,0.029272068,0.070524074,2025
32.40216,0.4894721,-0.07078925,-0.037426043,2025
32.716614,0.44741738,-0.0075674197,-0.027454905,2025
35.509125,0.45403525,-0.021495149,0.053346273,2025
29.072998,0.58324146,-0.22085747,-0.15622218,2025
34.801605,0.3158806,0.042288005,0.034100726,2025
32.340637,0.5076778,-0.051069014,-0.039399598,2025
36.302124,0.24418437,0.06823469,0.074025385,2025
32.480774,0.48824266,-0.06482292,-0.034915157,2025
34.88022,0.21022722,0.06690423,0.036277674,2025
33.926605,0.35363275,-0.037055716,0.009189247,2025
31.15799,0.44119948,-0.055900235,-0.07885155,2025
35.51596,0.28950945,0.14829071,0.05352848,2025
35.929535,0.23238319,0.08218108,0.06442303,2025
35.505707,0.31124485,-0.007687669,0.053255145,2025
32.60382,0.45822155,0.0080063,-0.031009387,2025
34.9144,0.22203188,0.13267902,0.03722112,2025
33.424164,0.35291642,0.023579512,-0.0057048984,2025
25.026093,0.63360417,-0.2786693,-0.34319192,2025
29.493439,0.58257794,-0.19074136,-0.13973978,2025
33.147278,0.5380144,-0.08570358,-0.014105757,2025
35.594574,0.2691439,0.009547362,0.055618834,2025
32.41925,0.40941504,0.014337296,-0.036879163,2025
33.75229,0.38541657,0.07958909,0.004072125,2025
37.30362,0.2075581,0.060331296,0.098885156,2025
31.657013,0.47086546,-0.022520306,-0.06184514,2025
35.204926,0.36462128,-0.038799074,0.045166414,2025
32.053497,0.29624295,0.081246965,-0.04871069,2025
32.97638,0.5170129,-0.017409945,-0.01936131,2025
35.64926,0.20998171,0.05521518,0.057067554,2025
35.861176,0.25709915,0.093353674,0.06263962,2025
33.91635,0.26290393,0.07407626,0.008889696,2025
35.29721,0.23903841,0.0048214975,0.047662843,2025
35.847504,0.27204803,0.05094917,0.062282115,2025
32.57306,0.37669381,0.025204916,-0.031983063,2025
35.6185,0.23643959,0.08417074,0.0562532,2025
34.65805,0.37447223,0.02460253,0.030099941,2025
28.642334,0.5513572,-0.21180606,-0.17360705,2025
39.162994,0.26392448,0.10492804,0.14166816,2025
37.036987,0.25776026,0.07315604,0.09239796,2025
36.329468,0.28503746,0.11740628,0.07472233,2025
26.441132,0.61221474,-0.2887711,-0.27130887,2025
34.907562,0.406674,-0.020382233,0.03703258,2025
31.769806,0.38526493,-0.024085706,-0.05807525,2025
33.991547,0.44200706,-0.030686473,0.011082207,2025
31.39383,0.54041487,-0.12486179,-0.07074689,2025
37.221558,0.24788474,0.0730354,0.09689848,2025
33.878754,0.4209611,0.018873995,0.00778979,2025
36.404663,0.20762756,0.085513785,0.07663353,2025
35.51938,0.39001763,0.021715146,0.05361956,2025
30.846954,0.5337373,-0.085809946,-0.08972979,2025
32.190247,0.4299953,-0.051920053,-0.0442556,2025
35.355316,0.18830703,0.04948666,0.049227983,2025
33.837738,0.33341143,0.07029813,0.006587106,2025
31.065704,0.53224534,-0.09361862,-0.08205643,2025
37.187378,0.29796943,0.16394569,0.09606842,2025
27.85617,0.6051922,-0.23581019,-0.20672886,2025
34.008636,0.23150338,0.058502458,0.011579153,2025
33.772797,0.44938657,-0.057094563,0.0046768812,2025
35.386078,0.19952406,0.0694218,0.050054505,2025
36.855835,0.36808357,0.078575775,0.08793695,2025
37.77188,0.3201741,0.14506826,0.11005636,2025
32.480774,0.3755076,0.048425477,-0.034915157,2025
33.762543,0.37773463,-0.005109959,0.004374595,2025
32.62091,0.374035,-0.036693197,-0.030469248,2025
31.732208,0.3856877,-0.01374264,-0.0593289,2025
32.381653,0.38136953,-0.00935024,-0.03808306,2025
35.75522,0.22431298,0.10767971,0.059861843,2025
28.669678,0.5256418,-0.1320472,-0.17248772,2025
33.29428,0.41777962,-0.015818397,-0.009628208,2025
37.63858,0.34495676,0.01867138,0.10690454,2025
31.328888,0.39137533,-0.020709759,-0.072966434,2025
35.04428,0.3872517,-0.086057365,0.040789414,2025
27.610077,0.62174654,-0.24238202,-0.21748467,2025
32.8089,0.50299186,0.013554067,-0.02456487,2025
31.110138,0.46709603,0.005215635,-0.08051097,2025
35.327972,0.26119596,0.045785002,0.04849209,2025
33.636078,0.52224284,-0.109906696,0.00063124497,2025
33.407074,0.3416226,-0.004202648,-0.0062193805,2025
33.95053,0.40659732,-0.02179591,0.009887496,2025
26.77951,0.6242117,-0.26298493,-0.25524494,2025
34.008636,0.38176998,-0.057902556,0.011579153,2025
34.62387,0.48394293,-0.1404225,0.029142484,2025
33.670258,0.33249202,0.012263416,0.0016457342,2025
31.407501,0.3447547,0.1681571,-0.07028079,2025
34.20346,0.3907169,0.008044941,0.017209236,2025
38.00772,0.28511515,0.14945656,0.11557851,2025
35.806488,0.433595,-0.0015501379,0.06120798,2025
31.872345,0.49631706,-0.043563385,-0.05467123,2025
35.139984,0.2333577,0.06538144,0.043401808,2025
34.654633,0.28629944,0.030446807,0.03000428,2025
35.662933,0.28988162,0.018667364,0.05742904,2025
25.176483,0.6334023,-0.24112007,-0.33516842,2025
33.458344,0.37754554,0.00895303,-0.004677511,2025
32.279114,0.23585114,0.10886645,-0.041380674,2025
33.745453,0.43701735,0.02566314,0.0038703764,2025
33.71469,0.42755413,-0.046675764,0.002961495,2025
28.1604,0.59903663,-0.24016917,-0.19369203,2025
31.099884,0.35513467,-0.0023052553,-0.08086722,2025
36.14145,0.37811515,0.14953421,0.06990875,2025
36.062836,0.40913334,0.024139548,0.06788125,2025
35.392914,0.4239878,-0.10767959,0.05023798,2025
36.64392,0.31360173,0.13287506,0.08266243,2025
29.773712,0.5774697,-0.2123426,-0.12901089,2025
32.87384,0.40789372,0.0379051,-0.02254087,2025
31.886017,0.4557478,-0.006957174,-0.054219015,2025
33.454926,0.27974802,0.058229085,-0.004780155,2025
26.895721,0.6163318,-0.30382988,-0.24982129,2025
25.347382,0.6279512,-0.28070328,-0.3261664,2025
35.054535,0.191079,0.065249756,0.041069996,2025
33.68051,0.5017439,-0.016194545,0.0019496793,2025
28.382568,0.69013655,-0.31185788,-0.18434826,2025
31.803986,0.44476894,-0.053581376,-0.056938138,2025
35.72104,0.22047792,0.04824011,0.05896227,2025
35.362152,0.39802888,-0.011192731,0.049411777,2025
35.006683,0.2996448,0.010115574,0.03975921,2025
32.668762,0.517834,-0.06355431,-0.028959868,2025
35.204926,0.40386763,-0.03265886,0.045166414,2025
32.306458,0.34351707,0.083481036,-0.040499263,2025
37.21814,0.35950196,0.043941967,0.09681554,2025
36.401245,0.34402934,0.12221563,0.076546825,2025
34.72641,0.26828378,0.03600167,0.0320092,2025
33.93686,0.29843226,0.040846396,0.009488617,2025
37.002808,0.2711099,0.07582619,0.091559604,2025
31.592072,0.4965716,-0.10368448,-0.06402789,2025
27.603241,0.5837864,-0.20768696,-0.21778618,2025
32.29962,0.29042625,0.086448565,-0.040719476,2025
35.744965,0.46123353,-0.0019550608,0.05959215,2025
37.79239,0.38229513,0.056698218,0.11053929,2025
34.299164,0.26460832,0.043252446,0.019951465,2025
35.556976,0.24401349,-0.014014982,0.054620255,2025
37.464264,0.37494525,0.09330367,0.10274908,2025
32.289368,0.24400023,0.07001365,-0.041049972,2025
35.372406,0.23989359,0.058553215,0.04968734,2025
29.178986,0.6090493,-0.16061759,-0.1520224,2025
34.552094,0.4855655,-0.09173177,0.027125657,2025
35.39975,0.33876494,0.06795882,0.050421387,2025
36.056,0.24873058,0.058552034,0.06770453,2025
32.92169,0.44476596,-0.11521011,-0.02105461,2025
36.254272,0.2524997,0.06601024,0.07280321,2025
32.20392,0.38388324,0.04877372,-0.04381227,2025
34.702484,0.2378907,0.083204895,0.031341817,2025
34.28891,0.34873682,0.051860005,0.019658387,2025
33.36606,0.29518804,0.048877597,-0.0074562877,2025
36.44568,0.3884083,0.111580715,0.077672675,2025
38.223053,0.2770725,0.007680838,0.12056095,2025
28.102295,0.56444544,-0.20162095,-0.19616015,2025
32.532043,0.37315986,-0.02839448,-0.03328416,2025
33.5643,0.43785486,-0.038743746,-0.0015059077,2025
34.15561,0.30390438,0.12593623,0.015832359,2025
35.64926,0.19160607,0.13841423,0.057067554,2025
32.97296,0.42983112,-0.01463055,-0.019466976,2025
31.472443,0.4763592,-0.03156202,-0.068072334,2025
34.53842,0.32505,-0.004562228,0.02674055,2025
31.031525,0.5820462,-0.096679226,-0.083248265,2025
35.153656,0.33979577,-0.013868911,0.043773845,2025
35.088715,0.3555882,0.028647875,0.042004086,2025
34.65805,0.37978742,0.004548759,0.030099941,2025
31.687775,0.53843504,-0.109015025,-0.060814325,2025
30.474396,0.50228184,-0.046237532,-0.10305207,2025
33.895844,0.37999463,-0.0016979591,0.00829005,2025
32.227844,0.37294072,-0.0316306,-0.04303735,2025
32.491028,0.40226063,0.037583485,-0.034588546,2025
36.44568,0.20820335,0.097140536,0.077672675,2025
36.2406,0.3344937,0.07089086,0.07245342,2025
31.380157,0.53047204,-0.09480372,-0.0712134,2025
35.204926,0.3536686,0.023068141,0.045166414,2025
33.454926,0.33803758,-0.045985937,-0.004780155,2025
34.35385,0.32571885,-0.00020471081,0.021511592,2025
36.07309,0.23678872,0.050133035,0.06814621,2025
31.571564,0.41391823,-0.012221413,-0.06471905,2025
34.196625,0.43769148,0.007670186,0.017012775,2025
34.343597,0.34117866,0.012070846,0.021219447,2025
37.043823,0.29743466,-0.013078099,0.09256545,2025
34.904144,0.37620303,-0.011513181,0.03693828,2025
34.6102,0.41602334,0.020225681,0.028758971,2025
33.642914,0.27980804,0.04114213,0.0008343077,2025
35.608246,0.38688785,-0.060748294,0.05598143,2025
34.620453,0.47792846,-0.13932723,0.029046634,2025
32.039825,0.39991662,-0.04432202,-0.04915819,2025
33.70102,0.45687383,0.0015731542,0.002557015,2025
30.764923,0.46117213,-0.059446853,-0.09263544,2025
31.304962,0.5513473,-0.1515455,-0.07378648,2025
35.38266,0.35067332,0.051783353,0.04996274,2025
30.857208,0.4130046,-0.052216962,-0.08936768,2025
32.853333,0.33843675,-0.01599722,-0.023179162,2025
32.83966,0.50491893,-0.04842345,-0.023605134,2025
29.298615,0.5683727,-0.14119032,-0.1473186,2025
32.84308,0.40102875,0.011987987,-0.02349861,2025
27.45285,0.6073813,-0.252675,-0.22445738,2025
32.56964,0.30192438,0.06651408,-0.032091364,2025
34.299164,0.23339178,0.07541903,0.019951465,2025
34.904144,0.32948315,0.08839624,0.03693828,2025
35.379242,0.32204252,-0.048984427,0.049870957,2025
24.916687,0.6299723,-0.28106144,-0.34908968,2025
30.310333,0.58202386,-0.15256345,-0.109022625,2025
30.68631,0.5347168,-0.10680099,-0.09543459,2025
31.83133,0.35065487,0.018546041,-0.056030206,2025
31.889435,0.40751508,0.05235893,-0.054106023,2025
37.713776,0.2903329,0.090392254,0.10868523,2025
32.41925,0.39841312,0.053641308,-0.036879163,2025
34.94516,0.29034206,0.043076403,0.038068637,2025
36.674683,0.17625776,0.112530254,0.08343187,2025
27.473358,0.5989063,-0.16754627,-0.22354338,2025
33.738617,0.32458317,0.053397197,0.003668546,2025
32.35089,0.3903845,-0.016093135,-0.039070148,2025
34.9144,0.23604831,0.050308157,0.03722112,2025
34.497406,0.2629783,-0.031283703,0.025583394,2025
34.059906,0.42862523,0.0225895,0.013066998,2025
32.67218,0.38620597,0.014488472,-0.028852224,2025
36.821655,0.3082629,0.09278057,0.08709033,2025
34.651215,0.33785623,-0.0073353807,0.0299086,2025
41.025818,0.25696826,0.13600427,0.18064168,2025
33.711273,0.32324314,0.0006573482,0.0028604057,2025
28.95337,0.557451,-0.15212369,-0.16099943,2025
33.557465,0.2765709,0.09793555,-0.0017099229,2025
34.42563,0.35534626,-0.05058275,0.023551738,2025
32.45343,0.44874725,-0.011023854,-0.035787128,2025
36.387573,0.35730717,0.01680668,0.07619986,2025
36.989136,0.26203176,0.14521971,0.09122383,2025
32.06717,0.33716574,0.04799749,-0.048263572,2025
33.81723,0.24984431,0.09578092,0.0059846696,2025
29.739532,0.47979215,-0.015807506,-0.13030846,2025
29.308868,0.5932954,-0.18757844,-0.1469172,2025
34.81186,0.3531232,-0.018427122,0.03438523,2025
35.191254,0.28778696,-0.017971147,0.04479546,2025
36.54138,0.2524945,-0.001542436,0.08008828,2025
33.847992,0.36647356,-0.012626944,0.00688805,2025
35.891937,0.20025927,0.117816605,0.063443,2025
34.44272,0.27853668,0.036635138,0.024036234,2025
30.426544,0.51082236,-0.20708504,-0.10478683,2025
32.97638,0.3249441,0.059026778,-0.01936131,2025
33.85141,0.37948224,0.11543273,0.0069883247,2025
34.787933,0.2980406,0.03421866,0.03372112,2025
31.920197,0.38365397,-0.059125934,-0.053090174,2025
33.8685,0.36869386,-0.0053785066,0.007489392,2025
31.715118,0.45580477,0.008161066,-0.059899725,2025
33.49936,0.26068863,0.061793245,-0.0034474137,2025
32.450012,0.25933966,0.091623485,-0.03589623,2025
34.890472,0.49571803,-0.14868315,0.0365609,2025
34.03598,0.3847329,-0.021998063,0.012373229,2025
34.128265,0.30012527,0.036509216,0.015043838,2025
31.968048,0.48087877,-0.025005423,-0.051513847,2025
35.690277,0.4277745,-0.08471871,0.05815118,2025
33.372894,0.20163646,0.138929,-0.0072499253,2025
34.647797,0.36342388,0.028614033,0.029812902,2025
34.20688,0.32443917,0.039145906,0.017307436,2025
36.40808,0.26161057,0.056192674,0.076720215,2025
32.11502,0.47712424,-0.050654836,-0.04670165,2025
32.197083,0.34263718,0.038606945,-0.04403389,2025
31.800568,0.5802429,-0.15984695,-0.057051737,2025
34.470062,0.26568845,0.08069907,0.024810428,2025
35.77231,0.25710854,0.045584522,0.060310982,2025
36.230347,0.45538735,0.023898061,0.0721909,2025
33.930023,0.3380142,0.033738848,0.009289057,2025
34.982758,0.27820504,0.040890448,0.039102472,2025
27.95871,0.5924081,-0.22287776,-0.20230317,2025
31.380157,0.5246239,-0.13265622,-0.0712134,2025
32.18341,0.46560636,-0.0901965,-0.044477407,2025
36.466187,0.38052642,0.030233314,0.07819138,2025
36.79773,0.42208478,-0.005058115,0.086496755,2025
25.08078,0.6321503,-0.2694392,-0.34026316,2025
34.99301,0.2608283,0.01729543,0.03938404,2025
32.244934,0.41993758,0.023579229,-0.04248454,2025
36.114105,0.34235704,0.058597926,0.06920454,2025
30.071075,0.5314436,-0.0841975,-0.11784646,2025
34.55551,0.27776313,0.17601499,0.027221886,2025
33.12677,0.33703777,0.026015393,-0.01473356,2025
37.768463,0.43356952,-0.013270913,0.10997582,2025
30.699982,0.56936866,-0.14993957,-0.09494676,2025
35.997894,0.19874816,0.08319456,0.066199675,2025
35.611664,0.39029217,0.060703594,0.056072038,2025
35.727875,0.23986346,0.05383656,0.05914232,2025
35.201508,0.42567417,-0.06763263,0.045073703,2025
31.872345,0.4343328,0.0595951,-0.05467123,2025
33.352386,0.4318606,-0.010218028,-0.007869266,2025
36.100433,0.23839006,0.070917845,0.06885203,2025
32.09793,0.40645823,-0.032273542,-0.047258947,2025
31.25711,0.53515095,-0.11564059,-0.07543035,2025
29.72586,0.462958,-0.06932621,-0.13082834,2025
37.577057,0.21345834,0.05082866,0.10544231,2025
36.90027,0.37073746,0.031098519,0.08903521,2025
28.888428,0.5353369,-0.12112525,-0.16360937,2025
33.707855,0.41588715,-0.0008118808,0.002759296,2025
36.250854,0.36033416,0.04396058,0.07271578,2025
33.892426,0.37888023,-0.0029204187,0.008190039,2025
35.174164,0.29858494,0.007228926,0.04433136,2025
27.463104,0.59688187,-0.25163016,-0.2240002,2025
30.477814,0.5171264,-0.17977063,-0.10292836,2025
35.24936,0.39228365,0.030786423,0.04637003,2025
34.15219,0.25544548,0.052358814,0.015733862,2025
34.493988,0.25859272,0.09316044,0.02548684,2025
36.732788,0.32678825,-0.017806767,0.08488174,2025
34.45981,0.20235892,0.092590466,0.024520248,2025
33.42758,0.37540194,-0.033682093,-0.005602065,2025
34.333344,0.25453153,0.09777316,0.020927127,2025
32.83966,0.3597218,0.12372123,-0.023605134,2025
25.477264,0.6105732,-0.267524,-0.3194056,2025
36.329468,0.22776546,0.034681607,0.07472233,2025
27.921112,0.58352077,-0.20179982,-0.20392215,2025
31.862091,0.5014947,-0.06990703,-0.055010647,2025
35.628754,0.41135195,-0.056072302,0.056524806,2025
29.387482,0.55979514,-0.18659286,-0.14384913,2025
36.404663,0.30924472,0.029521748,0.07663353,2025
34.50766,0.28841794,0.030889211,0.02587294,2025
32.463684,0.42591536,-0.12035906,-0.03545997,2025
30.351349,0.48477525,-0.07492172,-0.10752393,2025
32.060333,0.42511052,0.015053503,-0.048487082,2025
32.55597,0.34120107,0.063240185,-0.03252479,2025
27.562225,0.5429876,-0.1764722,-0.21959838,2025
26.984589,0.61661357,-0.2587589,-0.2457053,2025
33.591644,0.47702956,-0.055150833,-0.0006906774,2025
34.9144,0.3091982,0.032527223,0.03722112,2025
38.39737,0.2937115,0.14348711,0.124553435,2025
29.842072,0.48799354,-0.038607076,-0.12642466,2025
32.761047,0.47550973,-0.021038035,-0.026061375,2025
37.888092,0.3614178,0.09656462,0.11278601,2025
35.560394,0.2626383,0.109250754,0.054711122,2025
33.290863,0.42395017,-0.078364015,-0.009731866,2025
35.492035,0.21175076,0.06359283,0.05289045,2025
35.368988,0.33715007,0.0012951862,0.049595505,2025
36.349976,0.32931527,0.12314475,0.07524435,2025
35.90561,0.2598156,0.050695438,0.06379961,2025
28.331299,0.5790897,-0.2306988,-0.1864915,2025
34.27182,0.23022416,0.1380918,0.019169534,2025
34.306,0.33581844,0.00035110573,0.020146752,2025
35.915863,0.23310347,0.096139774,0.064066894,2025
34.0018,0.3732241,0.05997565,0.011380434,2025
35.368988,0.3755025,0.019732403,0.049595505,2025
36.134613,0.4395435,0.032144535,0.0697328,2025
29.44217,0.529913,-0.15701602,-0.14172448,2025
35.33481,0.24535109,0.11368608,0.048676167,2025
33.102844,0.4527837,-0.00024180158,-0.015466981,2025
35.28012,0.205089,0.09348131,0.047201525,2025
35.656097,0.32144228,-0.02434318,0.05724833,2025
34.668304,0.3895017,0.012512159,0.03038681,2025
37.747955,0.21757986,0.05698785,0.10949229,2025
33.290863,0.49717265,-0.041603357,-0.009731866,2025
34.292328,0.2139106,0.09790842,0.0197561,2025
36.835327,0.2501728,0.06270621,0.087429166,2025
35.73813,0.390975,0.12158982,0.05941227,2025
36.22693,0.22243181,0.122858904,0.072103366,2025
33.91977,0.28849018,-0.0132934535,0.008989566,2025
35.9227,0.28397644,0.11754384,0.064245,2025
27.18283,0.57244664,-0.14414902,-0.23662049,2025
32.25177,0.4253731,-0.0051474688,-0.04226358,2025
36.910522,0.40648487,0.060279444,0.08928829,2025
31.66043,0.49340278,-0.0040109064,-0.061730504,2025
34.951996,0.36414653,-0.015502217,0.03825677,2025
35.07846,0.34016502,0.004099993,0.04172405,2025
35.040863,0.27246153,0.04452643,0.04069585,2025
31.81424,0.40100822,0.014659935,-0.05659748,2025
35.286957,0.23271573,0.06759011,0.047386106,2025
30.63504,0.50797725,-0.13092987,-0.097267866,2025
35.659515,0.26801646,0.015046771,0.057338696,2025
29.33963,0.5433461,-0.114767246,-0.14571469,2025
32.593567,0.37558368,-0.0084986435,-0.03133374,2025
34.40854,0.36290282,0.035826102,0.023066761,2025
34.316254,0.32024297,0.06533556,0.02043954,2025
35.14682,0.36284688,0.046456553,0.043587863,2025
36.346558,0.23304458,0.05811602,0.07515739,2025
28.21167,0.5495396,-0.23600054,-0.1915227,2025
33.147278,0.28828076,0.032256875,-0.014105757,2025
24.974792,0.62644446,-0.278556,-0.34595093,2025
31.663849,0.4426498,-0.009094781,-0.061615895,2025
31.858673,0.40582252,0.019140791,-0.055123832,2025
30.624786,0.49519578,-0.065494135,-0.097635254,2025
33.93344,0.29266292,0.028207228,0.009388847,2025
35.714203,0.34621754,0.07190476,0.05878215,2025
35.39633,0.3798643,-0.040824637,0.050329693,2025
31.031525,0.48019713,-0.09038969,-0.083248265,2025
34.664886,0.3033569,0.04579342,0.030291205,2025
34.95883,0.30749074,0.15579888,0.038444836,2025
34.822113,0.39479682,-0.00056922337,0.03466957,2025
35.70053,0.24279188,0.06267552,0.0584217,2025
31.113556,0.53122747,-0.064159304,-0.08039227,2025
31.24002,0.45973232,-0.07227627,-0.07601866,2025
34.13852,0.30774492,-0.0043043303,0.015339682,2025
34.470062,0.36820754,-0.012109758,0.024810428,2025
31.735626,0.5413302,-0.16440696,-0.059214808,2025
35.577484,0.2546545,-0.027993467,0.055165194,2025
33.595062,0.53314453,-0.07778914,-0.0005888669,2025
25.173065,0.6072361,-0.26773492,-0.3353497,2025
35.85434,0.3123083,0.004180898,0.0624609,2025
31.756134,0.46793076,-0.07224985,-0.058530778,2025
29.366974,0.59990263,-0.21099685,-0.14464791,2025
35.327972,0.37544546,0.047760744,0.04849209,2025
34.282074,0.4029432,0.04637617,0.019462904,2025
35.741547,0.2067619,0.0643307,0.059502218,2025
31.66043,0.47676256,-0.030335996,-0.061730504,2025
27.558807,0.6045307,-0.24281648,-0.21974963,2025
31.615997,0.41171348,-0.04575774,-0.06322268,2025
33.16095,0.34357148,-0.0009822753,-0.013687653,2025
30.453888,0.54510105,-0.13572232,-0.10379487,2025
37.50186,0.3074096,0.11311559,0.103648625,2025
35.43393,0.2928243,0.018611869,0.051337354,2025
30.87088,0.5886441,-0.1775426,-0.088885225,2025
33.608734,0.5232014,-0.10028095,-0.00018183205,2025
37.884674,0.28180495,0.07591958,0.11270597,2025
34.999847,0.2768228,0.095025174,0.03957166,2025
33.71469,0.2845365,0.00876297,0.002961495,2025
31.465607,0.24015123,0.09795863,-0.068304375,2025
33.28061,0.3252532,0.03880245,-0.010042969,2025
34.00522,0.33368236,0.01339056,0.011479803,2025
34.565765,0.29495293,0.076957345,0.02751046,2025
31.944122,0.39750955,0.04057189,-0.05230142,2025
35.01352,0.21321402,0.077370055,0.039946683,2025
31.59549,0.5285116,-0.091117576,-0.06391279,2025
34.0394,0.2772961,0.069768,0.012472398,2025
29.84549,0.5372146,-0.13144523,-0.12629566,2025
35.259613,0.18427281,0.026652709,0.04664736,2025
34.890472,0.32096863,0.115656234,0.0365609,2025
35.673187,0.25921825,0.022124298,0.057699975,2025
38.74942,0.2440144,0.14230561,0.13250715,2025
35.276703,0.29074323,0.004490519,0.04710921,2025
30.734161,0.57348996,-0.17063874,-0.09372906,2025
34.429047,0.33026496,0.07855313,0.023648676,2025
32.70294,0.3316938,0.022268105,-0.027884444,2025
34.247894,0.48787004,-0.14013344,0.018484319,2025
31.243439,0.39090705,0.0040201372,-0.07590095,2025
35.813324,0.21744125,0.08272175,0.061387174,2025
36.414917,0.20829317,0.042655114,0.07689354,2025
35.290375,0.40191475,-0.0796104,0.04747837,2025
33.00714,0.3763615,-0.022749567,-0.018411294,2025
33.981293,0.33844897,-0.05624827,0.0107838,2025
34.00522,0.29550576,0.08671371,0.011479803,2025
33.38315,0.40265676,0.04152634,-0.0069405404,2025
27.30246,0.5552428,-0.15594105,-0.23120208,2025
34.35385,0.41149858,0.04121792,0.021511592,2025
34.312836,0.40737498,0.015444431,0.020341963,2025
35.560394,0.40654415,0.052839406,0.054711122,2025
35.997894,0.30184495,0.04733714,0.066199675,2025
34.299164,0.39259198,-0.012767129,0.019951465,2025
34.0394,0.43371388,0.01584786,0.012472398,2025
33.5643,0.2953232,-0.012761252,-0.0015059077,2025
30.255646,0.41705596,-0.033740595,-0.111027196,2025
32.31671,0.52639097,-0.086174555,-0.04016912,2025
26.352264,0.62941444,-0.2297303,-0.27559608,2025
35.539886,0.35071078,0.012457356,0.054165654,2025
30.38211,0.5739811,-0.20627367,-0.10640257,2025
32.056915,0.4621616,0.020354465,-0.048598874,2025
28.693604,0.5855249,-0.17612097,-0.17151007,2025
36.62683,0.27168113,0.026434422,0.082234405,2025
34.552094,0.43855053,0.029999573,0.027125657,2025
33.431,0.42751935,0.0156234605,-0.005499253,2025
34.261566,0.47260115,-0.050641213,0.018875986,2025
37.611237,0.3126492,0.14452781,0.10625525,2025
33.974457,0.46462974,-0.04927661,0.010584761,2025
25.337128,0.6256932,-0.28023815,-0.32670307,2025
34.02231,0.34468082,0.0112913465,0.01197635,2025
34.832367,0.39477703,0.028267208,0.034953743,2025
30.423126,0.5587756,-0.12515542,-0.10491095,2025
34.52133,0.36795694,0.04538438,0.026258735,2025
30.918732,0.5806226,-0.18054886,-0.08720001,2025
31.903107,0.3470753,0.0064789904,-0.05365429,2025
35.471527,0.28744745,-0.008960096,0.052342877,2025
30.672638,0.40011114,-0.0347306,-0.095922865,2025
34.49057,0.26424295,0.058404084,0.025390267,2025
31.950958,0.36754543,-0.010189581,-0.05207628,2025
35.11606,0.24710393,0.093240894,0.042750046,2025
35.252777,0.42633444,0.010942498,0.04646249,2025
27.193085,0.61465335,-0.25055298,-0.23615418,2025
31.609161,0.46806344,-0.0648285,-0.06345262,2025
30.624786,0.52606535,-0.08714094,-0.097635254,2025
35.33481,0.2935178,0.0023023183,0.048676167,2025
36.15512,0.19421963,0.06969976,0.070260465,2025
34.080414,0.34506375,0.07446822,0.013660883,2025
37.78897,0.4109985,0.018443871,0.110458836,2025
26.789764,0.61346036,-0.23144482,-0.2547645,2025
31.236603,0.48444387,-0.070081405,-0.0761364,2025
30.624786,0.60765153,-0.22192605,-0.097635254,2025
29.77713,0.49802932,-0.14113754,-0.12888129,2025
35.191254,0.27318433,0.10780022,0.04479546,2025
36.264526,0.21493553,0.07622769,0.07306537,2025
34.0018,0.4537048,-0.099961504,0.011380434,2025
35.676605,0.3501179,-0.01515921,0.05779025,2025
37.559967,0.3067936,0.12721226,0.10503528,2025
38.301666,0.35317013,0.096720256,0.12236598,2025
36.753296,0.3168567,0.058194134,0.085392356,2025
26.717987,0.60712945,-0.22085989,-0.2581354,2025
32.887512,0.42214546,0.009095711,-0.022115782,2025
32.08084,0.46844897,-0.027325435,-0.04781683,2025
32.292786,0.35992658,0.006154441,-0.04093978,2025
34.634125,0.42029813,0.036252007,0.029429918,2025
34.384613,0.3241138,0.09707483,0.022386983,2025
33.554047,0.30544072,0.061380178,-0.0018119616,2025
30.740997,0.51767296,-0.10210529,-0.09348584,2025
36.807983,0.3023976,0.044532534,0.08675124,2025
33.04132,0.41761917,-0.082798615,-0.017357795,2025
38.452057,0.1991421,0.18033423,0.12579851,2025
33.86508,0.43170506,0.06213645,0.007389219,2025
34.907562,0.26037928,0.05876386,0.03703258,2025
35.826996,0.22937365,0.057333574,0.061745353,2025
31.773224,0.37996054,-0.044834245,-0.057961427,2025
34.613617,0.47006252,-0.058575723,0.028854877,2025
32.85675,0.5245291,-0.037560612,-0.023072725,2025
28.744873,0.55651313,-0.14522904,-0.16942056,2025
32.344055,0.44676125,-0.017562691,-0.039289758,2025
33.22934,0.44606176,-0.023886107,-0.011601364,2025
31.082794,0.54388887,-0.10462508,-0.081461504,2025
35.597992,0.2719365,0.03175488,0.05570951,2025
32.64142,0.43333617,0.025081871,-0.02982183,2025
31.800568,0.3592862,0.009126481,-0.057051737,2025
37.713776,0.3206132,-0.019043542,0.10868523,2025
27.104218,0.5692003,-0.22436437,-0.24020718,2025
37.361725,0.28386405,0.039277114,0.10028658,2025
32.289368,0.30419594,0.042377435,-0.041049972,2025
36.3739,0.21332677,0.0885295,0.07585263,2025
33.372894,0.28967768,0.062406316,-0.0072499253,2025
34.85971,0.27529076,0.12632315,0.035710722,2025
27.404999,0.5975185,-0.19422455,-0.22659539,2025
31.793732,0.46407145,-0.049509186,-0.057279013,2025
33.068665,0.51168334,0.0047700484,-0.016516564,2025
32.33722,0.38104424,-0.009972203,-0.03950946,2025
30.95633,0.5222317,-0.09933248,-0.08587956,2025
37.23181,0.2771326,0.080512285,0.0971472,2025
35.9227,0.35798433,0.007724839,0.064245,2025
32.074005,0.49391204,-0.04026797,-0.048040155,2025
31.742462,0.3262615,0.03290936,-0.0589867,2025
32.036407,0.29413393,0.028011452,-0.049270127,2025
35.51596,0.30144742,0.13208635,0.05352848,2025
34.20688,0.37055844,-0.03231076,0.017307436,2025
35.61508,0.30290142,-0.00551549,0.056162626,2025
36.667847,0.37649533,0.08565863,0.083261,2025
34.268402,0.44207317,-0.03248464,0.019071704,2025
36.756714,0.16286705,0.06094277,0.085477404,2025
37.42325,0.2630122,0.0408637,0.1017657,2025
35.946625,0.28746343,-0.019005796,0.06486783,2025
35.639008,0.20047444,0.084185064,0.05679626,2025
29.196075,0.34085977,0.020390145,-0.15134807,2025
35.980804,0.35365868,-0.050548386,0.06575615,2025
34.40854,0.26072156,0.07667324,0.023066761,2025
25.460175,0.6610348,-0.22692327,-0.32029122,2025
32.631165,0.38328022,0.032322064,-0.030145437,2025
34.5726,0.240445,0.04536863,0.027702747,2025
32.52179,0.3274423,-0.017657327,-0.03360995,2025
35.345062,0.48623776,0.019947393,0.048952155,2025
35.85434,0.2494155,0.074622236,0.0624609,2025
37.146362,0.39799306,0.026340691,0.09507033,2025
30.34793,0.4849165,-0.069370344,-0.10764867,2025
34.982758,0.24648415,0.07527796,0.039102472,2025
34.0394,0.34342116,0.019298643,0.012472398,2025
36.161957,0.27928025,0.007214519,0.07043622,2025
35.092133,0.22466888,0.077462204,0.042097393,2025
33.981293,0.4522133,-0.005399948,0.0107838,2025
34.299164,0.39788833,0.05594966,0.019951465,2025
35.741547,0.41314808,0.021368396,0.059502218,2025
32.532043,0.3879322,-0.025884224,-0.03328416,2025
28.502197,0.60295135,-0.2287595,-0.17937733,2025
30.792267,0.40017864,0.015711743,-0.09166517,2025
31.048615,0.5213478,-0.09883747,-0.082652025,2025
37.08142,0.346354,0.1276092,0.09348551,2025
33.95053,0.33611497,-0.014808538,0.009887496,2025
36.20981,0.30946198,0.13360374,0.071664646,2025
39.6586,0.32025057,0.13559395,0.15239455,2025
33.991547,0.43587145,-0.0020706065,0.011082207,2025
26.704315,0.59948677,-0.2722999,-0.25877953,2025
34.097504,0.44435698,-0.008926656,0.014155241,2025
30.638458,0.4346737,-0.0011867683,-0.09714546,2025
35.39975,0.3851051,0.056635458,0.050421387,2025
34.008636,0.33718988,0.044914413,0.011579153,2025
30.799103,0.5255516,-0.08771419,-0.09142287,2025
34.88022,0.3884779,-0.08955093,0.036277674,2025
31.011017,0.47903684,-0.035057284,-0.08396462,2025
35.621918,0.35290825,-0.01616848,0.05634375,2025
34.316254,0.5387887,-0.06868524,0.02043954,2025
34.384613,0.3137691,0.10278433,0.022386983,2025
30.672638,0.4521548,-0.027601011,-0.095922865,2025
30.66922,0.5689303,-0.16403966,-0.096045,2025
35.64926,0.28192827,0.024613753,0.057067554,2025
25.227753,0.6289897,-0.29116598,-0.332455,2025
30.464142,0.44600746,-0.013153513,-0.10342334,2025
32.45685,0.3637879,-0.02404058,-0.03567805,2025
32.68927,0.45473832,-0.027872419,-0.028314345,2025
36.89685,0.30001968,0.02950597,0.08895083,2025
36.838745,0.3467371,0.28075236,0.087513834,2025
33.841156,0.2950925,0.0072679548,0.006687441,2025
38.164948,0.362166,0.007162215,0.11922202,2025
30.570099,0.53998476,-0.10607698,-0.09959884,2025
27.743378,0.61900693,-0.22711693,-0.21163492,2025
36.110687,0.27790856,0.059340835,0.069116436,2025
25.29953,0.6268526,-0.26389143,-0.3286747,2025
36.363647,0.23373897,0.11481437,0.07559203,2025
31.363068,0.4936856,-0.057363927,-0.07179711,2025
33.75229,0.31415206,-0.015048609,0.004072125,2025
33.677094,0.46061018,-0.002918911,0.0018483849,2025
32.40216,0.53025955,-0.22709988,-0.037426043,2025
30.894806,0.59160185,-0.1812781,-0.08804196,2025
34.941742,0.22517414,0.13748196,0.037974544,2025
32.173157,0.5939469,-0.21320322,-0.04481029,2025
35.662933,0.2781517,0.015263014,0.05742904,2025
27.726288,0.5952211,-0.21441294,-0.21238175,2025
31.195587,0.5380866,-0.14055836,-0.07755129,2025
34.620453,0.17767279,0.112577856,0.029046634,2025
35.327972,0.32603088,0.020731973,0.04849209,2025
34.53842,0.2736006,0.10412588,0.02674055,2025
35.02719,0.18997298,0.11742665,0.040321413,2025
25.798553,0.60824144,-0.252472,-0.30297405,2025
34.917816,0.22790585,0.042799927,0.03731536,2025
37.48477,0.3717917,0.05512494,0.10323996,2025
38.352936,0.39746046,-0.014507791,0.12353919,2025
35.645844,0.20188926,0.064836346,0.05697714,2025
34.480316,0.39914808,0.029725764,0.025100434,2025
33.912933,0.44634193,-0.03918001,0.008789805,2025
36.17221,0.27460784,0.011538805,0.07069973,2025
33.41391,0.33927757,0.022948867,-0.0060135243,2025
32.781555,0.37884626,0.056315776,-0.025419481,2025
34.54184,0.51503146,-0.13331114,0.026836855,2025
35.7518,0.17980663,0.12590028,0.059771962,2025
34.651215,0.35840186,0.0757643,0.0299086,2025
32.87726,0.28825969,0.04238861,-0.022434564,2025
34.91098,0.201146,0.045488626,0.037126858,2025
30.963165,0.5007611,-0.09320147,-0.08563982,2025
32.60724,0.42298898,-0.039449606,-0.030901313,2025
34.787933,0.4016047,0.010504925,0.03372112,2025
33.895844,0.3144757,0.05247704,0.00829005,2025
31.899689,0.31694722,0.030181043,-0.05376719,2025
35.608246,0.38926017,-0.014174253,0.05598143,2025
33.95053,0.25937414,0.049434066,0.009887496,2025
33.608734,0.318145,0.022922782,-0.00018183205,2025
36.00473,0.269653,0.030193109,0.06637697,2025
32.514954,0.50848293,-0.018775629,-0.033827256,2025
32.06717,0.48733822,-0.005097979,-0.048263572,2025
33.63266,0.34782082,-0.039998535,0.0005296827,2025
34.463226,0.23470396,0.03788297,0.024616994,2025
32.036407,0.48911324,-0.051867183,-0.049270127,2025
36.387573,0.30318832,0.013782838,0.07619986,2025
36.230347,0.2424365,0.065005474,0.0721909,2025
34.849457,0.2852402,0.08590772,0.035426993,2025
26.704315,0.60542774,-0.263563,-0.25877953,2025
32.836243,0.21962263,0.11971373,-0.023711683,2025
35.075043,0.34033117,0.012952762,0.041630667,2025
28.98413,0.59553784,-0.2310233,-0.15976724,2025
35.30063,0.351674,-0.035121933,0.04775505,2025
25.665253,0.61565304,-0.28094706,-0.30974144,2025
37.888092,0.2799731,0.11861214,0.11278601,2025
31.581818,0.32602158,0.037112143,-0.06437336,2025
32.880676,0.40087816,0.035806764,-0.022328282,2025
30.351349,0.46887136,-0.10074768,-0.10752393,2025
33.33188,0.3720625,-0.0065011233,-0.0084893685,2025
32.508118,0.43409008,-0.051189106,-0.034044653,2025
33.037903,0.34762365,-0.012186701,-0.017463047,2025
33.287445,0.47253856,-0.034679685,-0.009835546,2025
29.079834,0.5254256,-0.11654415,-0.15595038,2025
33.04132,0.34762383,0.01845444,-0.017357795,2025
31.178497,0.5671838,-0.15133795,-0.07814193,2025
34.497406,0.25202003,0.064868264,0.025583394,2025
33.824066,0.40730724,0.078590795,0.006185563,2025
33.32846,0.34733596,-0.007114009,-0.008592794,2025
33.492523,0.3895825,0.05790838,-0.0036522206,2025
33.17807,0.3063006,0.051813953,-0.013164575,2025
32.67218,0.47861615,-0.021411596,-0.028852224,2025
30.549591,0.52303535,-0.10339343,-0.100337,2025
34.531586,0.38047826,0.02111729,0.02654788,2025
35.157074,0.42444852,-0.051887643,0.04386681,2025
35.6185,0.2746093,0.07689191,0.0562532,2025
35.375824,0.33292273,0.05409132,0.049779158,2025
35.33139,0.21994592,0.0680483,0.048584137,2025
34.5726,0.43565965,0.005745023,0.027702747,2025
27.869843,0.5717928,-0.17195252,-0.2061369,2025
33.106262,0.42803884,-0.041499127,-0.015362141,2025
35.765472,0.1865827,0.0355465,0.06013138,2025
30.676056,0.5906331,-0.23196478,-0.09580076,2025
34.651215,0.2726057,0.07656723,0.0299086,2025
32.59015,0.49278387,-0.0026798637,-0.031441905,2025
31.834747,0.40745106,-0.007787225,-0.055916823,2025
34.552094,0.4011779,0.011754414,0.027125657,2025
30.272736,0.5607642,-0.13988638,-0.11039999,2025
34.244476,0.3880898,0.009488942,0.018386353,2025
34.948578,0.35098332,-0.012462012,0.038162716,2025
33.48227,0.40774417,0.0388583,-0.003959588,2025
35.307465,0.30318683,0.121140465,0.04793942,2025
32.85675,0.42703447,-0.010491857,-0.023072725,2025
33.629242,0.30680948,0.06366633,0.00042809968,2025
27.404999,0.6030016,-0.23028225,-0.22659539,2025
30.576935,0.4924068,-0.018681731,-0.09935301,2025
36.247437,0.21979435,0.08474725,0.07262834,2025
31.903107,0.47316697,-0.03586606,-0.05365429,2025
29.274689,0.595824,-0.19589394,-0.14825629,2025
31.513458,0.5373841,-0.16457434,-0.06668221,2025
39.279205,0.38095072,0.118721135,0.1442076,2025
35.276703,0.29318136,0.14290309,0.04710921,2025
34.664886,0.27269933,0.09170585,0.030291205,2025
32.40216,0.45224795,-0.043708082,-0.037426043,2025
32.292786,0.3829061,0.0029792876,-0.04093978,2025
31.701447,0.37640795,-0.0033611248,-0.06035683,2025
37.14978,0.42210484,-0.010055471,0.09515359,2025
31.944122,0.471988,0.03663284,-0.05230142,2025
32.966125,0.41368365,-0.0061534424,-0.019678375,2025
31.62967,0.50561935,-0.040081486,-0.0627631,2025
25.138885,0.63810927,-0.26500493,-0.3371653,2025
32.532043,0.43634337,0.04193454,-0.03328416,2025
32.25177,0.3780564,0.046320643,-0.04226358,2025
28.522705,0.5328914,-0.1681285,-0.17852935,2025
31.903107,0.5103794,-0.054956235,-0.05365429,2025
34.798187,0.46703765,-0.015866563,0.03400585,2025
31.776642,0.4687195,-0.026611306,-0.05784763,2025
30.747833,0.43387398,0.0065470194,-0.093242735,2025
32.381653,0.4066167,-0.032315902,-0.03808306,2025
33.184906,0.5063974,-0.2109765,-0.012955869,2025
35.68344,0.2172631,0.049030796,0.05797075,2025
33.75229,0.21668047,0.06388469,0.004072125,2025
26.116425,0.6277865,-0.2614294,-0.28711513,2025
35.55356,0.41418383,0.033521194,0.05452937,2025
34.312836,0.46005285,-0.04058019,0.020341963,2025
33.776215,0.25595868,0.10288584,0.0047776024,2025
31.592072,0.36533365,-0.057127222,-0.06402789,2025
27.090546,0.6148539,-0.24161941,-0.24083309,2025
34.54184,0.33343458,0.00059284485,0.026836855,2025
35.427094,0.2897223,0.024925241,0.0511543,2025
32.18341,0.49517468,-0.045095224,-0.044477407,2025
34.25815,0.3381132,0.06763839,0.018778099,2025
26.837616,0.62843835,-0.2583784,-0.25252724,2025
31.127228,0.4924959,-0.09245396,-0.07991774,2025
35.73471,0.23323472,0.10477354,0.059322305,2025
31.961212,0.4149126,-0.0040894663,-0.05173875,2025
37.867584,0.41441157,0.0054819942,0.11230552,2025
27.876678,0.59314,-0.24126008,-0.20584112,2025
32.78839,0.3445332,0.08653796,-0.025205694,2025
38.072662,0.37769422,0.038134515,0.11708709,2025
35.201508,0.25980154,0.0031218082,0.045073703,2025
32.009064,0.5030828,-0.101465285,-0.050166465,2025
32.364563,0.42506132,0.076673456,-0.038631212,2025
36.825073,0.26367354,0.13109176,0.08717506,2025
38.74942,0.3035309,0.12603642,0.13250715,2025
34.688812,0.30912203,0.08239407,0.030960038,2025
32.432922,0.49848887,-0.057226714,-0.03644207,2025
35.143402,0.26403594,0.060014565,0.043494847,2025
32.566223,0.36488482,-0.008749167,-0.032199685,2025
35.39633,0.30984315,0.15275735,0.050329693,2025
35.04428,0.23132156,0.06883533,0.040789414,2025
27.558807,0.612784,-0.2274382,-0.21974963,2025
39.009186,0.2371001,0.20773862,0.13828385,2025
31.605743,0.40041527,-0.050209887,-0.063567616,2025
30.901642,0.47495675,-0.062032104,-0.08780127,2025
37.31729,0.25044048,0.04254833,0.09921529,2025
26.540253,0.60537803,-0.26038834,-0.26656085,2025
29.534454,0.5598087,-0.17298459,-0.13815698,2025
33.82065,0.3732225,0.06410669,0.006085126,2025
29.674591,0.44169033,0.0008835536,-0.13278209,2025
31.506622,0.52771735,-0.05495841,-0.06691364,2025
29.982208,0.4998264,-0.08993539,-0.121159755,2025
36.749878,0.28185338,0.016556147,0.08530729,2025
34.52133,0.39906085,-0.023312354,0.026258735,2025
34.27182,0.45064333,-0.030829357,0.019169534,2025
33.85141,0.25579423,0.069811806,0.0069883247,2025
33.830902,0.39258823,-0.02120915,0.006386375,2025
26.362518,0.6124208,-0.23442656,-0.27509993,2025
35.492035,0.351423,-0.020297132,0.05289045,2025
31.701447,0.4226261,-0.05354325,-0.06035683,2025
35.697113,0.31101277,0.12972465,0.058331545,2025
35.6185,0.3093844,0.047954958,0.0562532,2025
35.43051,0.22782616,0.10066131,0.051245835,2025
31.304962,0.43408895,-0.04507063,-0.07378648,2025
34.818695,0.2468227,0.06612729,0.03457481,2025
32.90802,0.4571875,-0.035883002,-0.021478815,2025
36.773804,0.42300823,0.031986233,0.085902415,2025
35.495453,0.3646133,0.014934784,0.05298165,2025
37.662506,0.25301263,0.046807855,0.10747189,2025
38.16153,0.29657936,0.08760248,0.119143136,2025
31.783478,0.30663773,0.04296471,-0.05762011,2025
35.174164,0.27395403,0.09471713,0.04433136,2025
28.235596,0.52788544,-0.14203638,-0.19051306,2025
34.025726,0.24221034,0.097962156,0.012075599,2025
33.83432,0.2859295,0.12282265,0.0064867507,2025
35.53647,0.24327108,0.042862616,0.054074682,2025
33.034485,0.44053912,0.014688251,-0.01756832,2025
35.574066,0.2976194,0.070437394,0.055074416,2025
29.295197,0.55379295,-0.20265634,-0.14745246,2025
33.85141,0.4528286,-0.031142848,0.0069883247,2025
25.66867,0.64020896,-0.28732324,-0.30956703,2025
32.145813,0.31645393,0.019602166,-0.045699023,2025
32.357727,0.50821507,-0.05923779,-0.038850635,2025
31.841583,0.4272418,-0.048824713,-0.055690132,2025
35.864594,0.43565252,0.02302821,0.06272895,2025
30.529083,0.56100094,-0.17885396,-0.10107614,2025
38.98526,0.33009508,0.15872745,0.137755,2025
33.738617,0.41804516,0.019295847,0.003668546,2025
36.076508,0.42220992,-0.017049432,0.068234496,2025
34.832367,0.2272738,0.14930426,0.034953743,2025
33.926605,0.3537824,0.016157916,0.009189247,2025
28.714111,0.51543844,-0.087275855,-0.17067337,2025
32.867004,0.33457533,0.1356757,-0.022753546,2025
32.02957,0.4501118,-0.020158453,-0.049494065,2025
28.385986,0.5817886,-0.16307677,-0.18420565,2025
32.258606,0.4653724,-0.019377358,-0.042042714,2025
33.861664,0.38080692,0.06623045,0.007289026,2025
34.49057,0.2857891,0.034104783,0.025390267,2025
36.363647,0.43723506,0.009456238,0.07559203,2025
35.068207,0.3860517,0.06454103,0.04144385,2025
32.398743,0.3977502,-0.052739106,-0.03753549,2025
34.159027,0.38613585,0.026447399,0.015930835,2025
36.71228,0.15569837,0.073039144,0.084370546,2025
34.647797,0.3957272,0.04699422,0.029812902,2025
34.729828,0.2005911,0.06230028,0.032104466,2025
33.964203,0.40867236,-0.042110723,0.010286054,2025
35.28012,0.27600735,0.034348425,0.047201525,2025
34.10092,0.40793297,-0.040064704,0.014254053,2025
35.604828,0.26230538,0.06313088,0.05589081,2025
35.06137,0.3133636,0.047031753,0.04125696,2025
34.08725,0.44947785,-0.03822666,0.013858685,2025
36.86609,0.30067554,0.20282964,0.08819063,2025
30.36502,0.34705526,0.018465227,-0.107025266,2025
32.8089,0.36328164,-0.005077927,-0.02456487,2025
33.642914,0.22795013,0.08655333,0.0008343077,2025
33.943695,0.32390663,0.019712653,0.009688096,2025
34.97934,0.21978678,0.07854268,0.03900858,2025
30.884552,0.5740962,-0.06698674,-0.0884032,2025
31.195587,0.44087756,-0.028984431,-0.07755129,2025
34.45639,0.3547974,0.013267095,0.024423484,2025
25.38498,0.6176988,-0.2597624,-0.3242022,2025
31.547638,0.40595844,-0.011740401,-0.06552653,2025
32.795227,0.38118935,-0.024103895,-0.024991997,2025
32.89435,0.41779107,0.009944559,-0.021903371,2025
32.28253,0.4471693,-0.0042890054,-0.041270416,2025
32.45685,0.5446498,-0.0721689,-0.03567805,2025
32.969543,0.3394695,0.071550764,-0.019572664,2025
32.85675,0.35672,-0.012382293,-0.023072725,2025
36.548218,0.3677088,0.08907628,0.080260344,2025
31.400665,0.43325475,-0.033390693,-0.07051379,2025
36.02182,0.3295873,0.0910314,0.06681991,2025
31.03836,0.5294587,-0.07624503,-0.08300969,2025
31.205841,0.50258833,-0.053640652,-0.077197224,2025
36.968628,0.23651014,0.07523845,0.09071969,2025
35.710785,0.23169689,0.017714167,0.058692064,2025
34.32309,0.2922244,0.03463363,0.020634633,2025
35.97055,0.250509,0.05202909,0.06548983,2025
34.7435,0.2113569,0.09434868,0.032485344,2025
34.746918,0.24972121,0.08175241,0.032580514,2025
33.810394,0.36688915,-0.038093686,0.0057836953,2025
36.56189,0.2859366,0.14480071,0.08060427,2025
37.23181,0.43187153,-0.017477755,0.0971472,2025
30.58377,0.51072997,-0.123651445,-0.09910729,2025
27.558807,0.5836538,-0.21480477,-0.21974963,2025
35.997894,0.4083518,-0.037976574,0.066199675,2025
30.946075,0.39777714,-0.05237194,-0.08623936,2025
36.890015,0.31817487,0.10018568,0.088782005,2025
34.96225,0.41714302,-0.050026204,0.03853884,2025
33.923187,0.32058513,0.0037286163,0.009089417,2025
33.738617,0.37384632,0.073281355,0.003668546,2025
36.202972,0.35996568,0.1165606,0.07148936,2025
35.60141,0.3818128,-0.038407873,0.055800166,2025
35.792816,0.24314362,0.08618785,0.060849387,2025
36.64392,0.36169598,0.08775611,0.08266243,2025
34.148773,0.22858569,0.115299456,0.015635347,2025
36.093597,0.44137016,0.012365062,0.068675674,2025
32.26544,0.22957192,0.14926717,-0.04182194,2025
33.95053,0.44707635,-0.039801206,0.009887496,2025
32.699524,0.5089611,-0.029799337,-0.027991885,2025
31.66043,0.5280358,-0.09144144,-0.061730504,2025
25.528534,0.62391907,-0.22651091,-0.3167558,2025
30.211212,0.5659812,-0.13645445,-0.11266126,2025
34.82553,0.29691124,-0.00034870615,0.034764316,2025
32.75763,0.38322148,0.025263252,-0.026168434,2025
34.685394,0.43933338,-0.00049183745,0.030864548,2025
37.06775,0.25434464,0.08374478,0.09315116,2025
40.01407,0.29362553,0.17211585,0.15992433,2025
33.188324,0.38711736,-0.0029142618,-0.0128515465,2025
37.156616,0.27426642,0.044483688,0.09532006,2025
30.970001,0.4612321,-0.19112895,-0.085400194,2025
29.141388,0.5560371,-0.19427866,-0.15350872,2025
36.011566,0.30759507,0.020033993,0.066554196,2025
25.68576,0.6211685,-0.285214,-0.30869573,2025
32.713196,0.49626476,-0.058729887,-0.027562255,2025
28.905518,0.5996658,-0.22521839,-0.16292141,2025
31.87918,0.36353788,0.046553772,-0.054445073,2025
34.162445,0.3584935,0.052983012,0.01602929,2025
40.455017,0.30588442,0.16133796,0.16908093,2025
29.096954,0.5894182,-0.19883177,-0.15527023,2025
37.99405,0.3371541,0.017510774,0.11526026,2025
33.7352,0.39923155,-0.045600265,0.0035676002,2025
27.073456,0.639482,-0.22072935,-0.24161635,2025
28.44751,0.5784538,-0.3316552,-0.18164456,2025
34.042816,0.3476183,0.05619088,0.012571548,2025
34.74008,0.3594248,0.088997714,0.03239015,2025
35.19467,0.27340546,0.05177825,0.044888224,2025
36.131195,0.16276886,0.09511378,0.0696448,2025
35.63559,0.1754263,0.117554955,0.05670579,2025
32.074005,0.37127137,-0.03671427,-0.048040155,2025
32.262024,0.38311732,0.043793514,-0.041932315,2025
27.175995,0.67918915,-0.23943557,-0.23693155,2025
32.156067,0.4679718,-0.026814824,-0.045365572,2025
35.28012,0.39164582,0.032835804,0.047201525,2025
29.28836,0.5540291,-0.13202572,-0.14772028,2025
37.970123,0.38005695,0.13296361,0.11470276,2025
30.406036,0.52966493,-0.11410452,-0.10553197,2025
32.593567,0.4148084,0.06908474,-0.03133374,2025
37.529205,0.34471396,-0.017243078,0.104301706,2025
32.381653,0.404019,0.0340492,-0.03808306,2025
31.838165,0.39268598,-0.028501933,-0.055803467,2025
34.261566,0.31545863,0.037455738,0.018875986,2025
35.051117,0.34670103,0.010813075,0.040976487,2025
31.793732,0.505673,-0.06523964,-0.057279013,2025
34.056488,0.5532509,-0.10767256,0.012967948,2025
33.417328,0.46806285,0.004493721,-0.005910628,2025
31.991974,0.32824466,0.035076175,-0.050727453,2025
36.22693,0.1698188,0.17036529,0.072103366,2025
32.82257,0.30146667,0.0819957,-0.024138099,2025
33.342133,0.4407943,0.0074400143,-0.008179222,2025
27.596405,0.6023005,-0.2190335,-0.21808784,2025
32.73712,0.33096257,-0.005336003,-0.026811266,2025
35.375824,0.23380196,-0.004677908,0.049779158,2025
35.020355,0.3912026,0.008240674,0.040134087,2025
36.76013,0.36699182,0.08221335,0.08556244,2025
35.181,0.22562015,0.052938793,0.044517055,2025
34.552094,0.30948207,0.045516413,0.027125657,2025
33.239594,0.36473882,0.035182692,-0.0112893,2025
36.127777,0.28635326,0.048605252,0.06955678,2025
32.986633,0.39838853,-0.0155902775,-0.01904444,2025
28.731201,0.5165231,-0.10827416,-0.16997702,2025
35.93979,0.1994913,0.05635566,0.064689964,2025
31.96463,0.3664059,0.037210274,-0.051626287,2025
33.304535,0.30740473,0.040471323,-0.009317361,2025
36.82849,0.34993494,0.15259066,0.08725978,2025
28.4646,0.55931944,-0.17639479,-0.18093511,2025
37.272858,0.3870267,0.12225325,0.098141454,2025
34.562347,0.21043898,0.10592525,0.027414288,2025
34.032562,0.31253994,0.02959784,0.012274039,2025
32.255188,0.27780557,0.06189612,-0.042153135,2025
25.125214,0.6450177,-0.25022262,-0.33789292,2025
33.02423,0.25557584,0.08908386,-0.017884271,2025
34.056488,0.49151787,-0.053946227,0.012967948,2025
35.66977,0.22503193,0.06892758,0.05760968,2025
34.95883,0.27455834,0.046487894,0.038444836,2025
35.816742,0.21003008,0.10738933,0.061476745,2025
32.494446,0.3359824,0.074042484,-0.034479722,2025
32.408997,0.44908968,0.034047384,-0.03720722,2025
31.451935,0.44877398,-0.03343005,-0.068768755,2025
31.253693,0.56948423,-0.14910862,-0.075547956,2025
25.58664,0.60071945,-0.2572251,-0.31376556,2025
25.555878,0.62610584,-0.22101809,-0.31534693,2025
32.21759,0.31430504,0.024557915,-0.04336932,2025
33.17807,0.3724503,0.031592794,-0.013164575,2025
36.722534,0.28349936,0.06602962,0.08462621,2025
35.830414,0.35135806,0.05061621,0.061834857,2025
34.729828,0.266337,0.09954861,0.032104466,2025
29.975372,0.5760069,-0.26212585,-0.121415436,2025
33.389984,0.36496326,0.039369714,-0.006734389,2025
38.92032,0.2184475,0.060633127,0.13631628,2025
32.73712,0.32225293,0.028091013,-0.026811266,2025
33.099426,0.44522977,-0.13334766,-0.015571841,2025
34.67856,0.32230797,0.03539967,0.03067351,2025
29.889923,0.41902065,-0.045089137,-0.12462134,2025
32.145813,0.44213456,0.043593954,-0.045699023,2025
29.623322,0.37747675,0.025213936,-0.13474262,2025
36.202972,0.27528736,0.052468847,0.07148936,2025
32.593567,0.3449948,-0.007929353,-0.03133374,2025
27.675018,0.5720096,-0.18496941,-0.21462776,2025
35.926117,0.3996906,0.047136232,0.06433403,2025
34.95883,0.44438857,-0.038201507,0.038444836,2025
37.460846,0.43741053,0.078312166,0.10266721,2025
37.915436,0.21306366,-0.014611592,0.11342585,2025
33.977875,0.37639162,0.04282125,0.01068429,2025
36.363647,0.40360233,0.03732271,0.07559203,2025
35.307465,0.2853328,0.10933521,0.04793942,2025
34.029144,0.3011588,0.03587288,0.012174829,2025
37.966705,0.3792729,0.10173255,0.11462306,2025
34.080414,0.27229905,0.05431247,0.013660883,2025
27.986053,0.5901472,-0.20804256,-0.20112845,2025
33.09601,0.38163388,0.02892836,-0.015676724,2025
37.6044,0.3220544,0.17747524,0.10609278,2025
32.272278,0.35339177,0.012563136,-0.04160126,2025
35.943207,0.27542394,0.07207536,0.0647789,2025
31.363068,0.53553176,-0.1195884,-0.07179711,2025
30.09842,0.60196024,-0.2248932,-0.11683092,2025
35.915863,0.25664225,0.0506222,0.064066894,2025
32.60724,0.48594382,-0.080883294,-0.030901313,2025
37.77188,0.26881763,0.17927402,0.11005636,2025
32.614075,0.33075285,0.06545279,-0.030685235,2025
34.316254,0.2802575,0.06343046,0.02043954,2025
35.327972,0.30464897,-0.012988313,0.04849209,2025
28.372314,0.5742279,-0.21641506,-0.18477628,2025
36.64392,0.2755745,0.046068758,0.08266243,2025
38.086334,0.29507887,0.15726076,0.11740403,2025
35.006683,0.36322272,-0.010080909,0.03975921,2025
32.296204,0.26679942,0.04573941,-0.040829618,2025
35.43051,0.3209001,-0.034420993,0.051245835,2025
32.82599,0.29769087,0.088159814,-0.024031462,2025
25.118378,0.6584526,-0.25287092,-0.338257,2025
35.33481,0.25498915,0.050166696,0.048676167,2025
35.66635,0.22331566,0.096186124,0.05751937,2025
32.566223,0.35251743,0.07284587,-0.032199685,2025
34.032562,0.20155425,0.12353139,0.012274039,2025
28.10913,0.62758434,-0.24283932,-0.19586925,2025
32.142365,0.49926245,-0.037906796,-0.045811214,2025
35.150238,0.27547842,0.093441635,0.043680865,2025
32.846497,0.36742094,0.036838204,-0.023392105,2025
34.15561,0.24245624,0.10341172,0.015832359,2025
31.882599,0.48204705,-0.115168266,-0.054332033,2025
34.487152,0.30362183,0.0093908515,0.025293674,2025
33.64975,0.42952266,0.029550582,0.001037288,2025
34.654633,0.32769978,0.0052185874,0.03000428,2025
35.690277,0.25557923,0.009603725,0.05815118,2025
35.01352,0.29519597,0.054520115,0.039946683,2025
36.19272,0.24838899,0.057158884,0.07122629,2025
34.52475,0.38775817,0.029631425,0.026355136,2025
28.368896,0.54173785,-0.1704527,-0.18491903,2025
36.20639,0.18102874,0.12367176,0.071577005,2025
32.43976,0.4694973,0.0075625284,-0.036223665,2025
34.82895,0.32185024,0.010249078,0.03485904,2025
35.075043,0.293313,0.055651624,0.041630667,2025
32.41925,0.47470665,-0.07831672,-0.036879163,2025
34.111176,0.21904555,0.06784058,0.014550371,2025
34.548676,0.42847082,0.016890403,0.027029408,2025
30.928986,0.41750878,0.015357589,-0.086839564,2025
35.11606,0.42650247,0.0025061886,0.042750046,2025
35.09555,0.34497532,0.061278854,0.042190682,2025
36.02182,0.39000237,-0.0019573674,0.06681991,2025
31.957794,0.46426895,-0.10058957,-0.051851235,2025
36.35681,0.35498604,0.0015535495,0.07541823,2025
32.904602,0.41676027,-0.01625764,-0.02158492,2025
33.147278,0.4005687,-0.058956087,-0.014105757,2025
33.653168,0.38823104,-0.011102731,0.0011387472,2025
31.61258,0.35801253,0.03267019,-0.06333763,2025
35.714203,0.26626214,0.060733657,0.05878215,2025
35.58432,0.2572604,0.10159012,0.0553467,2025
36.110687,0.35701904,0.011465924,0.069116436,2025
35.3143,0.37800986,-0.0030886633,0.048123714,2025
32.95929,0.45576778,0.02746601,-0.019889861,2025
33.2977,0.49119702,-0.15508969,-0.009524571,2025
33.003723,0.49614292,-0.05421694,-0.018516764,2025
35.368988,0.28545108,0.1500273,0.049595505,2025
34.53842,0.27013755,0.04221059,0.02674055,2025
28.645752,0.551981,-0.14162323,-0.17346703,2025
31.786896,0.48435444,-0.047392093,-0.057506386,2025
34.179535,0.3056959,0.053420316,0.016521279,2025
37.669342,0.36902395,0.14946795,0.10763386,2025
32.258606,0.5114414,-0.18386878,-0.042042714,2025
34.090668,0.27851775,0.04181708,0.013957557,2025
33.201996,0.3464743,0.08655641,-0.012434476,2025
28.703857,0.5849738,-0.19592342,-0.17109156,2025
32.11502,0.32845944,0.01066782,-0.04670165,2025
32.60382,0.49838987,0.013657334,-0.031009387,2025
32.002228,0.5009644,-0.048023947,-0.050390787,2025
31.253693,0.44799736,-0.02292892,-0.075547956,2025
34.705902,0.33072582,-0.0001359018,0.031437214,2025
35.826996,0.31529307,-0.0037514623,0.061745353,2025
35.95346,0.20115052,0.11067696,0.065045625,2025
34.042816,0.3883927,0.03936884,0.012571548,2025
32.8089,0.28943962,0.058821514,-0.02456487,2025
34.582855,0.36223608,-0.03565755,0.027991036,2025
34.466644,0.4550441,0.01044778,0.024713721,2025
35.386078,0.25527248,-0.00627115,0.050054505,2025
27.6716,0.54424167,-0.21470043,-0.21477778,2025
37.68643,0.27323097,0.014071881,0.10803853,2025
36.202972,0.23160891,0.081440434,0.07148936,2025
31.906525,0.5036367,-0.085494906,-0.05354142,2025
33.431,0.29663843,0.039934326,-0.005499253,2025
33.256683,0.2908908,0.05394162,-0.010769622,2025
30.429962,0.34546724,0.010773979,-0.10466274,2025
31.10672,0.49004364,-0.06286911,-0.08062969,2025
32.692688,0.3759668,0.032784864,-0.028206836,2025
33.1644,0.49526542,-0.09236782,-0.013582248,2025
32.056915,0.5089631,-0.05497711,-0.048598874,2025
33.81723,0.3063467,-0.04012748,0.0059846696,2025
34.449554,0.39898166,-0.009234045,0.024229897,2025
37.580475,0.21128891,0.08558739,0.10552367,2025
32.28253,0.42763844,0.01323207,-0.041270416,2025
27.35373,0.6092833,-0.23104618,-0.22889443,2025
34.247894,0.37216556,0.004497291,0.018484319,2025
32.802063,0.42295584,0.021050714,-0.024778388,2025
33.957367,0.3678797,0.075709365,0.010086815,2025
35.99106,0.26248568,0.08639117,0.066022314,2025
36.15854,0.31119978,0.15995699,0.07034835,2025
34.193207,0.25877184,0.04445511,0.016914515,2025
33.95395,0.3220806,-0.029585429,0.009987165,2025
36.025238,0.29024848,0.054473057,0.06690845,2025
33.618988,0.33257797,-6.408094e-05,0.00012322683,2025
34.934906,0.42476118,-0.05060748,0.037786298,2025
32.231262,0.36479512,0.004247786,-0.04292674,2025
33.536957,0.26570386,0.045718394,-0.0023224675,2025
34.312836,0.34788215,-0.023191512,0.020341963,2025
32.904602,0.30008438,0.07133492,-0.02158492,2025
35.423676,0.365793,0.040127635,0.051062748,2025
32.93878,0.37681988,0.020375812,-0.02052485,2025
35.85434,0.4366854,0.049763065,0.0624609,2025
29.28836,0.55998033,-0.12223126,-0.14772028,2025
36.151703,0.23285891,0.050421868,0.07017256,2025
35.75522,0.18065315,0.08847219,0.059861843,2025
36.35681,0.32606354,0.1447284,0.07541823,2025
34.668304,0.3750494,-0.0020465252,0.03038681,2025
32.53546,0.4592876,-0.013201475,-0.033175614,2025
32.381653,0.40112513,0.060332842,-0.03808306,2025
34.480316,0.3486049,0.041549806,0.025100434,2025
30.915314,0.48229244,-0.11414184,-0.08732021,2025
27.022186,0.57451826,-0.27422604,-0.24397208,2025
37.94278,0.3276677,0.16360271,0.11406477,2025
35.56723,0.19227052,0.090795,0.054892804,2025
32.682434,0.48071465,-0.026200516,-0.02852943,2025
36.722534,0.21346521,0.025563482,0.08462621,2025
32.627747,0.44339743,-0.031957176,-0.030253353,2025
34.729828,0.23919809,0.049472943,0.032104466,2025
31.66043,0.5086871,-0.032895617,-0.061730504,2025
28.669678,0.56812805,-0.20939359,-0.17248772,2025
35.7518,0.31491932,0.115044676,0.059771962,2025
32.162903,0.21830103,0.11596712,-0.04514339,2025
35.51938,0.28159544,0.100075655,0.05361956,2025
34.69223,0.30111843,0.0092279585,0.031055512,2025
35.93979,0.18697914,0.06066287,0.064689964,2025
33.376312,0.39045876,0.017796595,-0.0071467757,2025
37.14978,0.26721835,0.17854185,0.09515359,2025
37.341217,0.28930572,0.054952186,0.09979246,2025
32.391907,0.40473825,-0.04763608,-0.037754446,2025
33.46176,0.3082296,0.036481913,-0.004574888,2025
31.400665,0.38522187,0.060864694,-0.07051379,2025
33.304535,0.3614376,0.060034,-0.009317361,2025
31.421173,0.48025054,-0.044994462,-0.06981509,2025
31.602325,0.5063692,-0.096564405,-0.06368265,2025
34.025726,0.41320002,0.03480252,0.012075599,2025
32.918274,0.31691176,0.14014895,-0.021160629,2025
32.819153,0.4060762,0.023162413,-0.02424476,2025
34.329926,0.46929395,-0.063587844,0.020829648,2025
33.824066,0.36939302,-0.03618049,0.006185563,2025
34.99643,0.30575767,-0.022491463,0.039477862,2025
30.207794,0.50279427,-0.14322141,-0.11278715,2025
36.018402,0.2830313,0.06948115,0.066731356,2025
35.24936,0.4267369,-0.060517713,0.04637003,2025
29.859161,0.52819645,-0.16177501,-0.12577996,2025
31.1409,0.41201475,0.0021820972,-0.07944361,2025
34.986176,0.20853272,0.13670059,0.039196346,2025
32.849915,0.39288718,0.021263352,-0.023285624,2025
36.51062,0.17012218,0.12324714,0.07931322,2025
35.980804,0.24559514,0.09571328,0.06575615,2025
36.353394,0.32395798,0.08606317,0.0753313,2025
33.59848,0.37723076,0.031057943,-0.00048707714,2025
25.31662,0.636061,-0.24631283,-0.32777777,2025
30.330841,0.525307,-0.08425089,-0.10827277,2025
30.118927,0.49882722,-0.07529955,-0.11607048,2025
27.668182,0.6198975,-0.23322088,-0.21492785,2025
31.571564,0.48705605,-0.018002614,-0.06471905,2025
32.53888,0.33821887,0.013816536,-0.033067085,2025
35.639008,0.36531433,-0.057740048,0.05679626,2025
33.454926,0.3942827,-0.048254605,-0.004780155,2025
31.486115,0.36322093,0.011588397,-0.06760856,2025
27.131561,0.61905146,-0.24262619,-0.23895727,2025
35.49887,0.30579945,0.023255024,0.053072833,2025
32.022736,0.4478636,-0.05525905,-0.049718104,2025
33.321625,0.20377181,0.104706205,-0.008799707,2025
34.535004,0.31869242,0.02983512,0.026644224,2025
31.499786,0.5325355,-0.16280955,-0.06714518,2025
36.315796,0.2511706,0.091698624,0.07437399,2025
31.02127,0.5217369,-0.06804527,-0.083606325,2025
29.312286,0.5992626,-0.18799184,-0.14678346,2025
38.2128,0.2962529,0.087201856,0.12032497,2025
33.61557,0.32215115,0.09667164,2.1561213e-05,2025
34.77426,0.18938982,0.09910072,0.033341218,2025
32.682434,0.53215903,-0.070229895,-0.02852943,2025
35.423676,0.2388152,0.1043379,0.051062748,2025
31.633087,0.4300128,-0.03301352,-0.06264827,2025
34.787933,0.27866486,0.11877886,0.03372112,2025
36.127777,0.38305444,0.042894237,0.06955678,2025
37.25235,0.36808622,0.042936664,0.09764497,2025
25.23117,0.62629575,-0.23584157,-0.3322745,2025
34.938324,0.23799361,0.03688414,0.037880428,2025
34.15561,0.37780717,-0.06260574,0.015832359,2025
36.40808,0.19182095,0.11360366,0.076720215,2025
33.88217,0.24174818,0.03826131,0.007889883,2025
34.989594,0.28524345,0.016149329,0.039290205,2025
33.772797,0.26526955,0.037982214,0.0046768812,2025
38.233307,0.22887576,-0.023087004,0.120796815,2025
34.96225,0.28412187,0.031095635,0.03853884,2025
37.768463,0.2732202,0.11761144,0.10997582,2025
36.47986,0.21340191,0.116158865,0.078536846,2025
31.17508,0.5307486,-0.110581815,-0.07826014,2025
36.537964,0.343473,0.039324157,0.08000223,2025
33.037903,0.4714058,-0.029808242,-0.017463047,2025
35.208344,0.24566625,0.09727788,0.045259107,2025
32.463684,0.35950086,-0.0012178422,-0.03545997,2025
34.76059,0.33077732,0.035370212,0.032961015,2025
31.229767,0.4867923,-0.05514264,-0.07637196,2025
33.707855,0.4899837,-0.061050978,0.002759296,2025
34.20346,0.3332011,0.027865166,0.017209236,2025
32.450012,0.33186653,0.03525139,-0.03589623,2025
24.855164,0.656048,-0.23282987,-0.35242906,2025
28.392822,0.62394863,-0.25787985,-0.18392053,2025
35.488617,0.38307205,0.060405582,0.052799232,2025
36.202972,0.37979296,-0.0076019266,0.07148936,2025
35.512543,0.30071688,0.042856574,0.053437386,2025
34.781097,0.32498258,0.029310456,0.033531208,2025
30.915314,0.520686,-0.09828729,-0.08732021,2025
35.037445,0.40653417,0.06131929,0.04060227,2025
33.065247,0.3888698,0.03013076,-0.016621642,2025
31.304962,0.19765057,0.091503724,-0.07378648,2025
36.961792,0.16368313,0.026400438,0.090551525,2025
33.46176,0.3430322,-0.018181112,-0.004574888,2025
32.93878,0.2686296,0.081097156,-0.02052485,2025
32.0159,0.48807517,-0.006702336,-0.049942236,2025
31.810822,0.35231677,0.033117898,-0.056711007,2025
35.26645,0.35620785,0.03797323,0.04683215,2025
35.46469,0.19243579,0.11815407,0.052160215,2025
35.50229,0.25758874,0.0060595335,0.053163998,2025
35.543304,0.45392537,0.0025674126,0.05425661,2025
30.549591,0.52586114,-0.08773521,-0.100337,2025
33.068665,0.4123042,-0.009500727,-0.016516564,2025
37.26602,0.27850536,0.01907866,0.09797602,2025
35.30063,0.48810062,-0.06274486,0.04775505,2025
34.64438,0.42821598,-0.05013721,0.029717185,2025
32.01248,0.54506946,-0.085587226,-0.050054338,2025
30.395782,0.5129019,-0.06659634,-0.105904914,2025
34.938324,0.32971254,-0.032103427,0.037880428,2025
34.329926,0.45991886,0.037144687,0.020829648,2025
36.363647,0.35391816,-0.014362998,0.07559203,2025
31.479279,0.49277383,-0.076890424,-0.0678404,2025
32.79181,0.47378585,-0.08158298,-0.025098834,2025
35.474945,0.3909166,-0.011405481,0.052434184,2025
32.162903,0.39858222,-0.046563927,-0.04514339,2025
35.7894,0.28493837,0.14941132,0.060759693,2025
32.928528,0.40868467,-0.06660831,-0.02084264,2025
35.105804,0.23650715,0.05472424,0.042470448,2025
32.443176,0.46455017,-0.020849345,-0.0361145,2025
35.71762,0.287025,-0.0024816217,0.05887222,2025
25.795135,0.6286355,-0.281248,-0.3031467,2025
35.119476,0.20869558,0.096009664,0.042843208,2025
31.827911,0.572269,-0.10520916,-0.05614361,2025
34.333344,0.41805232,0.0016606183,0.020927127,2025
35.7894,0.250499,0.037263732,0.060759693,2025
33.27719,0.4704908,-0.033066142,-0.010146713,2025
28.156982,0.59888107,-0.21823968,-0.19383693,2025
29.869415,0.56731015,-0.12609066,-0.12539348,2025
31.496368,0.44897795,-0.05026433,-0.06726099,2025
34.131683,0.42023474,0.03860739,0.015142472,2025
32.11502,0.4635754,-0.028988263,-0.04670165,2025
28.208252,0.65019935,-0.2922821,-0.19166708,2025
34.818695,0.37748408,0.014390315,0.03457481,2025
35.040863,0.1958907,0.08409242,0.04069585,2025
36.014984,0.23468907,0.006608018,0.06664278,2025
33.54721,0.31606683,0.04756616,-0.0020161015,2025
31.151154,0.49631596,-0.06680171,-0.0790883,2025
33.858246,0.28097135,0.07670902,0.0071888124,2025
34.292328,0.35904664,-0.03042178,0.0197561,2025
31.554474,0.5026343,-0.024840526,-0.065295696,2025
30.409454,0.47313288,-0.046619914,-0.10540771,2025
32.95929,0.32033452,0.048562616,-0.019889861,2025
37.365143,0.34638056,0.08775611,0.10036888,2025
36.045746,0.30131412,-0.0015306637,0.06743932,2025
36.10727,0.2061899,0.08465123,0.06902832,2025
35.878265,0.3856082,-0.0061089415,0.06308611,2025
34.805023,0.2903197,0.052591797,0.03419558,2025
35.55356,0.2121159,0.023114169,0.05452937,2025
36.062836,0.18818842,0.05898127,0.06788125,2025
31.643341,0.5537564,-0.14852144,-0.06230392,2025
36.954956,0.34771606,0.1285884,0.0903833,2025
35.707367,0.2102626,0.051737357,0.05860196,2025
34.514496,0.45465335,-0.034652572,0.026065877,2025
33.595062,0.30312046,0.11196828,-0.0005888669,2025
35.50229,0.26922783,-0.0005840908,0.053163998,2025
33.42758,0.3495392,0.03504323,-0.005602065,2025
33.44467,0.40825945,-0.0533158,-0.005088214,2025
32.25177,0.51448023,-0.06896532,-0.04226358,2025
37.55655,0.22862884,0.118876785,0.10495383,2025
27.927948,0.6000065,-0.22212203,-0.20362747,2025
34.364105,0.4807895,0.01865584,0.021803563,2025
24.985046,0.64149725,-0.27299562,-0.34539855,2025
37.4711,0.38927552,-0.022049034,0.10291277,2025
37.82315,0.3635451,0.07096305,0.11126269,2025
35.170746,0.24302736,0.08035053,0.044238485,2025
30.983673,0.53288186,-0.09559601,-0.08492125,2025
31.940704,0.4723153,-0.036378328,-0.052414026,2025
31.721954,0.55471355,-0.159026,-0.05967132,2025
30.095001,0.3704661,-0.03215061,-0.11695776,2025
38.36319,0.32613334,0.08430165,0.123773456,2025
36.14145,0.22183466,0.12785788,0.06990875,2025
33.86508,0.40397614,0.022139922,0.007389219,2025
34.114594,0.4022032,0.010335294,0.014649104,2025
31.281036,0.3861049,-0.024551995,-0.07460779,2025
34.39145,0.2681481,0.08315708,0.022581302,2025
34.95883,0.23802198,0.117467746,0.038444836,2025
35.12973,0.18550833,0.076404065,0.04312259,2025
35.437347,0.4217007,-0.017608443,0.051428854,2025
30.576935,0.53529,-0.14114648,-0.09935301,2025
36.346558,0.1924707,0.036543265,0.07515739,2025
31.84842,0.3548794,0.0,-0.05546354,2025
33.89926,0.2879196,0.13422294,0.008390041,2025
35.423676,0.28771627,0.041737605,0.051062748,2025
31.028107,0.5203568,-0.06931347,-0.08336759,2025
31.834747,0.5506264,-0.14180815,-0.055916823,2025
33.68393,0.26947954,0.043536972,0.0020509535,2025
35.19467,0.23178183,-0.0064689075,0.044888224,2025
30.857208,0.34090498,0.037596393,-0.08936768,2025
31.93045,0.49301735,-0.02022579,-0.052751992,2025
35.6185,0.23586595,0.03998686,0.0562532,2025
33.031067,0.38688013,-0.05964264,-0.017673615,2025
34.268402,0.24524365,0.08850056,0.019071704,2025
29.753204,0.5316844,-0.1300219,-0.12978908,2025
30.963165,0.5068416,-0.12617564,-0.08563982,2025
31.715118,0.52413297,-0.052722465,-0.059899725,2025
33.106262,0.5351154,-0.020516165,-0.015362141,2025
34.699066,0.4569934,0.0023788977,0.0312464,2025
26.331757,0.6080948,-0.2244549,-0.27658954,2025
33.759125,0.29870063,0.030194126,0.0042737923,2025
34.111176,0.42818183,0.046384394,0.014550371,2025
34.79135,0.2109133,0.09462983,0.03381605,2025
35.286957,0.25963753,0.02124671,0.047386106,2025
34.999847,0.32602414,0.0064594,0.03957166,2025
34.299164,0.2588921,0.021635193,0.019951465,2025
33.46518,0.3715204,-0.0130584305,-0.0044722855,2025
33.154114,0.41228402,-0.0103216255,-0.013896662,2025
34.81186,0.26748794,0.078265406,0.03438523,2025
33.198578,0.24031925,0.054848507,-0.012538712,2025
36.1893,0.36530158,0.07024282,0.071138576,2025
32.969543,0.36705843,0.04397244,-0.019572664,2025
31.701447,0.368285,0.03326072,-0.06035683,2025
34.40512,0.23472671,0.13860373,0.022969708,2025
32.716614,0.4545704,-0.0133906,-0.027454905,2025
33.31479,0.4450703,-0.04035448,-0.009006704,2025
27.04953,0.62825453,-0.26172224,-0.24271458,2025
34.97934,0.46011773,-0.028324233,0.03900858,2025
36.12094,0.3314489,0.029259551,0.06938069,2025
32.996887,0.45532048,0.0056887805,-0.018727768,2025
31.304962,0.51312506,-0.08305047,-0.07378648,2025
32.467102,0.464499,-0.05457582,-0.03535096,2025
35.826996,0.31629446,-0.004804192,0.061745353,2025
36.13803,0.26172113,-0.0038631766,0.069820784,2025
38.86905,0.3450692,0.008376359,0.13517706,2025
31.236603,0.45671225,-0.040363032,-0.0761364,2025
31.144318,0.46388963,-0.11755531,-0.07932515,2025
35.126312,0.33927733,0.05585581,0.04302948,2025
34.285492,0.34110996,0.025293533,0.019560656,2025
31.407501,0.47145614,-0.024033947,-0.07028079,2025
36.86267,0.3907637,-0.060358826,0.08810609,2025
32.884094,0.40470752,-0.075923175,-0.022222022,2025
29.50711,0.55415696,-0.20547716,-0.13921168,2025
36.196136,0.26839906,0.044437017,0.071314,2025
28.478271,0.58059883,-0.17819782,-0.18036817,2025
35.02719,0.31828123,0.008797759,0.040321413,2025
27.357147,0.59968305,-0.23490164,-0.22874089,2025
35.563812,0.25265762,0.047937173,0.05480197,2025
36.397827,0.28468898,0.18693389,0.07646011,2025
32.381653,0.40707657,0.039128713,-0.03808306,2025
36.77722,0.42469394,-0.036943596,0.08598737,2025
33.61557,0.48323607,-0.035873838,2.1561213e-05,2025
38.73233,0.31959823,0.118646845,0.13212438,2025
35.929535,0.18361668,0.08632221,0.06442303,2025
32.296204,0.53533053,-0.10796933,-0.040829618,2025
35.46811,0.34241277,0.009180248,0.052251555,2025
37.68643,0.32930082,0.08237753,0.10803853,2025
32.815735,0.47064674,0.040235337,-0.02435144,2025
34.37094,0.3363255,0.020851418,0.021998115,2025
34.049652,0.39585674,0.018887637,0.012769788,2025
33.694183,0.47076464,-0.014932036,0.002354652,2025
37.108765,0.32403335,0.12151521,0.09415348,2025
32.309875,0.5181488,-0.06664692,-0.04038919,2025
32.18341,0.41635808,0.0023857113,-0.044477407,2025
36.5448,0.2676411,0.03572232,0.08017432,2025
32.039825,0.31602943,0.020877076,-0.04915819,2025
32.679016,0.57306826,-0.15698527,-0.028637005,2025
34.702484,0.22774671,0.09141597,0.031341817,2025
38.523834,0.30145887,0.16283561,0.12742732,2025
34.22055,0.28102773,0.001242029,0.017700044,2025
34.67856,0.22746082,0.08739418,0.03067351,2025
31.39383,0.4774866,-0.061840657,-0.07074689,2025
32.812317,0.43473035,-0.032871205,-0.024458144,2025
33.352386,0.36906567,-0.035114627,-0.007869266,2025
36.110687,0.25410667,0.102450326,0.069116436,2025
33.342133,0.45780912,-0.032305483,-0.008179222,2025
31.5784,0.5063682,-0.08305088,-0.06448856,2025
34.832367,0.3913617,0.03661886,0.034953743,2025
32.043243,0.37167355,0.0002382585,-0.049046278,2025
34.72641,0.3659934,0.0012471413,0.0320092,2025
35.003265,0.3727523,-0.03046239,0.039665446,2025
31.803986,0.43303385,0.016409928,-0.056938138,2025
35.427094,0.29013643,-0.0045012184,0.0511543,2025
35.7894,0.25630286,0.067348614,0.060759693,2025
35.11606,0.30501482,0.08256478,0.042750046,2025
27.651093,0.5688375,-0.19486646,-0.21567874,2025
35.88852,0.17120929,0.057436533,0.0633538,2025
36.20639,0.32736945,0.06890828,0.071577005,2025
37.631744,0.47049385,-0.038471162,0.10674231,2025
28.34497,0.5179132,-0.10900127,-0.18591921,2025
31.803986,0.3748842,0.027232595,-0.056938138,2025
35.53647,0.30986053,-0.014792504,0.054074682,2025
28.303955,0.55500066,-0.15305975,-0.18763775,2025
34.81186,0.2683331,0.06481995,0.03438523,2025
37.06775,0.22074233,0.01847587,0.09315116,2025
34.67514,0.23150465,0.08507718,0.030577961,2025
32.231262,0.4624723,-0.04873103,-0.04292674,2025
33.728363,0.2803557,-0.0072688027,0.0033656468,2025
35.273285,0.25436637,0.04315192,0.047016874,2025
32.179993,0.45633566,-0.01663977,-0.044588346,2025
31.397247,0.475492,-0.08557247,-0.070630334,2025
37.31729,0.4067101,0.06310393,0.09921529,2025
33.04132,0.4981399,-0.030742627,-0.017357795,2025
28.023651,0.53974545,-0.1842563,-0.19951698,2025
35.020355,0.23903911,0.058974553,0.040134087,2025
37.932526,0.2677295,0.11084528,0.11382528,2025
33.73178,0.28001603,0.040205963,0.0034666338,2025
35.51596,0.21845011,0.045924965,0.05352848,2025
35.90219,0.32607892,0.06620025,0.06371048,2025
36.565308,0.43045214,-0.043094087,0.08069021,2025
32.248352,0.4876553,-0.061442,-0.04237405,2025
32.258606,0.41711816,-0.047452096,-0.042042714,2025
32.83966,0.4311443,-0.02772733,-0.023605134,2025
37.997467,0.23196547,0.061126776,0.11533984,2025
38.923737,0.3085291,0.10615967,0.13639213,2025
29.568634,0.52720654,-0.10953496,-0.13684133,2025
25.186737,0.6512049,-0.24405815,-0.33462486,2025
26.547089,0.6321136,-0.23434058,-0.26623473,2025
34.278656,0.22832441,0.068326324,0.019365134,2025
36.062836,0.24306503,0.018362183,0.06788125,2025
35.12973,0.23168606,0.07276837,0.04312259,2025
36.968628,0.1928716,0.063556165,0.09071969,2025
36.57898,0.33428875,0.0847357,0.08103381,2025
33.10968,0.52859944,-0.07483157,-0.015257323,2025
36.380737,0.23157652,0.05772487,0.076026276,2025
36.49695,0.343638,0.057081345,0.07896833,2025
34.835785,0.39930856,-0.02139907,0.035048433,2025
35.799652,0.2997363,-0.009440374,0.061028715,2025
32.72345,0.40893885,0.057861023,-0.027240269,2025
31.10672,0.46976528,-0.059338316,-0.08062969,2025
33.622406,0.45581424,-0.068078615,0.00022487176,2025
35.39633,0.4145769,0.017436694,0.050329693,2025
31.87918,0.50343084,-0.04033593,-0.054445073,2025
35.06479,0.38104767,-0.038828366,0.041350413,2025
34.326508,0.36072558,0.0359922,0.02073215,2025
35.273285,0.30760258,-0.0074980794,0.047016874,2025
33.167816,0.3730941,-0.040958352,-0.013477798,2025
33.304535,0.39590582,-0.060941648,-0.009317361,2025
32.72345,0.32855272,0.03049912,-0.027240269,2025
34.54184,0.47816384,-0.013326061,0.026836855,2025
31.079376,0.60418034,-0.18250456,-0.08158044,2025
32.92169,0.41735715,-0.0053771106,-0.02105461,2025
36.4115,0.28455755,0.047783967,0.07680688,2025
31.345978,0.42902184,0.009977393,-0.07238145,2025
36.667847,0.39226002,0.010654883,0.083261,2025
34.295746,0.27420306,0.09348717,0.019853791,2025
35.07846,0.44571403,-0.015311624,0.04172405,2025
32.767883,0.4707232,-0.05852605,-0.02584732,2025
34.278656,0.23514618,0.06709817,0.019365134,2025
35.389496,0.2818139,0.037650142,0.050146252,2025
33.796722,0.39463863,0.007566591,0.005381502,2025
26.919647,0.6152694,-0.24519372,-0.24871047,2025
35.06479,0.24356656,0.06681318,0.041350413,2025
36.93103,0.42647856,0.03747789,0.089794,2025
29.055908,0.5219819,-0.22929654,-0.15690224,2025
36.732788,0.205209,0.073923096,0.08488174,2025
34.52133,0.38298497,0.019154938,0.026258735,2025
36.349976,0.28958124,0.029340234,0.07524435,2025
34.579437,0.3429646,0.09639278,0.027894959,2025
34.767426,0.29928628,0.018081486,0.033151153,2025
31.81424,0.3143639,0.08232683,-0.05659748,2025
33.738617,0.32284147,0.07624902,0.003668546,2025
34.951996,0.2358403,0.07616052,0.03825677,2025
38.038483,0.3075681,0.00810021,0.116293736,2025
35.950043,0.25682065,0.1594244,0.06495674,2025
27.507538,0.5389661,-0.22765815,-0.22202305,2025
35.38266,0.32137093,0.07457035,0.04996274,2025
35.36557,0.24199706,0.070195414,0.04950365,2025
35.06137,0.35950398,-0.05180077,0.04125696,2025
32.743958,0.43971705,-0.0070694326,-0.0265969,2025
37.057495,0.22162065,0.09618489,0.09290023,2025
26.509491,0.5875506,-0.23144194,-0.26803058,2025
36.05258,0.32408664,0.009606562,0.06761614,2025
33.536957,0.27713943,0.048281733,-0.0023224675,2025
35.597992,0.28223374,0.041133653,0.05570951,2025
35.509125,0.2775809,0.056208838,0.053346273,2025
30.915314,0.55674136,-0.12669459,-0.08732021,2025
33.557465,0.33230054,0.020958943,-0.0017099229,2025
35.023773,0.32859546,0.049783345,0.04022776,2025
31.130646,0.50131375,-0.12492339,-0.07979917,2025
33.837738,0.42052543,0.00641774,0.006587106,2025
29.650665,0.5922676,-0.14931947,-0.13369615,2025
33.68393,0.23304161,0.07222836,0.0020509535,2025
28.197998,0.57192755,-0.22694379,-0.19210042,2025
35.642426,0.18588737,0.053857293,0.056886707,2025
29.202911,0.58340317,-0.14009406,-0.15107857,2025
33.871918,0.45155796,-0.03265523,0.007589545,2025
34.381195,0.48198694,-0.16510516,0.022289796,2025
32.562805,0.3785238,0.08967394,-0.03230803,2025
34.986176,0.21931332,0.06799372,0.039196346,2025
34.0018,0.4723694,-0.060553398,0.011380434,2025
30.43338,0.5930638,-0.17467253,-0.10453867,2025
31.680939,0.371245,-0.037316546,-0.06104322,2025
36.725952,0.2970854,0.03072011,0.0847114,2025
34.951996,0.32326075,0.060403913,0.03825677,2025
35.204926,0.45907196,-0.00845949,0.045166414,2025
34.4769,0.4405132,-0.014777249,0.025003783,2025
37.898346,0.35566315,0.13275442,0.11302606,2025
33.2977,0.31550178,0.07143878,-0.009524571,2025
35.444183,0.22943287,0.04309425,0.0516118,2025
32.665344,0.25817508,0.09623188,-0.029067535,2025
34.617035,0.2656072,0.12039841,0.028950766,2025
34.27182,0.3867347,-0.08424159,0.019169534,2025
33.670258,0.18203972,0.11846464,0.0016457342,2025
36.537964,0.3562195,-0.030379713,0.08000223,2025
30.792267,0.5775591,-0.1778404,-0.09166517,2025
35.088715,0.27883974,0.06577172,0.042004086,2025
35.895355,0.3165512,-0.038253687,0.06353217,2025
35.208344,0.3018525,-0.036552582,0.045259107,2025
33.451508,0.41842842,-0.032982677,-0.0048828204,2025
32.99347,0.3471329,0.03130983,-0.018833304,2025
25.289276,0.6178786,-0.2660655,-0.3292134,2025
36.12094,0.34534076,0.1444496,0.06938069,2025
28.34497,0.64488214,-0.23862405,-0.18591921,2025
31.41092,0.45860416,-0.08746467,-0.07016433,2025
35.423676,0.31561667,-0.05706341,0.051062748,2025
33.830902,0.47848773,-0.036723968,0.006386375,2025
33.977875,0.23448983,0.048271075,0.01068429,2025
35.539886,0.42641047,-0.021919055,0.054165654,2025
34.637543,0.3043709,0.023341503,0.029525694,2025
30.395782,0.5328584,-0.12543762,-0.105904914,2025
35.08188,0.26092705,0.0734362,0.04181741,2025
33.7352,0.3812764,-0.011722626,0.0035676002,2025
34.401703,0.38964528,0.074337825,0.022872636,2025
37.416412,0.270903,0.08922883,0.10160159,2025
33.991547,0.36691868,0.03070251,0.011082207,2025
31.626251,0.34017962,0.094406724,-0.06287795,2025
36.014984,0.33855522,-0.010193494,0.06664278,2025
36.74646,0.36241075,-0.05144256,0.085222214,2025
37.949615,0.29735434,0.15045315,0.11422435,2025
32.21759,0.49612927,-0.1416989,-0.04336932,2025
35.744965,0.3720337,0.00049992214,0.05959215,2025
33.44809,0.43926275,0.0059280386,-0.0049855066,2025
34.517914,0.23973551,0.04577414,0.026162315,2025
36.989136,0.32541898,0.13078502,0.09122383,2025
32.26544,0.42679167,-0.047125507,-0.04182194,2025
31.236603,0.4580197,-0.05670583,-0.0761364,2025
31.91336,0.46967873,-0.03893599,-0.053315748,2025
33.16095,0.4127086,-0.071824364,-0.013687653,2025
35.53305,0.32994857,0.028712172,0.053983692,2025
32.450012,0.547904,-0.15215324,-0.03589623,2025
35.08188,0.2864414,0.07202385,0.04181741,2025
34.767426,0.31592697,0.021167416,0.033151153,2025
36.486694,0.20034702,0.04438435,0.07870949,2025
30.877716,0.45466492,-0.025394643,-0.08864416,2025
35.844086,0.3149381,0.049259998,0.062192697,2025
34.873383,0.4334073,-0.061418634,0.036088765,2025
35.874847,0.20991465,0.11000539,0.06299684,2025
32.72345,0.4503666,-0.027980411,-0.027240269,2025
29.093536,0.5313837,-0.11661563,-0.15540595,2025
32.57306,0.3891943,0.0031720528,-0.031983063,2025
37.18396,0.30602255,0.03491434,0.09598533,2025
31.739044,0.4656735,-0.03631316,-0.059100743,2025
35.604828,0.32302347,0.11720873,0.05589081,2025
30.330841,0.43957713,0.004178155,-0.10827277,2025
36.367065,0.30770925,0.16394722,0.075678915,2025
36.507202,0.20499693,0.08478799,0.07922702,2025
35.23227,0.21164088,0.08439038,0.04590746,2025
32.86017,0.46415782,-0.07187513,-0.02296631,2025
34.671722,0.37329978,-0.02120533,0.030482395,2025
33.46518,0.29698917,0.027582612,-0.0044722855,2025
30.48465,0.44833824,-0.0011369261,-0.10268104,2025
31.824493,0.37351978,0.046770655,-0.056257043,2025
33.540375,0.2961747,0.059149247,-0.0022203247,2025
30.460724,0.5014064,-0.04499715,-0.103547156,2025
31.605743,0.52303636,-0.07308222,-0.063567616,2025
25.015808,0.63404053,-0.2934906,-0.34374413,2025
32.610657,0.50279284,-0.014740419,-0.030793263,2025
33.266937,0.33427036,0.13897967,-0.010458072,2025
31.995392,0.45233765,-0.036579143,-0.05061521,2025
33.089172,0.37363422,0.031492274,-0.015886554,2025
26.010468,0.6260576,-0.2505834,-0.29235837,2025
34.798187,0.31697035,0.028149193,0.03400585,2025
35.256195,0.26367655,0.11498216,0.046554934,2025
32.945618,0.34748438,-0.01886483,-0.020313099,2025
36.69861,0.33668494,0.03623107,0.08402943,2025
32.64142,0.3324561,-0.0016190319,-0.02982183,2025
38.05899,0.3973923,0.020895211,0.11676992,2025
34.418793,0.2772181,0.10655933,0.023357805,2025
33.454926,0.3706852,0.041071475,-0.004780155,2025
33.48227,0.5487713,-0.04515755,-0.003959588,2025
34.080414,0.36900285,-0.0054692472,0.013660883,2025
33.994965,0.3983891,0.04400107,0.011181636,2025
25.354218,0.63746196,-0.2364645,-0.32580882,2025
34.34018,0.3114578,0.0005302756,0.021122025,2025
35.46811,0.2432099,0.09800544,0.052251555,2025
32.43976,0.5367472,-0.010973977,-0.036223665,2025
33.90268,0.33894205,0.069751784,0.008490012,2025
32.72345,0.46330348,-0.021562781,-0.027240269,2025
34.364105,0.43946174,0.03621678,0.021803563,2025
35.406586,0.35064197,0.06430344,0.050604723,2025
36.097015,0.30142796,0.14886993,0.06876386,2025
34.40512,0.2860346,0.036935803,0.022969708,2025
34.33676,0.33005226,0.0186763,0.021024587,2025
33.830902,0.29890245,0.06841876,0.006386375,2025
34.278656,0.3067989,0.026131792,0.019365134,2025
29.08667,0.60137993,-0.23240793,-0.15567872,2025
28.891846,0.5237197,-0.0881459,-0.16347171,2025
34.781097,0.2690343,0.05854568,0.033531208,2025
35.020355,0.21314768,0.12754694,0.040134087,2025
32.138947,0.5131352,-0.10153448,-0.045922436,2025
32.002228,0.4349897,-0.015640898,-0.050390787,2025
32.58673,0.32686386,0.01051262,-0.03155009,2025
32.72003,0.4459376,-0.0045208484,-0.027347576,2025
33.249847,0.3273892,-0.0066223172,-0.010977429,2025
32.426086,0.24450365,0.0970573,-0.03666057,2025
33.762543,0.29133618,0.09019027,0.004374595,2025
35.488617,0.37344956,0.033606965,0.052799232,2025
32.036407,0.41844565,-0.043602798,-0.049270127,2025
33.191742,0.40127486,-0.044658825,-0.012747247,2025
37.002808,0.32566494,0.03291018,0.091559604,2025
36.00473,0.34713176,0.06545358,0.06637697,2025
30.429962,0.51084685,-0.16071925,-0.10466274,2025
35.235687,0.44033062,-0.046631876,0.04600001,2025
36.185883,0.23713514,0.04135971,0.07105084,2025
36.001312,0.26502705,0.013304209,0.06628833,2025
36.1893,0.498896,0.017454386,0.071138576,2025
31.185333,0.46607715,-0.010970864,-0.077905595,2025
35.6185,0.24826162,0.04366825,0.0562532,2025
30.221466,0.5248325,-0.11344083,-0.11228374,2025
33.95395,0.28550798,-0.010298696,0.009987165,2025
32.20392,0.5497516,-0.12501977,-0.04381227,2025
36.421753,0.23610498,0.05900418,0.077066794,2025
34.664886,0.36715385,0.02217356,0.030291205,2025
32.784973,0.4915876,-0.056590296,-0.025312576,2025
32.53546,0.2860676,0.08140099,-0.033175614,2025
37.180542,0.24797812,0.06301182,0.09590223,2025
32.292786,0.3862672,0.005229849,-0.04093978,2025
34.52133,0.28354466,0.055214375,0.026258735,2025
33.034485,0.4485898,-0.010446889,-0.01756832,2025
34.781097,0.4644386,-0.08812695,0.033531208,2025
35.826996,0.2160132,0.068152376,0.061745353,2025
33.61557,0.48092675,-0.0249402,2.1561213e-05,2025
33.673676,0.33516997,-0.0014980128,0.0017470698,2025
33.742035,0.45366812,-0.046256606,0.0037694713,2025
33.222504,0.44845855,-0.021690587,-0.011809514,2025
35.857758,0.30818543,-0.047211125,0.06255027,2025
39.039948,0.17138952,0.055571526,0.13896285,2025
34.82895,0.22829226,0.08015727,0.03485904,2025
35.19467,0.27062407,-0.0027084681,0.044888224,2025
37.358307,0.3693969,0.04090689,0.10020427,2025
32.661926,0.32544374,0.020014636,-0.029175224,2025
35.34848,0.2118427,0.102913305,0.049044117,2025
34.22055,0.31577855,0.020335281,0.017700044,2025
29.701935,0.53816164,-0.12211264,-0.13173924,2025
33.403656,0.44692385,-0.0329607,-0.00632234,2025
30.81961,0.48647448,-0.039503682,-0.090696625,2025
34.969086,0.24585183,0.06191932,0.038726788,2025
32.480774,0.26701763,0.03375944,-0.034915157,2025
31.800568,0.4157107,-0.013927103,-0.057051737,2025
34.907562,0.22974,0.06150473,0.03703258,2025
31.800568,0.35530168,-0.00044141465,-0.057051737,2025
34.275238,0.48939857,-0.14588794,0.019267343,2025
31.841583,0.41078988,-0.051992882,-0.055690132,2025
33.83432,0.29939955,0.050975043,0.0064867507,2025
32.309875,0.3771708,0.02387034,-0.04038919,2025
28.050995,0.5695258,-0.18893668,-0.1983477,2025
30.676056,0.43609044,-0.042862885,-0.09580076,2025
29.766876,0.5567789,-0.18329255,-0.12927017,2025
35.994476,0.17776369,0.09843044,0.066111006,2025
33.290863,0.30833247,0.06070668,-0.009731866,2025
35.19809,0.29550275,0.07127158,0.044980973,2025
33.588226,0.4932085,-0.08359863,-0.0007925086,2025
31.875763,0.48945847,-0.07700889,-0.05455814,2025
34.364105,0.4190121,-0.023081131,0.021803563,2025
35.881683,0.26236787,0.094487354,0.06317536,2025
31.865509,0.39569235,0.008091275,-0.054897483,2025
33.219086,0.30809322,0.040617276,-0.011913621,2025
33.468597,0.4317059,0.001404708,-0.004369704,2025
32.70636,0.4330394,0.011465077,-0.027777025,2025
36.514038,0.34790912,0.14216293,0.0793994,2025
31.270782,0.5244353,-0.11994873,-0.07496016,2025
34.685394,0.42036912,-0.050676737,0.030864548,2025
31.17508,0.50421,-0.0216889,-0.07826014,2025
35.222015,0.48550344,-0.00050142617,0.045629703,2025
35.088715,0.35910988,0.0017495876,0.042004086,2025
26.967499,0.5957523,-0.24633679,-0.24649474,2025
37.949615,0.33937335,0.0046534333,0.11422435,2025
33.88217,0.47854868,-0.021131307,0.007889883,2025
30.92215,0.3402552,0.016000459,-0.08707983,2025
31.479279,0.5230446,-0.07178045,-0.0678404,2025
34.165863,0.37325284,-0.022329528,0.016127728,2025
33.54721,0.36900815,0.029051008,-0.0020161015,2025
35.327972,0.19561681,0.047523916,0.04849209,2025
33.468597,0.45065114,-0.0011933384,-0.004369704,2025
30.631622,0.55272627,-0.12806824,-0.0973903,2025
33.943695,0.2863127,0.026706405,0.009688096,2025
36.202972,0.37469319,0.05625996,0.07148936,2025
39.90811,0.30895522,0.13778791,0.15769391,2025
29.247345,0.5153397,-0.085737176,-0.14932981,2025
30.672638,0.5499508,-0.13515152,-0.095922865,2025
33.51303,0.4086387,0.030450137,-0.0030380501,2025
35.741547,0.3495727,0.037630584,0.059502218,2025
32.296204,0.41715106,0.0004397636,-0.040829618,2025
24.711609,0.66846955,-0.27203137,-0.36028558,2025
34.200043,0.30891103,0.1287799,0.017111015,2025
31.739044,0.47695076,0.02927423,-0.059100743,2025
34.35385,0.3228639,0.032513365,0.021511592,2025
34.176117,0.39215243,-0.067999445,0.016422922,2025
35.092133,0.2507402,0.088603266,0.042097393,2025
32.176575,0.27457628,0.036240496,-0.044699308,2025
25.145721,0.6078046,-0.26336545,-0.3368018,2025
34.55551,0.207166,0.052169003,0.027221886,2025
33.53012,0.49337348,-0.0933696,-0.0025268155,2025
36.15854,0.23453979,0.07280487,0.07034835,2025
36.743042,0.31895906,0.033622846,0.08513712,2025
35.051117,0.22374628,0.117057055,0.040976487,2025
29.240509,0.5470843,-0.12164319,-0.1495985,2025
31.178497,0.515653,-0.067850985,-0.07814193,2025
29.438751,0.56879836,-0.13976714,-0.14185704,2025
33.24301,0.35042274,0.06167048,-0.011185322,2025
32.92511,0.48571083,-0.0030510107,-0.020948613,2025
34.705902,0.26407337,0.024097102,0.031437214,2025
34.446136,0.2712313,0.049924605,0.024133075,2025
36.07309,0.27993846,0.058335505,0.06814621,2025
37.002808,0.24290685,0.1174019,0.091559604,2025
35.546722,0.31624082,0.0018431606,0.054347545,2025
36.59265,0.31572574,0.08632144,0.08137716,2025
35.560394,0.20457451,0.07566377,0.054711122,2025
32.398743,0.58302987,-0.082095645,-0.03753549,2025
31.363068,0.48620456,-0.057311192,-0.07179711,2025
34.887054,0.28951812,0.04251942,0.036466513,2025
37.392487,0.2529094,-0.010449832,0.10102675,2025
31.127228,0.44678572,-0.074703045,-0.07991774,2025
34.62729,0.33019415,0.045169134,0.029238313,2025
34.839203,0.3802471,-0.004609392,0.0351431,2025
32.55597,0.2752628,0.08166381,-0.03252479,2025
34.029144,0.45998067,-0.029841807,0.012174829,2025
29.479767,0.518854,-0.09196513,-0.14026836,2025
37.33438,0.25636053,0.062147666,0.09962763,2025
33.16095,0.41400558,-0.015235876,-0.013687653,2025
35.23227,0.28380668,0.040125627,0.04590746,2025
34.28891,0.2520183,0.08630826,0.019658387,2025
32.75421,0.44721404,-0.08294423,-0.026275517,2025
34.57602,0.33260572,0.042205866,0.027798863,2025
33.29428,0.42477012,0.030316351,-0.009628208,2025
36.2782,0.35387722,0.09806539,0.0734147,2025
35.816742,0.2539559,0.061091498,0.061476745,2025
26.84787,0.60171986,-0.21893895,-0.25204888,2025
33.789886,0.4928911,-0.027855242,0.005180284,2025
35.286957,0.41260496,0.02355459,0.047386106,2025
29.544708,0.5693959,-0.17526811,-0.13776197,2025
30.860626,0.52753335,-0.06713813,-0.089247026,2025
33.947113,0.41085908,-0.026201703,0.009787806,2025
30.775177,0.46485564,-0.092581175,-0.09227139,2025
34.073578,0.4589709,-0.00037693346,0.013463001,2025
36.5448,0.18523932,0.0782836,0.08017432,2025
37.095093,0.29394928,0.12030993,0.09381962,2025
33.05841,0.4956334,-0.10265321,-0.016831864,2025
33.660004,0.25828916,0.058938216,0.0013416037,2025
38.64688,0.42022294,0.0815646,0.13020548,2025
34.938324,0.32543337,0.06684469,0.037880428,2025
31.216095,0.46357366,-0.14956996,-0.07684338,2025
36.452515,0.24404305,0.06922923,0.07784564,2025
35.150238,0.27886662,0.08781,0.043680865,2025
32.16974,0.32322007,0.026798666,-0.0449213,2025
32.53888,0.4451361,-0.042425815,-0.033067085,2025
33.577972,0.3215735,0.017236775,-0.0010981265,2025
29.773712,0.5728214,-0.22883645,-0.12901089,2025
35.861176,0.26946273,0.08572514,0.06263962,2025
33.39682,0.41402552,0.03371842,-0.0065283226,2025
34.285492,0.43166265,-0.0650344,0.019560656,2025
28.611572,0.59083927,-0.2047297,-0.17486887,2025
34.969086,0.25438982,0.10215171,0.038726788,2025
35.126312,0.5250105,-0.07906022,0.04302948,2025
33.434418,0.24399893,0.09498092,-0.0053964616,2025
32.43634,0.42658868,0.059170093,-0.036332857,2025
33.653168,0.44843492,-0.027022747,0.0011387472,2025
32.549133,0.28792495,0.059703182,-0.03274164,2025
33.2977,0.47849163,-0.041044958,-0.009524571,2025
34.599945,0.4107064,-0.023171732,0.028471138,2025
32.22101,0.48250267,-0.040281083,-0.04325864,2025
30.993927,0.5339665,-0.13974203,-0.08456232,2025
37.884674,0.29687452,0.045280356,0.11270597,2025
31.766388,0.34119898,0.019245896,-0.058189094,2025
34.91098,0.24777725,0.0416102,0.037126858,2025
32.795227,0.36680692,0.053080004,-0.024991997,2025
33.42758,0.43852806,0.011112773,-0.005602065,2025
32.832825,0.49797386,0.012575488,-0.023818254,2025
35.119476,0.32142204,-0.0034049144,0.042843208,2025
37.242096,0.3214506,0.07925686,0.09739652,2025
27.50412,0.59810096,-0.23771597,-0.22217491,2025
35.512543,0.3751643,0.03741274,0.053437386,2025
36.27478,0.50350434,0.006817544,0.07332739,2025
29.312286,0.60581154,-0.23609479,-0.14678346,2025
33.509613,0.36558038,0.052668743,-0.0031403597,2025
35.826996,0.22896397,0.0567388,0.061745353,2025
33.506195,0.3852483,0.03518682,-0.00324269,2025
29.91043,0.54378504,-0.14035718,-0.12385025,2025
37.68643,0.27686936,0.033103663,0.10803853,2025
34.466644,0.43632805,0.06412148,0.024713721,2025
33.74887,0.45142794,-0.026101992,0.003971261,2025
34.107758,0.24559617,0.11903174,0.014451618,2025
31.838165,0.4242527,-0.005449507,-0.055803467,2025
33.1644,0.49005333,-0.048445754,-0.013582248,2025
31.205841,0.48079967,-0.09736552,-0.077197224,2025
25.71994,0.61012053,-0.28353223,-0.3069566,2025
32.78839,0.37895057,0.0152830575,-0.025205694,2025
32.969543,0.4750326,-0.027129808,-0.019572664,2025
36.08676,0.32217097,-0.050762046,0.06849925,2025
31.653595,0.3707469,0.0066579077,-0.061959796,2025
34.285492,0.31874254,-0.008090958,0.019560656,2025
33.424164,0.38620543,0.028810615,-0.0057048984,2025
33.557465,0.39730334,0.0011187068,-0.0017099229,2025
34.548676,0.35849595,0.107957356,0.027029408,2025
27.343475,0.62448925,-0.23944284,-0.22935526,2025
37.57022,0.17396724,0.075925715,0.10527954,2025
34.883636,0.35869285,0.06386073,0.036372103,2025
34.145355,0.2597199,0.06977933,0.015536811,2025
32.2005,0.36936453,0.025254162,-0.04392307,2025
34.651215,0.25754678,0.0693901,0.0299086,2025
35.55356,0.18150234,0.11212725,0.05452937,2025
32.627747,0.4507164,0.043102592,-0.030253353,2025
35.83725,0.334061,0.016401866,0.062013812,2025
34.535004,0.4205746,-0.02936572,0.026644224,2025
27.175995,0.6025117,-0.23883724,-0.23693155,2025
25.155975,0.66014934,-0.24431114,-0.3362569,2025
33.38315,0.31322774,0.05360277,-0.0069405404,2025
30.091583,0.5012503,-0.08591808,-0.11708464,2025
34.99643,0.32555133,0.1348383,0.039477862,2025
35.24936,0.30321443,0.0042609856,0.04637003,2025
36.804565,0.22984634,-0.017914018,0.08666643,2025
32.89093,0.3641731,0.08953977,-0.022009566,2025
34.18979,0.4223752,-0.021104194,0.016816236,2025
32.781555,0.40298158,-0.01816536,-0.025419481,2025
35.126312,0.2898204,0.031415965,0.04302948,2025
33.653168,0.35543996,-0.01785137,0.0011387472,2025
35.119476,0.3903348,0.011620768,0.042843208,2025
35.76889,0.2305723,0.08408316,0.060221188,2025
34.384613,0.40823928,-0.018301593,0.022386983,2025
32.795227,0.48712295,0.012144872,-0.024991997,2025
32.2381,0.41208276,-0.0017886506,-0.042705595,2025
35.621918,0.3211859,0.015898576,0.05634375,2025
27.750214,0.58259857,-0.19223025,-0.21133645,2025
32.02957,0.5337801,-0.13780887,-0.049494065,2025
33.636078,0.4937592,-0.07876857,0.00063124497,2025
33.27719,0.25920707,0.07487261,-0.010146713,2025
34.548676,0.37114254,0.020689774,0.027029408,2025
32.559387,0.3891645,-0.009587447,-0.0324164,2025
35.87143,0.31935447,0.05911523,0.06290756,2025
33.21225,0.44094673,-0.07101206,-0.012121898,2025
37.146362,0.29868335,-0.03677161,0.09507033,2025
35.7518,0.34782457,0.038337383,0.059771962,2025
34.38803,0.22607088,0.10750177,0.022484152,2025
37.21814,0.32807598,0.00876877,0.09681554,2025
34.056488,0.29625267,0.036715977,0.012967948,2025
33.089172,0.33802676,-0.013663379,-0.015886554,2025
34.159027,0.29067764,0.05360698,0.015930835,2025
35.016937,0.3616884,-0.06482073,0.040040396,2025
35.621918,0.23217136,0.15256223,0.05634375,2025
33.95053,0.33435678,0.085451595,0.009887496,2025
33.037903,0.42276683,-0.038643796,-0.017463047,2025
37.464264,0.18425998,0.09211293,0.10274908,2025
35.307465,0.30007935,0.109582625,0.04793942,2025
35.12973,0.26560208,0.03531058,0.04312259,2025
32.23468,0.5040637,-0.040707007,-0.042816155,2025
34.664886,0.2702441,0.088688344,0.030291205,2025
26.160858,0.60885954,-0.26768607,-0.284929,2025
31.98172,0.44299644,-0.084520645,-0.051064335,2025
33.824066,0.372828,-0.01708341,0.006185563,2025
39.713287,0.30709118,0.04348385,0.15356176,2025
27.299042,0.6184309,-0.24373104,-0.23135623,2025
34.582855,0.22786364,0.13732204,0.027991036,2025
32.631165,0.33834288,0.0022870416,-0.030145437,2025
29.657501,0.5673599,-0.17082803,-0.13343485,2025
26.929901,0.6325279,-0.28311375,-0.248235,2025
35.345062,0.25170824,0.079821385,0.048952155,2025
34.85971,0.37710282,0.039408192,0.035710722,2025
34.986176,0.220191,0.10403506,0.039196346,2025
35.406586,0.31483248,0.024065392,0.050604723,2025
34.299164,0.50183254,-0.033147734,0.019951465,2025
34.75717,0.30572397,-0.0017438695,0.03286592,2025
32.870422,0.516062,-0.024268894,-0.022647196,2025
26.929901,0.6190777,-0.24264397,-0.248235,2025
35.891937,0.42359877,-0.051269207,0.063443,2025
27.582733,0.6013941,-0.24172638,-0.2186916,2025
30.235138,0.4803303,-0.010446863,-0.11178078,2025
37.375397,0.29070494,0.09138984,0.100615695,2025
34.312836,0.42483047,-0.026977964,0.020341963,2025
37.146362,0.20444605,0.047157962,0.09507033,2025
34.278656,0.31099126,0.16585875,0.019365134,2025
35.594574,0.39358565,0.014364667,0.055618834,2025
34.504242,0.289959,0.07452737,0.025776444,2025
29.77713,0.5982577,-0.2006093,-0.12888129,2025
34.012054,0.45371902,-0.015062225,0.011678482,2025
31.062286,0.49085405,-0.10721011,-0.0821755,2025
36.045746,0.20677279,0.08043701,0.06743932,2025
36.473022,0.32203344,0.12756939,0.07836414,2025
31.110138,0.52217233,-0.12745668,-0.08051097,2025
35.06137,0.2562132,0.047120117,0.04125696,2025
34.40854,0.22900745,0.09845129,0.023066761,2025
31.171661,0.5428407,-0.048853517,-0.078378364,2025
33.660004,0.28634304,0.037671044,0.0013416037,2025
35.915863,0.38459703,0.037948668,0.064066894,2025
35.642426,0.28879246,0.0816929,0.056886707,2025
34.95883,0.24567042,0.05161737,0.038444836,2025
35.57065,0.4181381,0.060478836,0.054983616,2025
36.151703,0.34013972,-0.026919084,0.07017256,2025
35.792816,0.28333133,-0.012425953,0.060849387,2025
32.0159,0.50036347,-0.033648185,-0.049942236,2025
30.679474,0.44276205,-0.060958225,-0.09567867,2025
35.645844,0.4124267,0.025064306,0.05697714,2025
35.33481,0.4353926,0.007253105,0.048676167,2025
33.93344,0.27549717,0.015813129,0.009388847,2025
32.432922,0.28423816,0.031954844,-0.03644207,2025
32.35089,0.49365395,-0.014310789,-0.039070148,2025
35.375824,0.2564492,0.072213925,0.049779158,2025
35.556976,0.20986608,0.040251933,0.054620255,2025
35.950043,0.22866072,0.027659444,0.06495674,2025
33.660004,0.27188706,0.08819751,0.0013416037,2025
34.719574,0.2858221,0.12654158,0.031818613,2025
32.849915,0.46698242,-0.044364154,-0.023285624,2025
32.638,0.33594358,0.03656257,-0.029929677,2025
36.6781,0.20111744,0.17538129,0.08351728,2025
33.147278,0.46359137,-0.101445615,-0.014105757,2025
31.592072,0.4739014,-0.02441733,-0.06402789,2025
36.859253,0.19439238,0.09562623,0.088021524,2025
30.959747,0.5069228,-0.08720416,-0.08575968,2025
35.338226,0.2322854,0.012156553,0.04876818,2025
34.480316,0.3298279,0.001930842,0.025100434,2025
39.026276,0.3174257,0.11666333,0.1386612,2025
34.82895,0.27713186,0.048886184,0.03485904,2025
34.080414,0.44499493,0.04069807,0.013660883,2025
34.213715,0.2630387,0.051514648,0.01750378,2025
35.358734,0.29648665,0.025414748,0.04931989,2025
32.979797,0.34788987,0.013982948,-0.019255664,2025
36.40808,0.26723766,0.04525899,0.076720215,2025
33.85141,0.41290703,-0.015832055,0.0069883247,2025
33.22934,0.3364815,-0.0074941604,-0.011601364,2025
35.676605,0.33446085,-0.010714586,0.05779025,2025
27.08371,0.6120392,-0.22373497,-0.24114627,2025
32.364563,0.40191984,0.0017969308,-0.038631212,2025
35.33139,0.3466066,0.05441521,0.048584137,2025
33.424164,0.52646005,-0.07179979,-0.0057048984,2025
38.065826,0.2739491,0.06663772,0.11692853,2025
32.009064,0.42805728,-0.0191093,-0.050166465,2025
34.066742,0.3135913,0.0881278,0.013265039,2025
31.98172,0.5154711,-0.101648584,-0.051064335,2025
35.87143,0.22714265,0.058230028,0.06290756,2025
35.51596,0.31664562,0.06332467,0.05352848,2025
35.577484,0.20802066,0.105883285,0.055165194,2025
32.966125,0.4140688,-0.098163456,-0.019678375,2025
35.639008,0.32010755,-0.012896701,0.05679626,2025
35.748383,0.27149406,0.074750155,0.059682064,2025
36.927612,0.20859845,0.07008121,0.08970975,2025
32.638,0.4348602,-0.07302485,-0.029929677,2025
32.108185,0.3586644,-0.012805882,-0.046924498,2025
34.733246,0.3289089,0.086003006,0.032199714,2025
33.841156,0.3806769,0.005448788,0.006687441,2025
34.128265,0.4055562,-0.052478164,0.015043838,2025
35.912445,0.31021738,0.026587628,0.063977815,2025
32.06375,0.51596427,-0.07330739,-0.048375316,2025
33.957367,0.39929086,-0.023282073,0.010086815,2025
30.30008,0.5296171,-0.09217401,-0.109397925,2025
35.122894,0.38160685,-0.0031131532,0.042936355,2025
36.148285,0.3603645,-0.0257939,0.07008465,2025
36.807983,0.17296076,0.046641085,0.08675124,2025
33.219086,0.43678916,-0.04855349,-0.011913621,2025
33.46518,0.42123327,-0.024370208,-0.0044722855,2025
29.79422,0.59336644,-0.2340089,-0.12823378,2025
33.013977,0.31959757,0.043729544,-0.01820042,2025
35.680023,0.32028252,0.050225485,0.05788051,2025
33.21225,0.52676815,-0.121847935,-0.012121898,2025
34.815277,0.40939394,0.041555617,0.03448003,2025
37.4711,0.2714234,0.13430414,0.10291277,2025
37.447174,0.38284484,0.09995698,0.1023396,2025
34.13852,0.26019207,0.07229795,0.015339682,2025
30.361603,0.56587344,-0.14843988,-0.10714989,2025
36.264526,0.17375867,-0.05967451,0.07306537,2025
31.810822,0.50669664,-0.055217337,-0.056711007,2025
34.62387,0.3765475,0.024183834,0.029142484,2025
37.433502,0.28068504,0.14696658,0.10201175,2025
38.73233,0.2267916,-0.007080234,0.13212438,2025
38.035065,0.20271069,0.086607926,0.11621433,2025
34.03598,0.24805062,0.059493724,0.012373229,2025
32.781555,0.3631767,0.038917437,-0.025419481,2025
33.577972,0.19500244,0.12698266,-0.0010981265,2025
32.648254,0.3566422,0.0024874462,-0.029606204,2025
37.344635,0.29676774,0.015153034,0.09987485,2025
31.954376,0.285914,0.060344934,-0.051963747,2025
31.017853,0.47853032,-0.037357613,-0.083725736,2025
37.01648,0.25490993,0.09102643,0.09189513,2025
28.864502,0.56959,-0.21348113,-0.1645739,2025
28.48169,0.50749606,-0.073187046,-0.18022652,2025
35.492035,0.2606776,0.2550771,0.05289045,2025
35.950043,0.29421997,0.07529387,0.06495674,2025
33.540375,0.44845945,0.04144852,-0.0022203247,2025
35.943207,0.23794062,0.058694817,0.0647789,2025
26.54367,0.63311,-0.27146232,-0.26639777,2025
37.341217,0.24325544,0.089762054,0.09979246,2025
35.56723,0.19194105,0.055114463,0.054892804,2025
33.119934,0.37394023,0.052682914,-0.014943001,2025
32.97638,0.4301705,-0.0012021768,-0.01936131,2025
29.233673,0.48901758,-0.13109823,-0.14986731,2025
28.908936,0.5736562,-0.23188634,-0.16278392,2025
36.011566,0.23980081,0.033863686,0.066554196,2025
37.51895,0.21641733,0.15373656,0.10405691,2025
36.288452,0.2873086,0.03530668,0.07367652,2025
40.759216,0.371783,0.06345595,0.17528234,2025
32.983215,0.33366463,0.042659033,-0.019150041,2025
34.470062,0.4243011,-0.079447165,0.024810428,2025
29.083252,0.5785275,-0.28102046,-0.15581453,2025
36.637085,0.19431737,0.06760875,0.08249127,2025
35.174164,0.2952253,0.07296716,0.04433136,2025
36.534546,0.35216185,0.068317816,0.07991616,2025
32.545715,0.4827172,-0.043697733,-0.032850098,2025
32.019318,0.49845496,-0.08512031,-0.049830157,2025
33.17807,0.40817207,0.00946343,-0.013164575,2025
31.704865,0.39433268,-0.024161074,-0.060242515,2025
35.844086,0.3432139,0.11393527,0.062192697,2025
34.57602,0.20329377,0.091057934,0.027798863,2025
29.066162,0.4933834,-0.08674063,-0.15649411,2025
35.157074,0.41911113,-0.0324211,0.04386681,2025
33.858246,0.31766024,0.040953036,0.0071888124,2025
35.642426,0.34973273,0.036353745,0.056886707,2025
31.680939,0.47141427,-0.022852791,-0.06104322,2025
32.473938,0.45103836,-0.05153603,-0.03513301,2025
30.002716,0.5197706,-0.053623136,-0.12039341,2025
34.32309,0.41832346,0.0067095384,0.020634633,2025
36.346558,0.36474335,0.07764373,0.07515739,2025
33.91977,0.32862645,0.134166,0.008989566,2025
33.239594,0.32064992,0.03762881,-0.0112893,2025
32.62091,0.44668213,-0.006922489,-0.030469248,2025
33.19516,0.45799085,-0.036879648,-0.012642968,2025
29.247345,0.5880255,-0.21473117,-0.14932981,2025
30.874298,0.57050055,-0.19041155,-0.08876468,2025
28.997803,0.6105487,-0.23833326,-0.15922043,2025
33.407074,0.33061695,0.03983304,-0.0062193805,2025
33.806976,0.3277921,0.12625104,0.005683177,2025
34.285492,0.35665652,0.020528274,0.019560656,2025
33.793304,0.4191463,-0.03769563,0.005280903,2025
32.446594,0.40249223,0.06144398,-0.03600535,2025
28.321045,0.5886809,-0.224862,-0.18692107,2025
34.429047,0.2999623,0.04642961,0.023648676,2025
29.161896,0.6219984,-0.23570532,-0.15269753,2025
35.72104,0.3397345,0.08255983,0.05896227,2025
33.266937,0.41710225,0.0072887386,-0.010458072,2025
34.969086,0.29091394,0.036683343,0.038726788,2025
36.72937,0.2534447,0.03140062,0.08479658,2025
36.992554,0.41872334,0.014025648,0.0913078,2025
33.130188,0.416749,0.03879441,-0.014628872,2025
35.26303,0.33446792,0.017966464,0.046739765,2025
33.22592,0.32124665,0.05358486,-0.011705428,2025
35.21176,0.31270236,-0.026071833,0.045351785,2025
34.664886,0.20513564,0.14536147,0.030291205,2025
35.66977,0.3475185,0.0003822652,0.05760968,2025
31.465607,0.47945812,-0.04444431,-0.068304375,2025
32.884094,0.4932235,-0.038994677,-0.022222022,2025
35.806488,0.39656514,0.082683995,0.06120798,2025
32.778137,0.3811402,-0.008201604,-0.025526406,2025
35.358734,0.230199,0.078238405,0.04931989,2025
34.251312,0.36723664,0.0863359,0.018582266,2025
36.370483,0.4058971,-0.026307523,0.07576578,2025
34.049652,0.42718604,-0.02413109,0.012769788,2025
37.21472,0.19285943,0.09935828,0.09673259,2025
33.184906,0.29100963,0.06445637,-0.012955869,2025
33.369476,0.29188514,0.117528014,-0.007353096,2025
35.86801,0.23285548,0.030678,0.06281827,2025
32.2005,0.35269082,0.012904748,-0.04392307,2025
36.684937,0.26537535,0.16738975,0.083688065,2025
36.315796,0.26227316,0.0355316,0.07437399,2025
31.199005,0.52407104,-0.10678277,-0.07743324,2025
36.353394,0.24263036,0.08066874,0.0753313,2025
36.26111,0.17194459,0.086132385,0.072978,2025
34.381195,0.2980118,0.080770254,0.022289796,2025
34.5726,0.19088395,0.0731865,0.027702747,2025
35.273285,0.22462846,0.0633971,0.047016874,2025
32.730286,0.4264494,-0.04669113,-0.027025724,2025
25.272186,0.62508,-0.26766706,-0.33011228,2025
35.437347,0.4600345,-0.017959245,0.051428854,2025
34.613617,0.32187754,0.00727651,0.028854877,2025
32.23468,0.53472036,-0.105024934,-0.042816155,2025
34.504242,0.24847613,0.054557968,0.025776444,2025
35.63217,0.21191207,0.10309189,0.056615308,2025
34.230804,0.3662536,-0.015433865,0.017994294,2025
32.42267,0.3962631,-0.0067020427,-0.036769856,2025
33.147278,0.49488083,-0.047001094,-0.014105757,2025
32.945618,0.4195757,0.053464312,-0.020313099,2025
30.66922,0.5237297,-0.13788259,-0.096045,2025
31.739044,0.4728897,-0.010799042,-0.059100743,2025
25.241425,0.64521784,-0.23919284,-0.3317333,2025
35.611664,0.368582,-0.015995909,0.056072038,2025
36.15512,0.37335926,0.029600529,0.070260465,2025
33.64633,0.38794696,0.03221456,0.0009358081,2025
34.62387,0.32198122,0.022987723,0.029142484,2025
34.86313,0.28546596,0.06256184,0.03580526,2025
38.455475,0.272034,0.060250334,0.12587622,2025
32.25177,0.41558495,0.048162684,-0.04226358,2025
33.472015,0.4519818,0.019122027,-0.0042671436,2025
28.837158,0.6538192,-0.26375318,-0.16567816,2025
35.51596,0.26885062,0.032256722,0.05352848,2025
33.256683,0.42838824,0.07528203,-0.010769622,2025
33.41391,0.43371713,-0.09892278,-0.0060135243,2025
33.847992,0.3804483,0.04344609,0.00688805,2025
32.244934,0.34449473,0.019947784,-0.04248454,2025
35.950043,0.29622573,0.049920715,0.06495674,2025
34.856293,0.24468797,0.11781233,0.035616163,2025
37.019897,0.29416636,0.04246032,0.091978975,2025
33.359222,0.43910432,-0.003874167,-0.0076627345,2025
33.629242,0.49394143,-0.014759488,0.00042809968,2025
34.162445,0.39200515,0.008927193,0.01602929,2025
35.088715,0.23434743,0.108754806,0.042004086,2025
31.824493,0.45045745,-0.011917049,-0.056257043,2025
35.994476,0.3073331,0.064570665,0.066111006,2025
33.32846,0.35231936,0.001094498,-0.008592794,2025
34.54184,0.41985217,-0.011263187,0.026836855,2025
32.747375,0.31081647,0.061495826,-0.02648975,2025
35.587738,0.2456463,0.057638917,0.05543743,2025
35.65268,0.234291,0.11104455,0.057157952,2025
34.176117,0.4283433,0.039988954,0.016422922,2025
36.199554,0.28306827,-0.0032246457,0.071401685,2025
33.858246,0.52604544,-0.058309227,0.0071888124,2025
34.805023,0.33316445,0.036360495,0.03419558,2025
35.95346,0.33367696,0.011208525,0.065045625,2025
36.66101,0.26233265,0.02857038,0.08309006,2025
33.24301,0.44520643,-0.0057521593,-0.011185322,2025
34.719574,0.45759475,-0.049414676,0.031818613,2025
35.6185,0.39371055,0.003710595,0.0562532,2025
34.23764,0.35348237,-0.0037495778,0.018190363,2025
35.98764,0.28598827,0.050479744,0.065933615,2025
35.90561,0.22658755,0.03939435,0.06379961,2025
34.972504,0.3951621,0.08308105,0.038820736,2025
32.227844,0.35199767,0.05244662,-0.04303735,2025
34.343597,0.30206415,0.07883533,0.021219447,2025
35.977386,0.18892238,0.05109193,0.06566739,2025
34.681976,0.27485302,0.033282638,0.030769037,2025
33.571136,0.42717567,0.007222261,-0.0013019756,2025
28.840576,0.5180751,-0.07683969,-0.16554001,2025
34.326508,0.36163557,-0.02773532,0.02073215,2025
35.040863,0.21762115,0.10725656,0.04069585,2025
33.91635,0.2700285,0.073825486,0.008889696,2025
26.970917,0.62265456,-0.2512702,-0.24633677,2025
32.248352,0.37983048,-0.0049559507,-0.04237405,2025
34.972504,0.25005516,0.063520715,0.038820736,2025
30.48465,0.49584067,-0.1660836,-0.10268104,2025
37.457428,0.37861943,0.041021418,0.10258533,2025
33.909515,0.4089914,0.03479713,0.008689894,2025
26.236053,0.6174616,-0.30062062,-0.28124624,2025
39.65518,0.26754132,0.07643681,0.1523215,2025
35.304047,0.19835466,0.11230293,0.047847245,2025
33.519867,0.2554776,0.07229295,-0.0028334938,2025
35.410004,0.34884095,0.013051714,0.05069636,2025
35.495453,0.20184487,0.06553305,0.05298165,2025
33.51645,0.30490634,0.046853285,-0.0029357616,2025
29.243927,0.5118462,-0.09061608,-0.14946413,2025
35.310883,0.30886334,0.0010143522,0.048031576,2025
33.27719,0.36074135,0.052133217,-0.010146713,2025
25.067108,0.63709736,-0.28960413,-0.34099415,2025
36.12436,0.18999031,0.1013707,0.069468744,2025
34.0018,0.3574529,-0.035756156,0.011380434,2025
37.542877,0.21226741,0.045148212,0.104627885,2025
31.260529,0.5493075,-0.11992918,-0.07531276,2025
32.40558,0.40715984,0.03207351,-0.03731662,2025
34.131683,0.4484021,-0.036191165,0.015142472,2025
24.920105,0.65934676,-0.22994797,-0.34890464,2025
33.301117,0.35831633,-0.007143992,-0.009420956,2025
34.200043,0.3694432,0.01215841,0.017111015,2025
33.475433,0.49789792,-0.0658758,-0.004164604,2025
34.487152,0.23392221,0.061703656,0.025293674,2025
34.18637,0.44063157,-0.03037279,0.016717937,2025
34.275238,0.25094298,0.034142293,0.019267343,2025
34.548676,0.3048046,0.023349416,0.027029408,2025
34.398285,0.37374848,0.012940453,0.022775544,2025
33.991547,0.30980113,0.11033008,0.011082207,2025
31.363068,0.49345148,-0.044772785,-0.07179711,2025
33.875336,0.21967974,0.08043297,0.0076896776,2025
32.29962,0.46920788,-0.054230813,-0.040719476,2025
33.342133,0.48454022,-0.08793102,-0.008179222,2025
33.58139,0.21253836,0.06680534,-0.0009962332,2025
32.0159,0.41630235,0.021036882,-0.049942236,2025
36.414917,0.3265909,0.06588721,0.07689354,2025
29.749786,0.45231313,-0.08268995,-0.12991887,2025
29.281525,0.52499634,-0.12551107,-0.14798822,2025
28.761963,0.5542761,-0.227233,-0.1687257,2025
29.15506,0.5847756,-0.20484723,-0.15296781,2025
32.467102,0.43535796,0.00017222515,-0.03535096,2025
36.572144,0.23012735,-0.0034752444,0.080862045,2025
34.059906,0.35640076,0.01569587,0.013066998,2025
33.724945,0.39341253,0.04393332,0.0032646395,2025
24.882507,0.61174786,-0.2592543,-0.35094285,2025
35.16391,0.3737525,0.021158597,0.044052687,2025
35.68344,0.26956603,0.08323864,0.05797075,2025
35.748383,0.304889,0.023258254,0.059682064,2025
33.17807,0.2919204,0.036979854,-0.013164575,2025
31.15799,0.49224204,-0.02331622,-0.07885155,2025
32.56964,0.45570442,-0.09059502,-0.032091364,2025
33.338715,0.27415323,0.08677509,-0.008282583,2025
35.799652,0.37902012,0.11782457,0.061028715,2025
32.89435,0.41988394,0.02037753,-0.021903371,2025
26.71457,0.64074117,-0.270735,-0.25829637,2025
34.924652,0.2543567,0.06814418,0.03750379,2025
37.532623,0.27176493,0.065065704,0.104383275,2025
33.2601,0.48258042,-0.048910324,-0.010665751,2025
33.622406,0.47436,-0.06156756,0.00022487176,2025
36.890015,0.35866892,0.05750419,0.088782005,2025
32.326965,0.34438863,0.034402587,-0.039839186,2025
24.9953,0.63034153,-0.2566457,-0.34484664,2025
35.799652,0.2869689,0.032764927,0.061028715,2025
37.94278,0.3302559,0.020275556,0.11406477,2025
25.067108,0.6359487,-0.24226175,-0.34099415,2025
35.526215,0.24313264,0.09385359,0.05380166,2025
36.059418,0.34885284,0.041167945,0.0677929,2025
30.563263,0.5094429,-0.064015955,-0.09984478,2025
34.887054,0.43325183,-0.03998341,0.036466513,2025
35.379242,0.40813136,-0.07165843,0.049870957,2025
37.026733,0.33144188,0.04908485,0.09214661,2025
35.068207,0.39584765,-0.040657606,0.04144385,2025
31.178497,0.5037575,-0.11253995,-0.07814193,2025
33.31137,0.3998988,0.03289031,-0.009110236,2025
32.022736,0.4620086,-0.021178044,-0.049718104,2025
33.605316,0.33052182,-0.018886685,-0.00028355973,2025
34.719574,0.46721226,-0.111356884,0.031818613,2025
35.621918,0.21878484,0.07963985,0.05634375,2025
35.375824,0.29390717,0.10724407,0.049779158,2025
33.020813,0.30564713,0.035805,-0.017989632,2025
29.790802,0.49823818,-0.083697945,-0.12836322,2025
35.235687,0.28486717,0.10468752,0.04600001,2025
40.184967,0.30584833,0.14759688,0.163497,2025
31.899689,0.5402212,-0.12841481,-0.05376719,2025
32.64142,0.47934365,-0.066786624,-0.02982183,2025
35.239105,0.20781204,0.09519482,0.046092544,2025
34.145355,0.46817982,-0.026670508,0.015536811,2025
29.107208,0.51573527,-0.106314756,-0.15486325,2025
33.492523,0.2603291,0.13106325,-0.0036522206,2025
34.40512,0.30898637,0.031922523,0.022969708,2025
32.142365,0.313735,0.049053412,-0.045811214,2025
35.874847,0.27184618,0.09208473,0.06299684,2025
35.167328,0.26007307,0.024945352,0.044145595,2025
34.213715,0.49829814,-0.05856589,0.01750378,2025
31.397247,0.5380158,-0.112338506,-0.070630334,2025
34.866547,0.26975375,0.0438481,0.03589978,2025
36.466187,0.29564276,0.054173414,0.07819138,2025
34.654633,0.42319506,-0.049489897,0.03000428,2025
35.895355,0.38400295,0.0060134614,0.06353217,2025
33.889008,0.3871267,0.050009567,0.008090006,2025
32.867004,0.47535247,-0.100326955,-0.022753546,2025
34.873383,0.28436375,0.084900334,0.036088765,2025
31.103302,0.5055336,-0.10364693,-0.08074845,2025
29.99588,0.46812123,-0.045562897,-0.12064874,2025
37.7377,0.30976507,0.16212283,0.10925032,2025
33.90268,0.3849988,0.026417289,0.008490012,2025
31.386993,0.49140507,-0.09163807,-0.070980094,2025
35.43393,0.21283282,0.09310676,0.051337354,2025
35.355316,0.40333655,-0.009193939,0.049227983,2025
33.14044,0.46775022,0.0038795832,-0.014314938,2025
35.762054,0.24024355,0.031091759,0.06004155,2025
34.483734,0.31841817,0.10369999,0.025197065,2025
34.384613,0.35750183,-0.035940915,0.022386983,2025
26.362518,0.6471257,-0.26690656,-0.27509993,2025
33.49936,0.44892156,0.01174865,-0.0034474137,2025
33.020813,0.32771,0.033852633,-0.017989632,2025
25.073944,0.6460934,-0.24527214,-0.34062853,2025
35.023773,0.28263342,0.031150695,0.04022776,2025
32.214172,0.44668433,0.009719901,-0.04348002,2025
37.46768,0.2942383,0.119569145,0.10283093,2025
29.336212,0.5115715,-0.11681152,-0.14584818,2025
33.745453,0.47703868,-0.1557271,0.0038703764,2025
30.734161,0.56587136,-0.16187485,-0.09372906,2025
34.497406,0.41638523,-0.012955789,0.025583394,2025
34.02231,0.36405033,0.02342929,0.01197635,2025
34.582855,0.30820408,0.016316347,0.027991036,2025
31.229767,0.4870114,-0.051957086,-0.07637196,2025
32.52179,0.45689586,-0.046762377,-0.03360995,2025
35.690277,0.23688664,0.027441919,0.05815118,2025
30.727325,0.49852273,-0.05471129,-0.09397238,2025
32.43634,0.42840168,-0.036960807,-0.036332857,2025
31.824493,0.46982512,-0.02191135,-0.056257043,2025
36.51062,0.45194834,0.023527952,0.07931322,2025
31.821075,0.40422103,0.048897963,-0.056370497,2025
35.157074,0.38693464,-0.023860628,0.04386681,2025
27.025604,0.5964599,-0.257258,-0.24381475,2025
35.321136,0.45096043,-0.07271838,0.048307937,2025
35.204926,0.46280584,-0.010030621,0.045166414,2025
35.546722,0.2416596,0.06310426,0.054347545,2025
33.88217,0.21803406,0.0633787,0.007889883,2025
30.460724,0.4817235,-0.04885722,-0.103547156,2025
33.167816,0.3920106,-0.013848848,-0.013477798,2025
31.59549,0.4840451,-0.05978232,-0.06391279,2025
36.26111,0.4317524,-0.0070152986,0.072978,2025
33.407074,0.39468735,-0.009766874,-0.0062193805,2025
31.472443,0.47030503,-0.020846715,-0.068072334,2025
33.19516,0.4671324,-0.052893043,-0.012642968,2025
33.307953,0.47843048,0.0054970826,-0.0092137875,2025
28.820068,0.5599464,-0.16070077,-0.16636938,2025
34.42563,0.37842992,0.06689815,0.023551738,2025
36.3739,0.40750825,0.045775834,0.07585263,2025
34.299164,0.3522531,0.08096276,0.019951465,2025
34.528168,0.45181265,0.03523856,0.026451519,2025
33.24643,0.40510693,0.051363,-0.011081365,2025
31.22293,0.47514665,-0.12570319,-0.076607615,2025
32.67218,0.3229177,-0.017612165,-0.028852224,2025
35.522797,0.2769233,0.078705035,0.053710617,2025
35.36557,0.28620562,0.049602643,0.04950365,2025
31.605743,0.3032672,0.0086499145,-0.063567616,2025
36.455933,0.26731777,0.01209074,0.0779321,2025
34.275238,0.25407735,0.07742442,0.019267343,2025
35.3519,0.27037108,0.0446381,0.049136057,2025
36.17221,0.2165614,0.08205724,0.07069973,2025
36.71228,0.24022657,0.098944515,0.084370546,2025
27.03244,0.6491082,-0.2917893,-0.24350022,2025
33.670258,0.40409166,0.02788672,0.0016457342,2025
31.568146,0.30080232,0.07515422,-0.06483433,2025
32.542297,0.37856805,0.021382691,-0.03295858,2025
33.906097,0.37632906,-0.025206814,0.008589963,2025
32.23468,0.44054535,0.016458023,-0.042816155,2025
36.370483,0.35058236,-0.03871814,0.07576578,2025
30.546173,0.5212471,-0.16760823,-0.10046012,2025
34.18637,0.27835727,0.03611881,0.016717937,2025
32.638,0.4465492,0.0050479285,-0.029929677,2025
32.829407,0.38517016,0.06588575,-0.023924846,2025
36.165375,0.2450305,0.039713368,0.070524074,2025
31.113556,0.47428417,0.01852951,-0.08039227,2025
28.628662,0.587354,-0.19643356,-0.17416753,2025
32.473938,0.47565383,-0.040866036,-0.03513301,2025
33.054993,0.3140971,0.08678049,-0.016937006,2025
34.579437,0.368647,0.0005431648,0.027894959,2025
35.321136,0.40252534,-0.06470755,0.048307937,2025
34.603363,0.35458753,-0.03347208,0.0285671,2025
26.465057,0.63293993,-0.22102825,-0.27015954,2025
34.753754,0.4601685,-0.04954122,0.0327708,2025
35.505707,0.34201133,0.033133842,0.053255145,2025
36.384155,0.26546827,0.06496852,0.076113075,2025
35.22885,0.23705874,0.10235866,0.045814894,2025
33.434418,0.31148806,0.09004997,-0.0053964616,2025
36.852417,0.31590816,0.17462234,0.08785236,2025
31.868927,0.481721,-0.04415917,-0.054784343,2025
33.393402,0.36169958,0.0012167053,-0.006631345,2025
34.39145,0.31744805,0.09112007,0.022581302,2025
31.680939,0.46816266,-0.057863276,-0.06104322,2025
38.90323,0.2035134,0.011894712,0.13593687,2025
31.674103,0.43298513,-0.018384006,-0.061272215,2025
34.511078,0.38798937,0.019273432,0.025969418,2025
33.8685,0.45224282,-0.012830697,0.007489392,2025
32.528625,0.4375992,0.024969596,-0.033392735,2025
33.32846,0.28937763,0.076471284,-0.008592794,2025
31.00418,0.4169457,-0.0057899216,-0.08420362,2025
33.76596,0.48583928,-0.024063488,0.0044753775,2025
34.753754,0.34941316,0.15014438,0.0327708,2025
32.248352,0.42623374,-0.0063634757,-0.04237405,2025
35.006683,0.37358016,0.056102518,0.03975921,2025
28.88501,0.5412281,-0.11433273,-0.16374706,2025
29.907013,0.5399893,-0.1608565,-0.12397869,2025
31.5784,0.46197712,-0.04265932,-0.06448856,2025
34.74008,0.31805807,0.018587666,0.03239015,2025
33.424164,0.44151348,0.030341357,-0.0057048984,2025
35.840668,0.17406426,0.03741753,0.062103264,2025
31.263947,0.46802992,-0.027850192,-0.0751952,2025
33.181488,0.3179429,0.046681385,-0.013060211,2025
33.09601,0.25880492,0.026885116,-0.015676724,2025
33.417328,0.3822374,-0.041884694,-0.005910628,2025
37.156616,0.34699,0.1282649,0.09532006,2025
34.27182,0.30323076,0.08795236,0.019169534,2025
32.92511,0.3716587,0.020936705,-0.020948613,2025
32.726868,0.42005217,-0.04477835,-0.027132984,2025
36.708862,0.31089666,-0.002512445,0.08428529,2025
35.816742,0.38995898,0.04656407,0.061476745,2025
32.056915,0.4275119,-0.0680858,-0.048598874,2025
34.02231,0.38543892,0.08484752,0.01197635,2025
31.858673,0.5166269,-0.071447045,-0.055123832,2025
36.33972,0.2857904,0.00098032,0.07498341,2025
31.17508,0.43663615,0.00387512,-0.07826014,2025
34.148773,0.38300657,0.0024859402,0.015635347,2025
29.278107,0.51510084,-0.10206282,-0.14812224,2025
35.218597,0.40291712,0.04726567,0.04553708,2025
32.85675,0.39612043,-0.088420786,-0.023072725,2025
35.153656,0.23857336,0.09560775,0.043773845,2025
36.26111,0.2582363,-0.024348116,0.072978,2025
33.73178,0.3055686,0.07774718,0.0034666338,2025
29.13797,0.5540897,-0.16065603,-0.15364404,2025
35.269867,0.3527323,0.04027344,0.046924524,2025
31.434845,0.48766533,-0.0758646,-0.0693498,2025
34.569183,0.43124714,-0.05989391,0.027606614,2025
37.82657,0.3054452,0.014098766,0.11134299,2025
31.110138,0.5019281,-0.06816222,-0.08051097,2025
32.002228,0.46086723,0.013925444,-0.050390787,2025
33.318207,0.45173138,-0.016533457,-0.008903195,2025
36.19272,0.19500038,0.09162923,0.07122629,2025
34.77768,0.33519378,0.14748843,0.03343622,2025
33.335297,0.41644895,-0.016321098,-0.008385966,2025
37.019897,0.22960989,0.095034435,0.091978975,2025
26.20871,0.62023187,-0.26844707,-0.282583,2025
36.753296,0.3479159,0.077842385,0.085392356,2025
35.46469,0.23867974,-0.014293065,0.052160215,2025
30.303497,0.5032448,-0.12581746,-0.1092728,2025
32.849915,0.34499007,0.028348869,-0.023285624,2025
31.1409,0.5382683,-0.10690466,-0.07944361,2025
36.749878,0.2811739,0.060394917,0.08530729,2025
29.951447,0.54866403,-0.13528512,-0.12231125,2025
34.52133,0.26916298,0.12868808,0.026258735,2025
34.613617,0.55631936,-0.16845445,0.028854877,2025
34.579437,0.34215534,-0.044416778,0.027894959,2025
30.453888,0.47586355,-0.094079204,-0.10379487,2025
35.86801,0.30927163,0.044903256,0.06281827,2025
35.505707,0.296246,0.13531281,0.053255145,2025
31.985138,0.5272104,-0.070831515,-0.050952017,2025
35.70053,0.387758,0.047895968,0.0584217,2025
32.40558,0.41051185,0.018293181,-0.03731662,2025
35.49887,0.31221324,0.024521213,0.053072833,2025
33.847992,0.42011392,-0.019228958,0.00688805,2025
32.374817,0.52351886,-0.18371907,-0.03830225,2025
28.929443,0.5991065,-0.20180386,-0.16195963,2025
33.796722,0.33478755,0.035997476,0.005381502,2025
34.347015,0.3283105,-0.025049068,0.021316849,2025
30.88797,0.3358636,-0.026277091,-0.088282764,2025
28.1604,0.56975174,-0.23416564,-0.19369203,2025
30.717072,0.50526124,-0.117589004,-0.09433757,2025
32.53546,0.27153963,0.07447662,-0.033175614,2025
36.083344,0.34540325,0.03275282,0.068411015,2025
36.07309,0.25804928,0.062477197,0.06814621,2025
35.38266,0.20573755,0.05663077,0.04996274,2025
33.09601,0.5091716,-0.051314484,-0.015676724,2025
34.367523,0.35397935,0.02219682,0.021900848,2025
34.012054,0.36884052,-0.019145356,0.011678482,2025
28.63208,0.5234951,-0.12309429,-0.17402735,2025
30.73758,0.47097015,-0.044013612,-0.09360743,2025
25.203827,0.6472473,-0.24827643,-0.33371988,2025
32.853333,0.49997547,-0.08126089,-0.023179162,2025
32.651672,0.37104926,-0.0041839853,-0.029498424,2025
29.30545,0.5265007,-0.098382995,-0.14705096,2025
30.894806,0.5302402,-0.06457377,-0.08804196,2025
34.292328,0.30543622,0.03336957,0.0197561,2025
33.301117,0.27051717,0.060463615,-0.009420956,2025
34.982758,0.25657487,0.07032502,0.039102472,2025
36.568726,0.24097182,0.063696735,0.08077613,2025
32.583313,0.4339279,0.036850348,-0.0316583,2025
35.09555,0.44045824,-0.03960091,0.042190682,2025
35.160492,0.46137258,-0.027100421,0.043959755,2025
34.787933,0.28143388,0.033737104,0.03372112,2025
32.491028,0.32684255,0.018833134,-0.034588546,2025
32.83966,0.44370005,0.030928098,-0.023605134,2025
32.528625,0.37016186,0.0030977472,-0.033392735,2025
32.58673,0.3065986,0.08456817,-0.03155009,2025
37.019897,0.30845198,0.046016894,0.091978975,2025
31.00418,0.49166504,-0.051169682,-0.08420362,2025
34.921234,0.31304297,0.05898959,0.037409585,2025
29.548126,0.55491775,-0.1940622,-0.13763036,2025
31.506622,0.490099,-0.082893565,-0.06691364,2025
33.991547,0.3928571,0.019061737,0.011082207,2025
30.170197,0.48953903,-0.0837935,-0.11417389,2025
32.610657,0.46131364,-0.093597226,-0.030793263,2025
35.878265,0.36183023,0.07524022,0.06308611,2025
32.15265,0.45155117,-0.016648576,-0.0454767,2025
35.73471,0.25709215,0.02757112,0.059322305,2025
32.18683,0.3460143,-0.02966776,-0.04436649,2025
33.174652,0.4079828,0.006131112,-0.013268962,2025
35.355316,0.25584015,-0.025564324,0.049227983,2025
34.20346,0.33991253,0.03221323,0.017209236,2025
34.483734,0.25445807,0.046106283,0.025197065,2025
31.5784,0.43979877,-0.0030203615,-0.06448856,2025
26.659882,0.5997151,-0.24222407,-0.26087752,2025
25.945526,0.6115453,-0.25509936,-0.2955931,2025
32.583313,0.42297715,0.028112948,-0.0316583,2025
32.549133,0.53405684,-0.033540633,-0.03274164,2025
33.981293,0.42526987,0.028786557,0.0107838,2025
28.232178,0.45298633,-0.056076318,-0.19065718,2025
35.72104,0.30124807,0.007282373,0.05896227,2025
34.805023,0.29328573,0.06846366,0.03419558,2025
34.688812,0.44711602,0.039732542,0.030960038,2025
32.928528,0.18927513,0.006604745,-0.02084264,2025
31.171661,0.36163118,0.02333858,-0.078378364,2025
33.359222,0.43194288,-0.015831064,-0.0076627345,2025
33.960785,0.31155083,0.060570013,0.010186444,2025
34.03598,0.21281403,0.075429045,0.012373229,2025
32.11844,0.4221407,0.022041438,-0.046590265,2025
33.174652,0.4461093,-0.104473874,-0.013268962,2025
30.453888,0.53737503,-0.12232107,-0.10379487,2025
30.481232,0.54877883,-0.11631371,-0.10280469,2025
30.597443,0.45557898,-0.021245398,-0.09861617,2025
33.7352,0.47125834,-0.037811242,0.0035676002,2025
25.060272,0.63303274,-0.2848334,-0.34135994,2025
36.237183,0.35640064,-0.025346093,0.072365925,2025
36.924194,0.26205736,0.075427786,0.08962549,2025
35.290375,0.26097438,0.06314601,0.04747837,2025
31.834747,0.51791346,-0.017510528,-0.055916823,2025
34.95883,0.24192162,0.03377903,0.038444836,2025
34.23764,0.37263912,0.01580598,0.018190363,2025
32.78839,0.38637272,0.004144196,-0.025205694,2025
33.509613,0.46745497,-0.06930838,-0.0031403597,2025
34.630707,0.27105168,0.07170637,0.029334126,2025
33.577972,0.24191248,0.11267654,-0.0010981265,2025
34.82895,0.50734955,-0.11062467,0.03485904,2025
32.40216,0.35696402,0.048599795,-0.037426043,2025
37.761627,0.38454753,0.08048502,0.1098147,2025
33.020813,0.42041832,-0.011640214,-0.017989632,2025
33.85141,0.3181175,0.0143740475,0.0069883247,2025
30.898224,0.5347947,-0.13674028,-0.087921605,2025
33.97104,0.356342,0.078470446,0.010485212,2025
33.96762,0.28628635,0.041244674,0.010385643,2025
27.541718,0.59919274,-0.21697503,-0.2205065,2025
33.53012,0.3956342,0.0655001,-0.0025268155,2025
31.335724,0.506131,-0.047487635,-0.07273237,2025
30.758087,0.48930237,-0.07833273,-0.092878275,2025
34.35385,0.26525947,0.043498978,0.021511592,2025
34.213715,0.28315935,0.038535874,0.01750378,2025
27.575897,0.6113455,-0.24301967,-0.21899371,2025
36.83191,0.22231811,0.06473598,0.087344475,2025
36.056,0.3314745,-0.010767312,0.06770453,2025
34.941742,0.33274695,-0.035370763,0.037974544,2025
35.826996,0.2136633,0.075466335,0.061745353,2025
30.245392,0.52218205,-0.12289707,-0.11140386,2025
29.900177,0.5016208,-0.06374987,-0.12423566,2025
34.435883,0.20902932,0.06361753,0.023842493,2025
32.593567,0.3614689,-0.0018718669,-0.03133374,2025
32.634583,0.4818808,0.021868525,-0.030037545,2025
32.90802,0.45736554,-0.006573612,-0.021478815,2025
30.696564,0.5241783,-0.11225872,-0.09506867,2025
28.703857,0.576011,-0.1633547,-0.17109156,2025
36.032074,0.19027467,0.07671228,0.067085475,2025
38.352936,0.28114486,0.10333387,0.12353919,2025
32.78839,0.37197042,0.01843603,-0.025205694,2025
35.057953,0.29751557,0.047058728,0.04116349,2025
31.974884,0.45090953,0.013320966,-0.051289044,2025
34.86313,0.23335645,0.058170687,0.03580526,2025
34.934906,0.36879274,-0.007437501,0.037786298,2025
28.355225,0.578581,-0.14943643,-0.18549035,2025
32.28253,0.43046388,0.01617838,-0.041270416,2025
34.347015,0.46939754,-0.023252204,0.021316849,2025
35.23227,0.1904424,0.09280601,0.04590746,2025
33.59848,0.365721,0.0038221676,-0.00048707714,2025
33.64975,0.3064239,0.007979139,0.001037288,2025
33.013977,0.30702332,0.04342318,-0.01820042,2025
34.91098,0.37289983,-0.036630724,0.037126858,2025
35.946625,0.20297572,0.097640045,0.06486783,2025
36.404663,0.31077978,0.025203997,0.07663353,2025
34.58969,0.44335076,-0.012462127,0.028183134,2025
30.751251,0.5204832,-0.12250799,-0.09312122,2025
32.928528,0.40576723,0.020684887,-0.02084264,2025
34.80844,0.446108,-0.0255675,0.034290414,2025
35.628754,0.34291327,-0.009117443,0.056524806,2025
33.02765,0.35951236,-0.0016464863,-0.017778933,2025
30.846954,0.5019506,-0.06642598,-0.08972979,2025
34.85971,0.31933072,0.032930173,0.035710722,2025
33.489105,0.2823813,0.043089263,-0.0037546554,2025
32.296204,0.43618834,-0.005651626,-0.040829618,2025
32.651672,0.45662117,-0.08307375,-0.029498424,2025
36.182465,0.43021724,-0.096211575,0.070963085,2025
34.664886,0.39623055,0.024873,0.030291205,2025
29.209747,0.51764494,-0.14609142,-0.15080918,2025
26.41037,0.5815954,-0.22033054,-0.27278966,2025
36.920776,0.38943246,-0.018618189,0.08954121,2025
35.51938,0.28411528,0.011294176,0.05361956,2025
35.90219,0.17797066,0.02857919,0.06371048,2025
35.023773,0.29598546,0.095366344,0.04022776,2025
34.292328,0.52955216,0.0026665686,0.0197561,2025
35.293793,0.19685932,0.08387585,0.047570616,2025
32.90802,0.4682789,-0.06250181,-0.021478815,2025
32.87384,0.33606008,0.053202696,-0.02254087,2025
34.79135,0.42071393,-0.00183052,0.03381605,2025
31.479279,0.43083155,0.017988218,-0.0678404,2025
31.79715,0.44214422,0.010979155,-0.057165362,2025
34.887054,0.46125895,-0.11883826,0.036466513,2025
32.730286,0.39024836,0.016123105,-0.027025724,2025
35.73813,0.22507931,0.036039535,0.05941227,2025
34.62387,0.39575693,0.038749155,0.029142484,2025
35.51596,0.337653,0.11023965,0.05352848,2025
33.47885,0.3959709,0.003981606,-0.0040620854,2025
35.659515,0.21356459,0.103258975,0.057338696,2025
33.95395,0.32333472,0.100269124,0.009987165,2025
33.424164,0.45550135,0.06205746,-0.0057048984,2025
36.336304,0.23621131,0.036639355,0.0748964,2025
28.997803,0.6256963,-0.24955787,-0.15922043,2025
33.116516,0.48167983,-0.059838504,-0.015047753,2025
35.830414,0.37725073,-0.03464134,0.061834857,2025
34.620453,0.21488835,0.06057975,0.029046634,2025
33.964203,0.30758452,0.0133868335,0.010286054,2025
31.950958,0.5468555,-0.117187366,-0.05207628,2025
32.80548,0.4673956,0.039426945,-0.024671618,2025
34.856293,0.24248104,0.065308444,0.035616163,2025
33.660004,0.3996169,-0.0025462976,0.0013416037,2025
34.67514,0.45215774,-0.044886686,0.030577961,2025
31.838165,0.31429014,0.054131962,-0.055803467,2025
34.193207,0.37774575,-0.059770755,0.016914515,2025
38.07608,0.21647832,0.11150937,0.11716634,2025
36.346558,0.40760183,0.05962555,0.07515739,2025
34.62387,0.35397756,0.03634174,0.029142484,2025
27.575897,0.6102294,-0.23196393,-0.21899371,2025
32.58673,0.4028129,0.0022313439,-0.03155009,2025
31.17508,0.46043432,0.0051305806,-0.07826014,2025
34.941742,0.3805639,-0.011654311,0.037974544,2025
36.076508,0.23332407,0.05661278,0.068234496,2025
37.105347,0.32595143,-0.031786088,0.09407004,2025
32.35431,0.27114782,0.065602355,-0.038960382,2025
35.02719,0.22276753,0.08766061,0.040321413,2025
36.384155,0.28814575,0.040051457,0.076113075,2025
36.483276,0.20618962,0.060304355,0.078623176,2025
29.842072,0.5768062,-0.18358205,-0.12642466,2025
32.145813,0.31373197,0.047045402,-0.045699023,2025
35.14682,0.30093023,0.13587292,0.043587863,2025
36.202972,0.2553812,0.05060432,0.07148936,2025
34.64096,0.38402733,0.00089074956,0.029621448,2025
35.457855,0.389407,0.053259797,0.051977478,2025
32.138947,0.343364,0.03352974,-0.045922436,2025
33.56772,0.29008228,0.0929092,-0.0014039313,2025
35.41684,0.35944125,0.02129685,0.05087959,2025
31.339142,0.40629736,0.045346025,-0.07261537,2025
34.01889,0.42806068,-0.008122908,0.01187708,2025
34.4769,0.34541667,0.0999854,0.025003783,2025
32.9422,0.41061115,-0.0047010817,-0.020418962,2025
33.61557,0.3676778,0.031431075,2.1561213e-05,2025
34.090668,0.44802302,-0.0054242816,0.013957557,2025
33.738617,0.45378676,0.019227948,0.003668546,2025
37.59073,0.36827233,0.017799098,0.10576766,2025
34.264984,0.4079771,-0.02846108,0.018973855,2025
33.947113,0.53542715,-0.13835964,0.009787806,2025
33.133606,0.33281308,0.03119956,-0.014524206,2025
35.724457,0.24142803,0.06665559,0.059052303,2025
27.114471,0.6214026,-0.2466296,-0.23973817,2025
31.339142,0.50010616,-0.0554726,-0.07261537,2025
31.045197,0.34303403,-0.016981844,-0.08277122,2025
37.18396,0.2855671,0.02645179,0.09598533,2025
33.19516,0.3554176,0.014914102,-0.012642968,2025
35.12973,0.1965296,0.12604417,0.04312259,2025
27.558807,0.62760144,-0.19154266,-0.21974963,2025
32.292786,0.4977719,-0.113306105,-0.04093978,2025
34.729828,0.25222906,0.1028037,0.032104466,2025
31.168243,0.51128256,-0.11607803,-0.07849662,2025
32.16974,0.39357963,-0.011711807,-0.0449213,2025
31.985138,0.3519593,-0.024272928,-0.050952017,2025
32.97296,0.47641194,-0.12142111,-0.019466976,2025
33.625824,0.43537146,0.041521877,0.00032649605,2025
33.612152,0.52286214,-0.021688754,-8.012508e-05,2025
33.981293,0.29437113,0.08010973,0.0107838,2025
36.281616,0.25448006,0.16784643,0.07350199,2025
30.183868,0.56075037,-0.120504454,-0.113669224,2025
37.6044,0.32992196,0.118014336,0.10609278,2025
37.38907,0.30679595,0.17845942,0.100944564,2025
35.611664,0.20967335,0.12390029,0.056072038,2025
32.966125,0.24589126,0.07593251,-0.019678375,2025
34.247894,0.44292358,-0.05798431,0.018484319,2025
31.530548,0.5258953,-0.10766354,-0.066104054,2025
31.968048,0.37706888,0.036184043,-0.051513847,2025
35.0101,0.20900385,0.118449725,0.03985296,2025
29.049072,0.5310528,-0.11616498,-0.15717448,2025
32.74054,0.41811588,-0.0836551,-0.026704071,2025
31.17508,0.51096106,-0.14345554,-0.07826014,2025
33.943695,0.4692504,0.036178056,0.009688096,2025
35.0101,0.34780926,-0.053907678,0.03985296,2025
32.125275,0.42349556,0.0052256947,-0.04636756,2025
37.884674,0.3019529,0.06770424,0.11270597,2025
35.034027,0.2903469,0.042180944,0.04050867,2025
33.239594,0.45986927,0.020322986,-0.0112893,2025
35.574066,0.29305604,0.031461358,0.055074416,2025
34.5726,0.35749888,0.034615874,0.027702747,2025
33.97104,0.52995753,-0.12727521,0.010485212,2025
35.054535,0.3424081,-0.028084857,0.041069996,2025
35.11606,0.26165852,0.054658655,0.042750046,2025
34.917816,0.39337233,0.008542219,0.03731536,2025
31.503204,0.25507125,0.08695068,-0.0670294,2025
32.50128,0.25254232,0.08416049,-0.034262143,2025
34.40512,0.49076357,-0.020631813,0.022969708,2025
32.019318,0.53669775,-0.08947357,-0.049830157,2025
30.51883,0.47068226,-0.18088414,-0.10144609,2025
34.55551,0.31911808,-0.013813589,0.027221886,2025
32.665344,0.28918606,0.073410474,-0.029067535,2025
36.421753,0.24605219,0.08435945,0.077066794,2025
34.295746,0.2694708,0.08618871,0.019853791,2025
32.52179,0.44225958,0.014090834,-0.03360995,2025
34.890472,0.3289428,0.0083004655,0.0365609,2025
36.14145,0.22360754,0.11622205,0.06990875,2025
36.91394,0.42376986,0.014005095,0.089372605,2025
31.431427,0.4750134,-0.10121239,-0.06946609,2025
33.721527,0.35499004,0.047976345,0.003163612,2025
35.304047,0.23648873,0.09419065,0.047847245,2025
35.574066,0.27211326,0.14430822,0.055074416,2025
35.68344,0.2229887,0.044763487,0.05797075,2025
32.60382,0.5755372,-0.09968855,-0.031009387,2025
34.88022,0.27370283,0.06056205,0.036277674,2025
33.677094,0.40249005,0.029947782,0.0018483849,2025
32.13211,0.37292206,0.03342289,-0.04614495,2025
35.30063,0.32044128,0.1355846,0.04775505,2025
31.855255,0.29649615,0.06767406,-0.055237044,2025
29.50711,0.53565997,-0.22479214,-0.13921168,2025
34.107758,0.45647362,-0.012187991,0.014451618,2025
32.15265,0.3984115,0.05056149,-0.0454767,2025
33.020813,0.3657048,-0.009637286,-0.017989632,2025
35.153656,0.42779163,0.021458501,0.043773845,2025
30.395782,0.5581997,-0.12572175,-0.105904914,2025
35.826996,0.28554043,0.07079782,0.061745353,2025
34.822113,0.31148523,0.08708945,0.03466957,2025
37.65909,0.4186259,0.064615466,0.10739089,2025
28.864502,0.44146112,-0.08256114,-0.1645739,2025
36.486694,0.23124066,0.08675965,0.07870949,2025
34.97934,0.36936373,-0.0032771565,0.03900858,2025
37.795807,0.29673967,0.11574225,0.110619724,2025
34.210297,0.4396841,-0.04938418,0.017405618,2025
36.633667,0.22385089,0.089859545,0.082405664,2025
25.142303,0.64624316,-0.25123158,-0.3369835,2025
38.424713,0.26907614,0.05830392,0.12517641,2025
35.085297,0.31044436,0.060244676,0.041910756,2025
33.284027,0.5372647,-0.10891875,-0.009939248,2025
33.19516,0.45594928,0.03461563,-0.012642968,2025
29.883087,0.55401963,-0.14740196,-0.1248786,2025
34.032562,0.33763054,0.04182326,0.012274039,2025
36.418335,0.47750473,-0.008559512,0.07698017,2025
35.816742,0.29177502,0.055716526,0.061476745,2025
35.48178,0.20422132,0.04429369,0.05261674,2025
38.147858,0.3950827,0.079073325,0.11882744,2025
35.656097,0.2296466,0.07661387,0.05724833,2025
35.813324,0.27960417,0.042043008,0.061387174,2025
24.916687,0.64683694,-0.27227196,-0.34908968,2025
37.53604,0.24966657,0.16224842,0.10446482,2025
34.10434,0.43659374,-0.0011034157,0.014352846,2025
33.02423,0.42082652,0.019837877,-0.017884271,2025
33.266937,0.41631988,0.021504046,-0.010458072,2025
31.17508,0.47961557,-0.033358067,-0.07826014,2025
33.66684,0.35723513,0.06898037,0.0015443779,2025
35.526215,0.21608487,0.086822964,0.05380166,2025
32.83966,0.39524132,-0.043877725,-0.023605134,2025
35.006683,0.235424,0.083929,0.03975921,2025
35.157074,0.41510233,0.033089302,0.04386681,2025
31.906525,0.50838,-0.1328449,-0.05354142,2025
35.97397,0.30171275,-0.020305937,0.06557862,2025
30.053986,0.60185856,-0.2000701,-0.11848211,2025
33.66684,0.42445907,-0.031555373,0.0015443779,2025
33.55063,0.38729852,0.06286681,-0.0019140212,2025
33.116516,0.5296086,-0.20932072,-0.015047753,2025
29.346466,0.52147335,-0.10927856,-0.1454478,2025
35.181,0.26032797,0.06948629,0.044517055,2025
30.918732,0.5313544,-0.19163656,-0.08720001,2025
34.89389,0.3519879,-0.034490887,0.036655273,2025
34.247894,0.44602868,-0.04157207,0.018484319,2025
29.011475,0.58426255,-0.2495385,-0.15867414,2025
33.656586,0.39438313,-0.05230906,0.0012401857,2025
37.949615,0.3603993,0.07922668,0.11422435,2025
31.865509,0.39880073,0.0110656405,-0.054897483,2025
35.420258,0.49610025,-0.04684263,0.05097118,2025
30.80252,0.5746163,-0.14365067,-0.09130177,2025
35.608246,0.3156152,0.01309007,0.05598143,2025
31.776642,0.44202954,-0.04029952,-0.05784763,2025
31.759552,0.45373422,-0.034285955,-0.05841686,2025
29.40799,0.58521336,-0.22143997,-0.14305146,2025
33.89926,0.4497133,-0.034809332,0.008390041,2025
33.89926,0.42049265,-0.028093385,0.008390041,2025
32.692688,0.44320157,-0.030393366,-0.028206836,2025
35.963715,0.34177846,-0.0024586236,0.0653122,2025
32.43634,0.4856708,-0.03520918,-0.036332857,2025
34.08725,0.39981112,0.06016053,0.013858685,2025
32.99347,0.3992497,-0.01567184,-0.018833304,2025
35.748383,0.4436606,-0.0047828467,0.059682064,2025
35.36557,0.28289166,0.106341116,0.04950365,2025
33.266937,0.4005255,-0.0011696699,-0.010458072,2025
38.58194,0.3699158,0.036193967,0.12874144,2025
32.13553,0.41027477,-0.037547845,-0.04603368,2025
35.926117,0.24455513,0.043828204,0.06433403,2025
35.99106,0.2822365,0.051524933,0.066022314,2025
36.397827,0.31320646,0.016827146,0.07646011,2025
37.125854,0.22640842,0.07014919,0.094570465,2025
33.906097,0.28104284,0.10375734,0.008589963,2025
28.761963,0.5686857,-0.1596832,-0.1687257,2025
33.940277,0.4995482,-0.0591277,0.009588366,2025
34.80844,0.2818347,0.120559536,0.034290414,2025
31.19217,0.44772342,-0.04259559,-0.07766937,2025
32.330383,0.48897702,-0.090449646,-0.039729252,2025
26.752167,0.60807407,-0.23928756,-0.25652796,2025
37.67276,0.3255266,0.060496323,0.107714824,2025
31.216095,0.5124237,-0.1111646,-0.07684338,2025
34.504242,0.22692053,0.03159875,0.025776444,2025
32.41925,0.4546703,-0.026450053,-0.036879163,2025
37.597565,0.39985284,-0.034110997,0.10593025,2025
35.45102,0.3515133,0.0086770635,0.051794674,2025
34.921234,0.5505117,-0.04104915,0.037409585,2025
35.461273,0.41081825,0.0702643,0.052068856,2025
38.14444,0.31948015,0.12344323,0.118748486,2025
35.427094,0.38892317,0.03759633,0.0511543,2025
33.249847,0.49664366,-0.10325355,-0.010977429,2025
34.76059,0.37514943,0.0040381984,0.032961015,2025
34.702484,0.24376555,0.073177114,0.031341817,2025
28.119385,0.5923162,-0.20824057,-0.19543317,2025
34.839203,0.20539986,0.12808165,0.0351431,2025
35.539886,0.37935388,-0.041452423,0.054165654,2025
35.16391,0.34008285,0.008979695,0.044052687,2025
31.680939,0.48192686,-0.023986807,-0.06104322,2025
31.855255,0.43360358,-0.0012528235,-0.055237044,2025
31.769806,0.30517483,0.10322201,-0.05807525,2025
37.23526,0.35194433,0.051487073,0.097230814,2025
38.41104,0.2757013,0.07840635,0.12486503,2025
36.736206,0.4150943,-0.046363086,0.084966876,2025
31.865509,0.38636884,0.0,-0.054897483,2025
33.636078,0.31078622,0.026607884,0.00063124497,2025
32.121857,0.44954067,-0.019886145,-0.0464789,2025
34.343597,0.354652,0.03946759,0.021219447,2025
31.130646,0.43685535,-0.062125687,-0.07979917,2025
26.198456,0.6278111,-0.24033177,-0.283085,2025
34.0394,0.38138387,-0.045363393,0.012472398,2025
31.547638,0.50284886,-0.07126031,-0.06552653,2025
33.301117,0.46107262,-0.071416914,-0.009420956,2025
35.46811,0.28148165,0.10617211,0.052251555,2025
25.087616,0.65888107,-0.25266886,-0.33989796,2025
25.067108,0.64096,-0.2384075,-0.34099415,2025
33.191742,0.37844607,0.109768406,-0.012747247,2025
38.185455,0.19034989,0.057403136,0.11969505,2025
32.3338,0.32481116,0.11064362,-0.039619345,2025
33.724945,0.22514273,0.11482179,0.0032646395,2025
35.50229,0.24553376,0.08626872,0.053163998,2025
33.618988,0.3962207,0.0373063,0.00012322683,2025
35.204926,0.23196688,0.0697166,0.045166414,2025
31.701447,0.31296426,0.037871145,-0.06035683,2025
34.1727,0.41161484,0.017659578,0.016324542,2025
34.77768,0.3249085,0.016339928,0.03343622,2025
33.20883,0.36822405,-0.020086035,-0.012226069,2025
35.950043,0.2425347,0.04453648,0.06495674,2025
34.066742,0.20966928,0.107043535,0.013265039,2025
33.44467,0.33755097,-0.0003298442,-0.005088214,2025
35.950043,0.31588644,-0.0042042066,0.06495674,2025
29.517365,0.56869215,-0.1904756,-0.13881594,2025
32.685852,0.5550163,-0.122133434,-0.028421875,2025
31.858673,0.4920171,-0.0477721,-0.055123832,2025
32.795227,0.42008808,0.0062149554,-0.024991997,2025
30.443634,0.572198,-0.15422076,-0.10416665,2025
34.65805,0.2361501,0.07222043,0.030099941,2025
31.961212,0.42584124,-0.07076793,-0.05173875,2025
32.87384,0.5221709,-0.14780782,-0.02254087,2025
32.74054,0.51333743,-0.02858408,-0.026704071,2025
38.31192,0.31068298,0.010978732,0.122600876,2025
31.322052,0.47086048,-0.021521684,-0.073200606,2025
27.849335,0.5915089,-0.22636643,-0.20702507,2025
35.21518,0.34804028,0.027128711,0.04544444,2025
36.066254,0.39057344,0.06950487,0.06796959,2025
36.602905,0.46206623,-0.055822834,0.08163451,2025
31.116974,0.5578921,-0.13718401,-0.0802736,2025
34.668304,0.4630041,-0.047997225,0.03038681,2025
31.950958,0.38308203,0.015415701,-0.05207628,2025
31.574982,0.4651611,-0.04525198,-0.06460379,2025
36.572144,0.4315174,-0.04368868,0.080862045,2025
34.651215,0.41090804,0.019278307,0.0299086,2025
34.30258,0.34611055,0.0037748148,0.020049118,2025
34.702484,0.21674795,0.100395605,0.031341817,2025
28.874756,0.6008089,-0.19653079,-0.16416033,2025
32.009064,0.2552682,0.09474043,-0.050166465,2025
33.759125,0.40861267,0.008634701,0.0042737923,2025
33.1131,0.35578978,0.09992832,-0.015152528,2025
37.474518,0.317067,0.09050847,0.10299459,2025
34.432465,0.28662163,0.053939994,0.023745595,2025
25.258514,0.6461696,-0.2758408,-0.33083224,2025
35.290375,0.37422943,0.012513103,0.04747837,2025
33.475433,0.42660964,-0.057213716,-0.004164604,2025
34.40854,0.31495485,0.08760169,0.023066761,2025
37.112183,0.31422776,0.06754351,0.09423691,2025
29.705353,0.5650006,-0.14493285,-0.13160902,2025
30.68631,0.47222853,-0.05698009,-0.09543459,2025
34.528168,0.26671365,0.047526922,0.026451519,2025
32.381653,0.5050296,-0.11573523,-0.03808306,2025
31.96463,0.52393836,-0.054507557,-0.051626287,2025
33.994965,0.29884264,0.1220833,0.011181636,2025
32.09793,0.5079372,-0.065954484,-0.047258947,2025
36.82849,0.36076275,0.04314682,0.08725978,2025
29.70877,0.53047574,-0.1701097,-0.13147883,2025
32.02957,0.42170408,-0.0222409,-0.049494065,2025
35.310883,0.32231322,0.08261734,0.048031576,2025
37.997467,0.3040385,0.1224264,0.11533984,2025
31.940704,0.4046033,-0.015039798,-0.052414026,2025
31.058868,0.44631225,-0.105943836,-0.08229459,2025
35.60141,0.1868213,0.053777404,0.055800166,2025
33.32846,0.44128734,0.04553336,-0.008592794,2025
35.656097,0.39276463,0.03331232,0.05724833,2025
34.38803,0.29547334,0.11023229,0.022484152,2025
35.338226,0.28311387,0.057188403,0.04876818,2025
34.86313,0.30581465,-0.035243522,0.03580526,2025
35.727875,0.23047698,0.01985558,0.05914232,2025
36.89685,0.22359197,0.11393913,0.08895083,2025
31.099884,0.47467136,-0.0059848037,-0.08086722,2025
34.80844,0.34890485,0.045988187,0.034290414,2025
34.37436,0.28134286,0.058472384,0.02209536,2025
28.512451,0.5801873,-0.15174901,-0.17895319,2025
33.44467,0.2949302,0.08783423,-0.005088214,2025
32.562805,0.298457,0.04722894,-0.03230803,2025
36.14145,0.34630495,0.09589676,0.06990875,2025
31.199005,0.5700907,-0.1684445,-0.07743324,2025
32.525208,0.37235093,0.0239626,-0.03350133,2025
36.22351,0.32193795,0.00613387,0.07201581,2025
31.598907,0.47825313,-0.036012262,-0.063797705,2025
38.400787,0.32346836,0.058948606,0.12463135,2025
34.360687,0.29030243,0.0022455356,0.021706259,2025
31.99881,0.43671027,-0.08091534,-0.050502986,2025
36.165375,0.3740756,0.042597894,0.070524074,2025
33.806976,0.27752456,0.08726539,0.005683177,2025
34.193207,0.29673886,0.04415561,0.016914515,2025
32.508118,0.50697863,-0.064948924,-0.034044653,2025
35.358734,0.4261437,-0.0034137575,0.04931989,2025
30.409454,0.43278491,0.034346294,-0.10540771,2025
36.657593,0.18799695,0.050381374,0.083004564,2025
34.326508,0.35953707,0.11093834,0.02073215,2025
35.70053,0.3919495,0.07152066,0.0584217,2025
32.726868,0.30228934,0.017919198,-0.027132984,2025
32.661926,0.44661728,-0.0040051797,-0.029175224,2025
34.306,0.32307503,0.027803686,0.020146752,2025
35.816742,0.3352803,0.0005832458,0.061476745,2025
35.187836,0.22515342,0.06969587,0.044702675,2025
33.88217,0.29242954,0.006386559,0.007889883,2025
31.598907,0.57212156,-0.09150886,-0.063797705,2025
34.20346,0.49243936,-0.04190514,0.017209236,2025
31.116974,0.545089,-0.0955886,-0.0802736,2025
27.72287,0.6767162,-0.26973432,-0.21253122,2025
34.852875,0.451978,-0.10176466,0.03552159,2025
38.400787,0.35253006,0.033052128,0.12463135,2025
34.96225,0.34656596,0.015098788,0.03853884,2025
31.116974,0.47539955,-0.030513251,-0.0802736,2025
35.826996,0.32123908,0.068209425,0.061745353,2025
34.046234,0.32652217,-0.040241107,0.012670677,2025
36.486694,0.4477466,-0.04470816,0.07870949,2025
31.486115,0.21868847,0.077329084,-0.06760856,2025
31.069122,0.53381366,-0.10886456,-0.081937395,2025
31.93045,0.42383945,0.012536431,-0.052751992,2025
32.16632,0.3805188,0.014915348,-0.045032334,2025
31.52713,0.4594062,-0.061540585,-0.066219635,2025
28.878174,0.5742475,-0.21716449,-0.16402254,2025
32.45685,0.52787256,-0.15241624,-0.03567805,2025
28.22876,0.50833464,-0.22150667,-0.19080135,2025
35.741547,0.2281634,0.046957392,0.059502218,2025
29.907013,0.525794,-0.116800666,-0.12397869,2025
31.154572,0.45705485,-0.010406061,-0.07896991,2025
32.70294,0.47394794,-0.08616595,-0.027884444,2025
36.79431,0.37542722,0.015433155,0.08641189,2025
33.106262,0.48835272,-0.027226547,-0.015362141,2025
34.805023,0.48322588,-0.06847104,0.03419558,2025
34.941742,0.26378688,0.033296574,0.037974544,2025
32.443176,0.44284785,-0.016425507,-0.0361145,2025
28.191162,0.5941943,-0.22940317,-0.19238949,2025
32.55597,0.33087462,0.037763063,-0.03252479,2025
33.779633,0.34417266,0.09073705,0.0048783035,2025
34.548676,0.39105716,0.025078088,0.027029408,2025
31.961212,0.3626715,0.0068451813,-0.05173875,2025
36.353394,0.2227436,0.0968154,0.0753313,2025
25.70285,0.6198293,-0.27978104,-0.3078256,2025
34.596527,0.28166234,0.03357041,0.028375154,2025
33.072083,0.31856364,0.033668056,-0.016411508,2025
36.10385,0.25508672,0.0838009,0.06894018,2025
36.134613,0.2495235,0.091955885,0.0697328,2025
34.114594,0.39036372,0.00616388,0.014649104,2025
31.045197,0.53686225,-0.11816926,-0.08277122,2025
36.599487,0.170822,0.058161892,0.081548735,2025
36.114105,0.24998635,0.045653954,0.06920454,2025
33.554047,0.35091203,0.0069290414,-0.0018119616,2025
33.76938,0.45994827,-0.053356603,0.0045761396,2025
33.1644,0.46055645,-0.03219839,-0.013582248,2025
32.716614,0.2618939,0.026240537,-0.027454905,2025
35.39975,0.36679268,-0.047514558,0.050421387,2025
31.079376,0.5101796,-0.09240475,-0.08158044,2025
35.071625,0.22714442,0.09022667,0.04153727,2025
33.359222,0.33237404,0.0037684897,-0.0076627345,2025
31.995392,0.4605421,-0.06125311,-0.05061521,2025
35.522797,0.30974782,0.07335029,0.053710617,2025
31.807404,0.43136045,-0.058294505,-0.05682456,2025
35.526215,0.21619207,0.08554499,0.05380166,2025
34.84604,0.38726798,0.05517963,0.03533238,2025
31.014435,0.503268,-0.121213794,-0.08384517,2025
33.56772,0.35754672,0.014919326,-0.0014039313,2025
36.838745,0.25930926,0.05483729,0.087513834,2025
33.51303,0.45930278,-0.057670534,-0.0030380501,2025
38.510162,0.2787302,0.059915286,0.12711754,2025
33.59848,0.4046942,0.050500177,-0.00048707714,2025
35.222015,0.33415613,-0.045756724,0.045629703,2025
35.512543,0.30191645,0.0556366,0.053437386,2025
30.604279,0.40959856,0.051657703,-0.098370776,2025
33.36606,0.48167259,-0.0380402,-0.0074562877,2025
35.741547,0.1891164,0.0633823,0.059502218,2025
35.55356,0.23582557,0.06231177,0.05452937,2025
36.500366,0.20671917,0.09972344,0.07905457,2025
35.676605,0.3387974,0.043258667,0.05779025,2025
25.272186,0.6311122,-0.29229417,-0.33011228,2025
36.739624,0.37481487,0.016643096,0.085052006,2025
32.68927,0.29008898,0.06649158,-0.028314345,2025
33.994965,0.4280078,-0.05371082,0.011181636,2025
32.15265,0.46326828,-0.07320693,-0.0454767,2025
34.815277,0.3501681,-0.006802529,0.03448003,2025
35.3143,0.30989316,-0.016664846,0.048123714,2025
34.34018,0.20620197,0.04632167,0.021122025,2025
34.046234,0.44462004,-0.003327038,0.012670677,2025
38.257233,0.24730887,0.04604951,0.12134666,2025
33.554047,0.2870501,0.033220235,-0.0018119616,2025
33.670258,0.3284425,0.09593354,0.0016457342,2025
36.503784,0.32943508,-0.02727681,0.079140805,2025
32.344055,0.4956381,-0.0760719,-0.039289758,2025
33.054993,0.45295122,-0.07845604,-0.016937006,2025
38.06241,0.28223366,0.13525157,0.11684923,2025
34.7435,0.25614816,0.14089336,0.032485344,2025
35.85092,0.45421737,-0.08608174,0.06237152,2025
31.45877,0.36390218,0.022980345,-0.06853651,2025
35.697113,0.40040025,0.055216577,0.058331545,2025
35.61508,0.24915588,0.11435462,0.056162626,2025
35.823578,0.4170645,0.06906098,0.061655834,2025
33.201996,0.50669706,-0.048519794,-0.012434476,2025
35.56723,0.22020845,0.070689164,0.054892804,2025
34.35385,0.38565302,0.002281229,0.021511592,2025
33.670258,0.41466013,-0.00023667955,0.0016457342,2025
37.450592,0.2594105,0.10208026,0.10242152,2025
33.889008,0.34305373,0.010286439,0.008090006,2025
25.193573,0.6219604,-0.27626446,-0.33426273,2025
24.865417,0.61879873,-0.28039455,-0.35187134,2025
35.071625,0.31938323,-0.01366634,0.04153727,2025
35.98764,0.19955584,0.02552499,0.065933615,2025
33.653168,0.3017845,0.039677072,0.0011387472,2025
31.858673,0.47294298,-0.031208565,-0.055123832,2025
30.682892,0.46215925,-0.044521436,-0.09555662,2025
33.96762,0.3168192,0.028477153,0.010385643,2025
31.243439,0.42379147,0.015565161,-0.07590095,2025
33.728363,0.27675176,-0.015672859,0.0033656468,2025
30.717072,0.48778036,-0.057593,-0.09433757,2025
35.187836,0.32914314,0.039994296,0.044702675,2025
32.361145,0.57251847,-0.053633254,-0.03874091,2025
33.017395,0.4607018,-0.070697345,-0.018095015,2025
27.080292,0.5895914,-0.23123865,-0.24130292,2025
35.874847,0.2853195,0.092632204,0.06299684,2025
34.429047,0.38705027,0.052046854,0.023648676,2025
27.811737,0.5918137,-0.23881625,-0.2086568,2025
36.551636,0.24530675,0.12510712,0.080346346,2025
33.536957,0.44341028,-0.08215227,-0.0023224675,2025
35.90561,0.2678815,0.060989663,0.06379961,2025
35.73471,0.2664035,0.10371195,0.059322305,2025
33.721527,0.33393246,0.04721285,0.003163612,2025
34.347015,0.3391261,-0.064033195,0.021316849,2025
28.256104,0.5734932,-0.22698511,-0.189649,2025
34.722992,0.22718057,0.13091487,0.031913918,2025
34.264984,0.27318132,0.04149278,0.018973855,2025
34.511078,0.2666294,0.0178139,0.025969418,2025
36.24402,0.3023542,-0.0032256886,0.07254089,2025
32.35431,0.26422027,0.06849423,-0.038960382,2025
34.85971,0.32748467,0.062211804,0.035710722,2025
33.352386,0.4360034,0.0014141939,-0.007869266,2025
39.767975,0.29619756,0.12387574,0.15472575,2025
34.986176,0.38164124,0.04376066,0.039196346,2025
32.716614,0.39780703,0.028886445,-0.027454905,2025
27.11789,0.6147054,-0.22482446,-0.23958191,2025
33.636078,0.2473076,0.04013586,0.00063124497,2025
34.84262,0.31589326,0.048055023,0.035237752,2025
33.420746,0.3773044,0.028401608,-0.0058077527,2025
32.412415,0.43838924,0.028844757,-0.037097845,2025
35.99106,0.3221181,0.09361223,0.066022314,2025
30.084747,0.4834742,-0.06495324,-0.11733846,2025
33.71469,0.40564388,0.008713025,0.002961495,2025
26.98117,0.6191104,-0.24707855,-0.24586311,2025
38.017975,0.27106333,-0.0046474338,0.11581705,2025
34.377777,0.39045396,0.12614387,0.022192588,2025
38.1752,0.302387,-0.011887978,0.1194586,2025
32.59015,0.36145392,0.047200967,-0.031441905,2025
35.11264,0.43078476,0.070599556,0.042656865,2025
31.633087,0.44992504,-0.046621196,-0.06264827,2025
34.787933,0.4253681,0.05895806,0.03372112,2025
28.796143,0.57553226,-0.17262626,-0.16733848,2025
36.753296,0.34504077,0.023056958,0.085392356,2025
25.121796,0.63582295,-0.2611981,-0.33807495,2025
34.753754,0.38559407,-0.024351008,0.0327708,2025
38.147858,0.30909207,0.06010354,0.11882744,2025
34.042816,0.29656425,0.025253957,0.012571548,2025
31.574982,0.5137173,-0.056954622,-0.06460379,2025
34.92807,0.42356113,0.024599772,0.037597977,2025
37.642,0.35124204,0.06746285,0.106985636,2025
32.06717,0.36867678,0.052794624,-0.048263572,2025
34.364105,0.24009645,0.07567972,0.021803563,2025
33.359222,0.37178642,0.014621891,-0.0076627345,2025
32.812317,0.46486646,0.028110515,-0.024458144,2025
29.958282,0.52663195,-0.08163609,-0.12205516,2025
30.679474,0.49295893,-0.06989453,-0.09567867,2025
37.42325,0.42734194,0.0061377967,0.1017657,2025
34.586273,0.29601124,0.0011017554,0.028087094,2025
31.5784,0.49037296,-0.06339837,-0.06448856,2025
34.856293,0.40386876,0.07182352,0.035616163,2025
37.710358,0.34045404,0.08745235,0.108604446,2025
35.495453,0.26383683,0.062020846,0.05298165,2025
32.2381,0.2975644,0.1223592,-0.042705595,2025
33.64975,0.36431178,0.05462711,0.001037288,2025
25.173065,0.64319754,-0.24974182,-0.3353497,2025
31.810822,0.4407485,-0.02150028,-0.056711007,2025
34.230804,0.26693895,0.06785227,0.017994294,2025
36.9823,0.23291962,0.05846528,0.09105585,2025
32.935364,0.26877755,0.06408096,-0.020630758,2025
36.24402,0.3344447,0.0689206,0.07254089,2025
37.7377,0.33836144,0.13158236,0.10925032,2025
35.51938,0.1970799,0.13744141,0.05361956,2025
33.068665,0.42896795,-0.086386845,-0.016516564,2025
28.338135,0.35453188,0.012597283,-0.18620528,2025
33.612152,0.38561064,0.008927193,-8.012508e-05,2025
36.37732,0.20604967,0.011322778,0.07593946,2025
35.98764,0.36481145,0.12831004,0.065933615,2025
33.116516,0.41811776,-0.030563194,-0.015047753,2025
33.61557,0.472947,-0.027134422,2.1561213e-05,2025
31.886017,0.40856576,0.0033546367,-0.054219015,2025
35.321136,0.3339127,-0.02096106,0.048307937,2025
38.26065,0.25236496,0.044949654,0.12142515,2025
32.340637,0.46404508,-0.022904558,-0.039399598,2025
33.68393,0.34396213,0.06803472,0.0020509535,2025
34.941742,0.28291857,0.025753964,0.037974544,2025
33.909515,0.43737558,-0.050301068,0.008689894,2025
31.800568,0.55093855,-0.07627022,-0.057051737,2025
32.72345,0.4297831,0.02572942,-0.027240269,2025
34.53842,0.27879524,0.03248646,0.02674055,2025
36.86267,0.27934587,0.11822026,0.08810609,2025
31.937286,0.44964185,0.0057378714,-0.052526657,2025
36.332886,0.22357085,0.060273156,0.07480937,2025
36.927612,0.20919272,0.049820177,0.08970975,2025
34.278656,0.34162468,0.040969376,0.019365134,2025
35.946625,0.23976266,0.07487511,0.06486783,2025
33.75229,0.417291,0.015560998,0.004072125,2025
36.606323,0.1908839,0.10872193,0.081720255,2025
34.25815,0.42485315,-0.07281322,0.018778099,2025
34.44272,0.27796045,0.013487247,0.024036234,2025
35.51938,0.32797548,0.0031409597,0.05361956,2025
36.24402,0.19035651,0.082946554,0.07254089,2025
39.887604,0.35614473,0.10259529,0.15726085,2025
33.66342,0.28880343,0.13180798,0.0014430011,2025
37.87442,0.28360534,-0.049900014,0.11246575,2025
36.414917,0.18103491,0.058669034,0.07689354,2025
35.0477,0.26506218,0.07022414,0.04088296,2025
35.39633,0.18228531,0.086343154,0.050329693,2025
33.386566,0.33272767,0.036448423,-0.006837454,2025
34.634125,0.33298457,0.043513272,0.029429918,2025
33.779633,0.4510394,0.03146286,0.0048783035,2025
35.80307,0.44157848,0.029891176,0.061118357,2025
30.101837,0.4729861,-0.04427501,-0.116704114,2025
37.32071,0.2460292,0.07486517,0.09929779,2025
38.202545,0.30721977,0.117998004,0.12008885,2025
34.500824,0.37217608,0.054007586,0.02567993,2025
33.653168,0.40109167,-0.010171259,0.0011387472,2025
34.200043,0.21771687,0.118164726,0.017111015,2025
31.721954,0.37182173,0.0045241783,-0.05967132,2025
32.525208,0.40028742,-0.022020211,-0.03350133,2025
29.527618,0.5673656,-0.13798976,-0.13842048,2025
32.446594,0.32364452,0.0548909,-0.03600535,2025
36.33972,0.19111045,0.053557467,0.07498341,2025
34.671722,0.265898,0.073916696,0.030482395,2025
31.89627,0.49598303,-0.066884965,-0.053880107,2025
33.97104,0.2869492,0.015297077,0.010485212,2025
36.07309,0.27619994,-0.02606545,0.06814621,2025
35.512543,0.24288794,0.09494205,0.053437386,2025
35.24594,0.3200992,0.127342,0.046277553,2025
35.895355,0.3434172,0.08327301,0.06353217,2025
30.641876,0.531912,-0.08722921,-0.09702308,2025
28.970459,0.56423616,-0.20893903,-0.16031456,2025
32.644836,0.47280028,-0.015792811,-0.029714005,2025
26.806854,0.6061392,-0.27074206,-0.25396457,2025
34.528168,0.30055687,0.100307874,0.026451519,2025
27.179413,0.60057706,-0.22870758,-0.236776,2025
35.153656,0.22669435,0.107568584,0.043773845,2025
31.985138,0.3159148,0.027663974,-0.050952017,2025
35.474945,0.2826551,0.043690663,0.052434184,2025
30.993927,0.52952355,-0.13587509,-0.08456232,2025
35.29721,0.33908463,0.034389164,0.047662843,2025
36.168793,0.1818359,0.040488336,0.07061191,2025
28.24585,0.6235385,-0.23595114,-0.19008087,2025
35.82016,0.25444126,0.078392826,0.061566297,2025
34.193207,0.29193413,-0.0352853,0.016914515,2025
35.847504,0.39639345,0.02799383,0.062282115,2025
32.29962,0.32253897,0.07193785,-0.040719476,2025
32.7713,0.31651685,0.0364969,-0.025740327,2025
33.6019,0.5196033,-0.06862628,-0.00038530806,2025
32.210754,0.44604585,-0.009024207,-0.043590747,2025
29.54129,0.5400096,-0.15455087,-0.1378936,2025
31.35965,0.44958013,-0.04804228,-0.07191393,2025
32.85675,0.47354388,-0.07276704,-0.023072725,2025
33.80356,0.32710177,0.01854464,0.0055826395,2025
36.182465,0.3011007,0.021564713,0.070963085,2025
35.639008,0.24610017,0.08182197,0.05679626,2025
39.162994,0.25890648,0.027796578,0.14166816,2025
32.986633,0.34925377,0.12479445,-0.01904444,2025
35.731293,0.20709226,0.090728186,0.05923232,2025
38.147858,0.27604124,0.017755,0.11882744,2025
38.37686,0.25208113,0.12750651,0.12408561,2025
35.09555,0.29205912,0.039034046,0.042190682,2025
31.978302,0.5074279,-0.043421693,-0.05117668,2025
35.368988,0.28345883,0.08965259,0.049595505,2025
35.697113,0.31112272,-0.020794876,0.058331545,2025
36.548218,0.29232085,0.12402742,0.080260344,2025
35.806488,0.23657599,0.14728455,0.06120798,2025
36.001312,0.22023202,0.056436278,0.06628833,2025
38.15811,0.32697818,0.06397301,0.119064234,2025
31.32547,0.50353205,-0.05985004,-0.07308351,2025
32.82257,0.396702,-0.046132267,-0.024138099,2025
31.96463,0.5527582,-0.07662717,-0.051626287,2025
36.319214,0.17668784,0.074474536,0.0744611,2025
34.57602,0.3872974,0.044216786,0.027798863,2025
35.22885,0.4324356,0.018883971,0.045814894,2025
35.7518,0.23916136,0.032018863,0.059771962,2025
30.511993,0.48948765,-0.050122075,-0.10169286,2025
26.957245,0.6198268,-0.2467388,-0.24696888,2025
34.832367,0.30447152,0.042393256,0.034953743,2025
30.952911,0.50186235,-0.06879592,-0.08599947,2025
33.458344,0.35831308,-0.007411001,-0.004677511,2025
31.568146,0.5072524,-0.06459303,-0.06483433,2025
32.340637,0.5115893,-0.09942649,-0.039399598,2025
35.53647,0.23960367,0.06532167,0.054074682,2025
34.82553,0.26935,0.028044395,0.034764316,2025
34.435883,0.34468362,0.023294965,0.023842493,2025
37.06775,0.35994694,0.018995607,0.09315116,2025
35.075043,0.34245163,0.045744333,0.041630667,2025
32.15265,0.44918898,-0.018169831,-0.0454767,2025
32.289368,0.5041161,-0.09816523,-0.041049972,2025
31.800568,0.47383648,-0.058027934,-0.057051737,2025
31.944122,0.54726195,-0.11822684,-0.05230142,2025
33.793304,0.4142554,-0.019538894,0.005280903,2025
32.347473,0.31470627,0.065026134,-0.039179944,2025
32.255188,0.40096727,0.06072561,-0.042153135,2025
37.194214,0.21216202,0.06445927,0.09623455,2025
34.38803,0.46871606,-0.08205269,0.022484152,2025
28.129639,0.48372108,-0.12883565,-0.1949974,2025
33.738617,0.36302584,0.088137425,0.003668546,2025
32.398743,0.45270413,-0.013837723,-0.03753549,2025
33.55063,0.4875805,-0.03809571,-0.0019140212,2025
33.335297,0.37309396,-0.03320584,-0.008385966,2025
31.978302,0.5051612,-0.04675327,-0.05117668,2025
31.32547,0.43852758,-0.03279897,-0.07308351,2025
32.45343,0.33590502,-0.017921405,-0.035787128,2025
35.39975,0.22345968,0.051487,0.050421387,2025
29.821564,0.5754535,-0.15840283,-0.12719928,2025
34.705902,0.2671788,0.08040653,0.031437214,2025
38.9169,0.2577395,0.063182555,0.13624044,2025
36.00815,0.35261792,0.011143503,0.066465594,2025
33.270355,0.511436,-0.009739354,-0.010354265,2025
31.756134,0.39258125,-0.07538669,-0.058530778,2025
26.030975,0.6152287,-0.2566697,-0.2913402,2025
29.554962,0.5932831,-0.1814248,-0.13736722,2025
32.47052,0.3383792,0.05177408,-0.035241976,2025
29.165314,0.53352934,-0.104231946,-0.15256244,2025
31.017853,0.4046167,0.02825026,-0.083725736,2025
35.748383,0.34996754,0.03450029,0.059682064,2025
33.943695,0.34921792,0.046055328,0.009688096,2025
36.404663,0.1749468,0.06387549,0.07663353,2025
31.800568,0.49959585,-0.034348704,-0.057051737,2025
33.847992,0.39862043,0.06001586,0.00688805,2025
27.26828,0.62477297,-0.256153,-0.23274535,2025
34.931488,0.18263346,0.11802594,0.03769215,2025
33.307953,0.42964888,-0.02559306,-0.0092137875,2025
35.46469,0.29469648,0.0139656775,0.052160215,2025
37.06433,0.26905465,0.15269752,0.093067534,2025
36.387573,0.30313098,0.039344404,0.07619986,2025
33.38315,0.33826032,0.035073914,-0.0069405404,2025
35.881683,0.29187015,-0.068503596,0.06317536,2025
35.0101,0.3213758,-0.030766869,0.03985296,2025
33.431,0.3333782,0.0022860505,-0.005499253,2025
34.046234,0.28017512,-0.01724716,0.012670677,2025
37.074585,0.33112335,0.11327988,0.093318366,2025
31.899689,0.36019582,0.014116822,-0.05376719,2025
38.11026,0.36626992,0.08669018,0.11795812,2025
34.84262,0.38504595,0.0710872,0.035237752,2025
32.867004,0.25620592,0.10543319,-0.022753546,2025
28.36206,0.57115376,-0.22468077,-0.18520463,2025
31.144318,0.5146659,-0.11740005,-0.07932515,2025
36.148285,0.24329561,0.0338728,0.07008465,2025
32.340637,0.33807042,0.05087257,-0.039399598,2025
26.84787,0.6419791,-0.28715575,-0.25204888,2025
31.130646,0.4508232,-0.05022085,-0.07979917,2025
24.868835,0.6524243,-0.26237562,-0.35168555,2025
34.432465,0.4517684,-0.0341222,0.023745595,2025
34.57602,0.2644121,0.078990184,0.027798863,2025
36.842163,0.26698434,0.040345136,0.08759849,2025
36.500366,0.24226288,0.07427456,0.07905457,2025
34.049652,0.2616742,0.1280686,0.012769788,2025
37.399323,0.36824402,0.00901917,0.101191066,2025
35.427094,0.26502132,0.057370834,0.0511543,2025
30.406036,0.49648193,-0.05587545,-0.10553197,2025
29.380646,0.50397027,-0.068677075,-0.14411527,2025
31.407501,0.49283162,-0.015688922,-0.07028079,2025
31.30838,0.42425755,-0.07639181,-0.073669255,2025
36.514038,0.31339362,0.13061024,0.0793994,2025
31.127228,0.29841065,0.06497606,-0.07991774,2025
34.176117,0.28512806,-0.0035696216,0.016422922,2025
35.28012,0.2692009,-0.01062265,0.047201525,2025
29.076416,0.50132275,-0.068590626,-0.15608627,2025
33.232758,0.2597059,0.13016988,-0.011497322,2025
25.760956,0.63254565,-0.2659865,-0.3048757,2025
34.398285,0.3303873,0.02613493,0.022775544,2025
32.374817,0.4749611,-0.05095156,-0.03830225,2025
33.09259,0.33026484,0.009425398,-0.015781628,2025
33.61557,0.4031241,-0.059106406,2.1561213e-05,2025
30.136017,0.5418952,-0.13513723,-0.11543757,2025
35.38266,0.26922187,0.049430795,0.04996274,2025
36.537964,0.24203251,0.051234644,0.08000223,2025
35.85092,0.25610358,0.080606826,0.06237152,2025
39.767975,0.3006683,0.14242819,0.15472575,2025
30.207794,0.49939835,-0.07408487,-0.11278715,2025
39.433014,0.26592904,0.052859955,0.14754562,2025
33.352386,0.53212947,-0.070872396,-0.007869266,2025
36.387573,0.3112438,0.005066677,0.07619986,2025
31.96463,0.34173015,0.04501861,-0.051626287,2025
27.630585,0.61525726,-0.23143713,-0.21658103,2025
34.53842,0.28527713,-0.003844273,0.02674055,2025
30.764923,0.465232,-0.041076817,-0.09263544,2025
34.931488,0.3634185,0.018305864,0.03769215,2025
36.4115,0.16446899,0.102524,0.07680688,2025
35.509125,0.35450318,-0.04038898,0.053346273,2025
36.151703,0.22948126,0.09259419,0.07017256,2025
34.719574,0.26272765,0.053214166,0.031818613,2025
33.369476,0.39608094,-0.0341511,-0.007353096,2025
33.55063,0.39667517,0.071209125,-0.0019140212,2025
33.031067,0.39378732,-0.040449895,-0.017673615,2025
32.7713,0.42260736,0.026427288,-0.025740327,2025
36.056,0.23064533,0.10910866,0.06770453,2025
38.493073,0.33530104,0.11169425,0.12673001,2025
34.196625,0.40824184,-0.006518165,0.017012775,2025
35.844086,0.26355943,0.13443477,0.062192697,2025
25.135468,0.62264484,-0.27510408,-0.33734712,2025
34.951996,0.44097385,0.017115198,0.03825677,2025
34.47348,0.35051313,0.013699872,0.024907116,2025
33.171234,0.34038302,0.045918405,-0.013373368,2025
32.344055,0.47957987,-0.10418563,-0.039289758,2025
32.617493,0.3455389,0.00466941,-0.030577231,2025
30.436798,0.5004799,-0.036533035,-0.104414634,2025
30.662384,0.60076827,-0.19510572,-0.09628936,2025
25.118378,0.65255946,-0.2642936,-0.338257,2025
35.7894,0.26026303,0.082589045,0.060759693,2025
27.592987,0.62719446,-0.23767377,-0.21823873,2025
34.056488,0.23443475,0.18318094,0.012967948,2025
34.309418,0.49836066,-0.070371695,0.020244367,2025
33.00714,0.467544,-0.06415948,-0.018411294,2025
33.560883,0.30267683,0.024376297,-0.0016079049,2025
31.62967,0.457226,-0.043725364,-0.0627631,2025
35.461273,0.30111787,0.024020338,0.052068856,2025
35.741547,0.22079685,0.086476155,0.059502218,2025
35.358734,0.24871272,0.042600963,0.04931989,2025
31.489532,0.47944662,-0.06548988,-0.06749268,2025
24.998718,0.62208766,-0.2674586,-0.34466276,2025
34.931488,0.28285688,0.05690269,0.03769215,2025
30.3992,0.4576632,-0.02312515,-0.10578057,2025
35.830414,0.33091706,-0.04712886,0.061834857,2025
31.827911,0.47316214,-0.046538167,-0.05614361,2025
35.744965,0.39840907,0.04859392,0.05959215,2025
34.79135,0.27652815,0.07281641,0.03381605,2025
32.979797,0.50534445,-0.08602713,-0.019255664,2025
25.87033,0.6262152,-0.28024027,-0.29935893,2025
33.130188,0.24816471,-0.0049954182,-0.014628872,2025
32.340637,0.39761928,0.0062676724,-0.039399598,2025
30.149689,0.53309226,-0.12535782,-0.114931755,2025
27.459686,0.57431597,-0.22438034,-0.22415257,2025
36.247437,0.4232188,-0.032152798,0.07262834,2025
36.05258,0.21084672,0.06775343,0.06761614,2025
33.335297,0.45324606,-0.04227158,-0.008385966,2025
32.138947,0.44458976,0.00793209,-0.045922436,2025
34.514496,0.36429122,0.03230638,0.026065877,2025
31.83133,0.47355285,-0.075514905,-0.056030206,2025
30.829865,0.5670911,-0.21046634,-0.090333864,2025
34.18979,0.3665274,0.06892724,0.016816236,2025
31.277618,0.48844838,-0.07929202,-0.07472522,2025
35.150238,0.21352579,0.09403809,0.043680865,2025
36.876343,0.3948763,0.044001166,0.088444166,2025
32.142365,0.47906396,-0.069495454,-0.045811214,2025
30.590607,0.48871183,-0.14320913,-0.09886167,2025
32.415833,0.3332649,0.02856044,-0.036988493,2025
35.16391,0.37836722,-0.001038658,0.044052687,2025
34.688812,0.37467816,0.021825789,0.030960038,2025
35.362152,0.3527153,-0.016939443,0.049411777,2025
34.805023,0.48924658,-0.10468854,0.03419558,2025
30.696564,0.51259786,-0.15451543,-0.09506867,2025
34.79135,0.23107925,0.08389064,0.03381605,2025
34.82553,0.22913395,0.07359135,0.034764316,2025
29.578888,0.51907176,-0.15130389,-0.13644724,2025
34.60678,0.24925156,0.06154235,0.028663045,2025
33.290863,0.32100785,0.031402063,-0.009731866,2025
25.388397,0.6508936,-0.22144116,-0.32402393,2025
35.338226,0.46360424,-0.0054236413,0.04876818,2025
31.253693,0.43285665,-0.016003301,-0.075547956,2025
28.857666,0.5843013,-0.24944621,-0.16484976,2025
35.28354,0.27770728,0.18165445,0.047293827,2025
34.27182,0.28073773,0.09166156,0.019169534,2025
34.059906,0.296071,0.034847036,0.013066998,2025
33.407074,0.5101144,-0.07210417,-0.0062193805,2025
33.403656,0.3907262,0.02669069,-0.00632234,2025
30.915314,0.50838506,-0.067512505,-0.08732021,2025
32.323547,0.39198148,0.0519651,-0.03994914,2025
34.073578,0.26181448,0.056787875,0.013463001,2025
29.261017,0.6053115,-0.235991,-0.14879279,2025
32.258606,0.32119504,0.026385477,-0.042042714,2025
35.799652,0.20064355,0.09015547,0.061028715,2025
36.722534,0.16279115,0.08263528,0.08462621,2025
36.876343,0.3644204,0.111157686,0.088444166,2025
33.943695,0.42713866,0.068517916,0.009688096,2025
35.782562,0.3652386,-0.035731852,0.06058026,2025
35.119476,0.3454269,0.013139828,0.042843208,2025
32.74054,0.39136267,-0.057391554,-0.026704071,2025
37.194214,0.3462599,0.061074257,0.09623455,2025
35.191254,0.26949817,0.051750246,0.04479546,2025
35.075043,0.39144367,0.014926751,0.041630667,2025
33.824066,0.27911103,0.03506952,0.006185563,2025
31.22293,0.3950844,0.0050500305,-0.076607615,2025
33.536957,0.34458822,0.025505526,-0.0023224675,2025
31.2742,0.37661913,0.011843915,-0.07484268,2025
34.822113,0.372155,-0.023599738,0.03466957,2025
35.150238,0.24168123,0.03579311,0.043680865,2025
35.037445,0.2862203,0.04026344,0.04060227,2025
32.289368,0.49543488,-0.0463787,-0.041049972,2025
31.47586,0.46895364,-0.014025868,-0.06795635,2025
32.04666,0.43963286,0.0070761004,-0.048934393,2025
26.957245,0.592101,-0.22354858,-0.24696888,2025
33.557465,0.28430846,0.023162413,-0.0017099229,2025
32.566223,0.45259514,-0.010920284,-0.032199685,2025
37.18396,0.17767733,0.119433865,0.09598533,2025
30.682892,0.5321877,-0.10732554,-0.09555662,2025
37.06775,0.1686012,0.04871937,0.09315116,2025
31.735626,0.5279059,-0.13298605,-0.059214808,2025
33.98471,0.4675116,-0.009978607,0.010883288,2025
34.52475,0.3480228,0.06596859,0.026355136,2025
32.323547,0.38094205,0.030651743,-0.03994914,2025
33.441254,0.28368255,0.04525367,-0.005190942,2025
28.502197,0.56357497,-0.18676016,-0.17937733,2025
33.728363,0.39587936,-0.011615618,0.0033656468,2025
29.739532,0.5716404,-0.1924014,-0.13030846,2025
35.437347,0.41329554,-0.011900682,0.051428854,2025
34.162445,0.2967731,0.040441424,0.01602929,2025
33.78647,0.3467691,0.054840356,0.005079644,2025
29.57547,0.50568396,-0.123387136,-0.13657856,2025
33.690765,0.43369058,-0.009376209,0.0022534395,2025
37.08142,0.3849836,0.002370153,0.09348551,2025
35.64926,0.24955551,-0.025187958,0.057067554,2025
35.068207,0.28009304,0.020986808,0.04144385,2025
34.210297,0.39017066,0.07763025,0.017405618,2025
35.946625,0.28951856,0.06930972,0.06486783,2025
28.758545,0.61364615,-0.19189942,-0.16886461,2025
34.76059,0.4264875,-0.049489323,0.032961015,2025
32.45685,0.20813419,0.12579402,-0.03567805,2025
33.253265,0.28790066,0.05052655,-0.010873515,2025
35.895355,0.20870152,0.06502128,0.06353217,2025
35.847504,0.3564723,-0.09124955,0.062282115,2025
37.642,0.39775315,0.00695667,0.106985636,2025
34.394867,0.3414965,0.004649776,0.022678433,2025
35.68686,0.40401322,0.0034691053,0.058060974,2025
34.53842,0.32866043,0.038211565,0.02674055,2025
27.753632,0.6267132,-0.1790698,-0.21118727,2025
33.475433,0.3639141,0.08712757,-0.004164604,2025
34.429047,0.34002748,-0.040832505,0.023648676,2025
34.1727,0.32577097,0.032681815,0.016324542,2025
28.796143,0.5669182,-0.15970789,-0.16733848,2025
33.540375,0.4520873,-0.016449383,-0.0022203247,2025
35.33139,0.29365984,-0.0053946725,0.048584137,2025
32.197083,0.30147684,0.028907025,-0.04403389,2025
32.467102,0.44633842,-0.1306888,-0.03535096,2025
35.580902,0.24992284,0.15813625,0.055255957,2025
34.94516,0.35416985,-0.020729117,0.038068637,2025
35.19467,0.24109586,0.07266041,0.044888224,2025
34.23764,0.3188927,0.09118888,0.018190363,2025
32.778137,0.5234426,-0.0677527,-0.025526406,2025
35.994476,0.26575807,0.031913515,0.066111006,2025
33.47885,0.40075552,0.033237,-0.0040620854,2025
36.86267,0.39018077,0.0856705,0.08810609,2025
34.948578,0.38597628,0.005244449,0.038162716,2025
33.656586,0.46059665,-0.00068813306,0.0012401857,2025
33.577972,0.31521672,0.002764773,-0.0010981265,2025
31.29129,0.38067505,0.008089161,-0.074255645,2025
32.781555,0.3260773,0.04906002,-0.025419481,2025
33.468597,0.41626567,0.051247187,-0.004369704,2025
33.24643,0.49449968,-0.06731656,-0.011081365,2025
29.257599,0.49499252,-0.12934971,-0.148927,2025
38.065826,0.30983317,0.12017205,0.11692853,2025
35.929535,0.20526345,0.08296449,0.06442303,2025
33.342133,0.4923526,-0.12108477,-0.008179222,2025
34.11801,0.48966512,-0.047119427,0.014747817,2025
32.761047,0.4026951,0.024289746,-0.026061375,2025
36.168793,0.23758285,0.08023399,0.07061191,2025
32.14923,0.37373185,-0.0027371028,-0.04558785,2025
32.966125,0.3364956,0.06777609,-0.019678375,2025
36.25769,0.41878197,-0.023401698,0.07289061,2025
28.611572,0.6166251,-0.25015625,-0.17486887,2025
29.982208,0.59792906,-0.225762,-0.121159755,2025
36.114105,0.3830774,-0.01705239,0.06920454,2025
35.898773,0.22876738,-0.0036673516,0.063621335,2025
33.222504,0.32958806,0.047316674,-0.011809514,2025
30.829865,0.41863465,-0.014319963,-0.090333864,2025
29.185822,0.4994606,-0.053299885,-0.15175258,2025
36.6781,0.20532131,0.06838832,0.08351728,2025
32.378235,0.48242286,-0.03794615,-0.038192645,2025
34.535004,0.39533806,-0.016460383,0.026644224,2025
33.755707,0.39932603,0.056715336,0.0041729687,2025
32.67218,0.439784,-0.0634988,-0.028852224,2025
33.49936,0.4470502,-0.08158065,-0.0034474137,2025
33.188324,0.22208126,0.032990728,-0.0128515465,2025
29.889923,0.50116307,-0.1526378,-0.12462134,2025
34.230804,0.33887184,-0.03856776,0.017994294,2025
38.20938,0.24882574,-0.016309123,0.120246276,2025
35.960297,0.3240808,0.031012757,0.06522336,2025
36.025238,0.24594797,0.10895223,0.06690845,2025
34.70932,0.44396466,0.013047032,0.03153259,2025
33.031067,0.38458434,-0.011207627,-0.017673615,2025
35.63559,0.24362056,0.054729305,0.05670579,2025
33.44467,0.3734182,-0.031566933,-0.005088214,2025
35.73813,0.34117463,0.11315667,0.05941227,2025
30.874298,0.47615492,-0.038491372,-0.08876468,2025
31.643341,0.4463357,-0.014691575,-0.06230392,2025
26.823944,0.61887395,-0.22853222,-0.25316566,2025
35.239105,0.24932688,0.075715706,0.046092544,2025
33.960785,0.35356748,0.057348177,0.010186444,2025
37.532623,0.35521922,0.12254137,0.104383275,2025
33.42758,0.46301028,-0.0075564208,-0.005602065,2025
31.89627,0.48040062,-0.043450966,-0.053880107,2025
37.177124,0.2128889,-0.015818827,0.09581911,2025
29.79422,0.47946265,-0.066033706,-0.12823378,2025
33.861664,0.38411713,0.06724094,0.007289026,2025
38.807526,0.23218855,0.2002469,0.13380602,2025
34.77768,0.35657704,0.0893871,0.03343622,2025
33.793304,0.43644607,-0.058676686,0.005280903,2025
37.040405,0.23920374,0.1395494,0.09248171,2025
34.60678,0.35980082,-0.013830382,0.028663045,2025
31.568146,0.53697336,-0.09347778,-0.06483433,2025
35.4476,0.22344282,0.031305946,0.051703244,2025
32.51837,0.42198697,0.020055693,-0.033718593,2025
32.90802,0.46327135,-0.06428244,-0.021478815,2025
34.377777,0.4228244,-0.07378026,0.022192588,2025
33.082336,0.36432654,-0.0037528072,-0.01609647,2025
35.680023,0.27234283,0.07548042,0.05788051,2025
27.545135,0.5924682,-0.21702428,-0.22035505,2025
34.227386,0.38622588,-0.03477675,0.017896231,2025
33.721527,0.35633433,0.02214456,0.003163612,2025
34.306,0.37538543,-7.628839e-05,0.020146752,2025
35.341644,0.27607954,-0.028791739,0.048860177,2025
35.611664,0.3145128,-0.013056542,0.056072038,2025
32.258606,0.43215474,-0.021168856,-0.042042714,2025
32.347473,0.4667202,-0.005891434,-0.039179944,2025
35.184418,0.4353523,-0.0034702923,0.044609874,2025
25.429413,0.6337403,-0.25604331,-0.3218884,2025
33.653168,0.15313847,0.082360245,0.0011387472,2025
35.984222,0.40732798,-0.018274572,0.065844886,2025
32.945618,0.28918773,0.0564049,-0.020313099,2025
35.109222,0.34024763,0.004024835,0.042563662,2025
33.91977,0.3786904,0.037370417,0.008989566,2025
35.51596,0.39805597,-0.10178663,0.05352848,2025
33.072083,0.37784824,0.04515071,-0.016411508,2025
40.998474,0.3222639,0.077002324,0.18009521,2025
35.191254,0.3014449,-0.0011932111,0.04479546,2025
31.363068,0.5348138,-0.070171274,-0.07179711,2025
35.66635,0.4559622,-0.0032472692,0.05751937,2025
34.651215,0.22904375,0.04654527,0.0299086,2025
31.605743,0.43432355,-0.002897572,-0.063567616,2025
34.210297,0.21567397,0.09501588,0.017405618,2025
35.461273,0.37719935,0.055271104,0.052068856,2025
34.97592,0.3133873,0.046702947,0.038914666,2025
34.764008,0.4288794,0.0050522527,0.033056095,2025
29.35672,0.5820772,-0.115809396,-0.14504772,2025
32.002228,0.43224382,-0.026639977,-0.050390787,2025
32.002228,0.48139143,-0.123437904,-0.050390787,2025
33.506195,0.48049885,0.005585759,-0.00324269,2025
33.85141,0.31853077,0.08606772,0.0069883247,2025
33.95395,0.35606268,0.03572351,0.009987165,2025
34.07016,0.35789618,-0.009207459,0.01336403,2025
31.800568,0.46177647,-0.05535488,-0.057051737,2025
35.50229,0.32210946,0.05939107,0.053163998,2025
34.65805,0.42357233,-0.06687709,0.030099941,2025
38.36319,0.38203,0.0049606757,0.123773456,2025
36.011566,0.30114055,0.033647966,0.066554196,2025
34.852875,0.44445246,0.038699653,0.03552159,2025
32.467102,0.48323414,-0.016307542,-0.03535096,2025
31.082794,0.4779729,-0.018520338,-0.081461504,2025
28.478271,0.5415623,-0.17195171,-0.18036817,2025
33.26352,0.43973306,0.011854583,-0.010561901,2025
25.65158,0.6070345,-0.24918666,-0.31043953,2025
33.01056,0.37789297,-0.0013941169,-0.018305846,2025
32.525208,0.2846694,0.04339019,-0.03350133,2025
31.592072,0.5067463,-0.03807711,-0.06402789,2025
31.29129,0.49182603,-0.06514637,-0.074255645,2025
34.869965,0.24577866,0.08024726,0.03599428,2025
34.16928,0.4124965,-0.07062078,0.016226146,2025
36.623413,0.43916956,-0.0012251968,0.08214875,2025
36.045746,0.22351846,0.092576884,0.06743932,2025
28.235596,0.6253247,-0.24456882,-0.19051306,2025
35.157074,0.3506838,-0.034374047,0.04386681,2025
35.160492,0.35970828,0.054402564,0.043959755,2025
36.404663,0.24837407,0.1220063,0.07663353,2025
31.84842,0.54056215,-0.1104868,-0.05546354,2025
35.697113,0.3316524,0.02124201,0.058331545,2025
27.62033,0.5952216,-0.22354221,-0.21703269,2025
32.313293,0.4753747,0.0043099388,-0.040279146,2025
32.897766,0.46491763,-0.037869625,-0.021797199,2025
32.716614,0.5235301,-0.06149544,-0.027454905,2025
24.967957,0.6398032,-0.27367276,-0.34631944,2025
34.88022,0.2715765,0.08691515,0.036277674,2025
27.565643,0.58676296,-0.20267299,-0.21944715,2025
29.81131,0.58024156,-0.21487698,-0.12758699,2025
36.216675,0.21811943,0.23776746,0.07184065,2025
35.574066,0.3988168,0.06135443,0.055074416,2025
35.273285,0.5099441,-0.02147926,0.047016874,2025
36.02182,0.3263274,0.06996932,0.06681991,2025
34.941742,0.45318353,-0.08507875,0.037974544,2025
35.792816,0.28509122,0.03612484,0.060849387,2025
32.709778,0.41562885,-0.03858487,-0.02766963,2025
34.37436,0.35713828,0.005160179,0.02209536,2025
32.747375,0.2791093,0.06831173,-0.02648975,2025
34.67856,0.37539747,-0.024856707,0.03067351,2025
36.54138,0.2324029,0.122294515,0.08008828,2025
35.529633,0.48862034,-0.058183633,0.053892683,2025
32.89093,0.40263924,0.06874856,-0.022009566,2025
36.44226,0.22901091,-0.0018058011,0.077586174,2025
33.137024,0.399652,0.07031079,-0.014419561,2025
37.72061,0.21815099,0.06683274,0.10884676,2025
36.876343,0.23232093,0.082229696,0.088444166,2025
32.83966,0.44403124,-0.022693252,-0.023605134,2025
35.43393,0.3230487,-0.019048827,0.051337354,2025
35.543304,0.31992114,0.0061054537,0.05425661,2025
31.533966,0.37611112,-0.00280762,-0.0659885,2025
35.16391,0.44700268,0.029933117,0.044052687,2025
33.76938,0.38855022,0.01850815,0.0045761396,2025
34.452972,0.24558239,0.120766535,0.0243267,2025
36.5448,0.32935953,0.104984164,0.08017432,2025
34.00522,0.30324724,0.04226281,0.011479803,2025
33.41391,0.34028918,-0.017024437,-0.0060135243,2025
35.505707,0.4061785,0.028833052,0.053255145,2025
33.02765,0.369659,0.042652547,-0.017778933,2025
36.33972,0.26033705,0.09087083,0.07498341,2025
37.713776,0.32575464,0.10164652,0.10868523,2025
33.48227,0.3252201,0.08170321,-0.003959588,2025
31.67752,0.44608754,-0.08841801,-0.061157707,2025
33.656586,0.4006991,0.025293244,0.0012401857,2025
34.934906,0.2855992,0.06734449,0.037786298,2025
28.970459,0.60727984,-0.21714078,-0.16031456,2025
34.37436,0.33892274,0.045177758,0.02209536,2025
33.506195,0.35984522,0.042511813,-0.00324269,2025
35.68344,0.30698347,0.13593337,0.05797075,2025
34.285492,0.42096162,0.028950188,0.019560656,2025
29.267853,0.52370024,-0.13618648,-0.14852448,2025
34.196625,0.25766215,0.10050696,0.017012775,2025
33.034485,0.39770746,0.06417749,-0.01756832,2025
33.47885,0.37685022,0.039005153,-0.0040620854,2025
32.685852,0.47898316,-0.113978386,-0.028421875,2025
31.178497,0.46195382,-0.02552238,-0.07814193,2025
33.51645,0.41568634,-0.08756317,-0.0029357616,2025
33.687347,0.40661013,0.02786547,0.0021522068,2025
36.555054,0.23922184,0.091231234,0.08043234,2025
36.295288,0.26080018,0.050064247,0.07385099,2025
34.664886,0.32325912,-0.03137763,0.030291205,2025
31.537384,0.48042405,-0.04613713,-0.065872975,2025
34.463226,0.28848985,0.027361853,0.024616994,2025
32.72003,0.48045334,-0.063574955,-0.027347576,2025
31.25711,0.54076636,-0.14160322,-0.07543035,2025
32.06375,0.31728542,0.041231576,-0.048375316,2025
33.072083,0.3075546,0.18023777,-0.016411508,2025
36.93103,0.17358865,0.06799074,0.089794,2025
34.52475,0.35418946,-0.058718342,0.026355136,2025
35.912445,0.41590616,0.014392821,0.063977815,2025
29.780548,0.51099575,-0.1236533,-0.12875174,2025
34.80844,0.3443623,0.07542087,0.034290414,2025
31.116974,0.5094921,-0.065768614,-0.0802736,2025
35.929535,0.2100318,0.06829867,0.06442303,2025
25.162811,0.62907463,-0.29129305,-0.33589387,2025
34.032562,0.51892173,-0.025458636,0.012274039,2025
36.435425,0.23775034,0.031473864,0.07741311,2025
35.170746,0.28369495,0.1219799,0.044238485,2025
34.261566,0.31549478,0.12971853,0.018875986,2025
36.097015,0.2789102,0.009460768,0.06876386,2025
27.586151,0.62329763,-0.19200347,-0.21854061,2025
33.636078,0.44468224,-0.10622297,0.00063124497,2025
32.145813,0.5048708,-0.04945947,-0.045699023,2025
34.165863,0.28789994,0.04389485,0.016127728,2025
32.79181,0.35768017,0.06075766,-0.025098834,2025
32.21759,0.48491424,-0.019453185,-0.04336932,2025
33.174652,0.32489383,-0.0055404515,-0.013268962,2025
34.0394,0.258839,0.061703656,0.012472398,2025
32.644836,0.517647,-0.0750439,-0.029714005,2025
32.863586,0.45039612,-0.033853035,-0.022859916,2025
32.90802,0.34059635,0.03385871,-0.021478815,2025
30.751251,0.5659491,-0.19996291,-0.09312122,2025
33.400238,0.38403204,0.01711734,-0.0064253206,2025
31.424591,0.38718843,0.022394758,-0.069698736,2025
34.668304,0.3609231,0.04404463,0.03038681,2025
35.26303,0.35322073,-0.026766041,0.046739765,2025
35.98764,0.26045585,0.089286,0.065933615,2025
30.928986,0.5227585,-0.092031516,-0.086839564,2025
32.275696,0.39853278,-0.02464493,-0.041490957,2025
36.032074,0.4245083,-0.014763908,0.067085475,2025
33.957367,0.2665899,0.0817964,0.010086815,2025
32.6756,0.3677921,0.049873672,-0.028744604,2025
32.197083,0.3100317,0.062072724,-0.04403389,2025
36.585815,0.31914464,0.058573075,0.08120552,2025
34.244476,0.26256245,0.098612025,0.018386353,2025
31.622833,0.34566942,-0.00400016,-0.06299284,2025
37.549713,0.19995564,0.04596649,0.10479089,2025
33.56772,0.34060952,0.06249779,-0.0014039313,2025
34.182953,0.42881632,0.0055065476,0.016619617,2025
30.864044,0.50207,-0.13226114,-0.0891264,2025
35.122894,0.27644444,0.09546141,0.042936355,2025
32.726868,0.44468546,-0.006616076,-0.027132984,2025
33.95395,0.25414506,0.04335298,0.009987165,2025
34.599945,0.3977727,-0.03146857,0.028471138,2025
31.691193,0.41486576,0.023931572,-0.060699914,2025
33.64633,0.34715348,0.0067796814,0.0009358081,2025
35.48178,0.26689917,0.03012273,0.05261674,2025
33.90268,0.2974573,0.06308954,0.008490012,2025
32.463684,0.505943,-0.17896052,-0.03545997,2025
34.887054,0.24151634,0.09594905,0.036466513,2025
37.054077,0.20893024,0.049704988,0.092816554,2025
36.565308,0.27664274,0.076723285,0.08069021,2025
28.14331,0.5621227,-0.19777298,-0.19441688,2025
36.82849,0.28992456,0.20684062,0.08725978,2025
30.101837,0.53155905,-0.08447895,-0.116704114,2025
33.32846,0.45255485,-0.008467792,-0.008592794,2025
34.217133,0.3064984,0.011213547,0.017601922,2025
33.81723,0.44440296,0.031511083,0.0059846696,2025
32.846497,0.45117205,-0.017287511,-0.023392105,2025
32.002228,0.2540516,0.0829474,-0.050390787,2025
34.53842,0.26830876,0.12663513,0.02674055,2025
36.787476,0.24136727,0.10911808,0.08624213,2025
30.676056,0.47958937,-0.0141276475,-0.09580076,2025
35.157074,0.4311558,0.020786973,0.04386681,2025
34.681976,0.3260936,0.04323843,0.030769037,2025
25.330292,0.6331681,-0.2881999,-0.32706112,2025
24.858582,0.65531987,-0.29208454,-0.3522431,2025
35.126312,0.29010826,0.034477532,0.04302948,2025
34.37436,0.3422758,0.010379774,0.02209536,2025
30.713654,0.5208524,-0.10623139,-0.09445935,2025
35.201508,0.37379035,-0.0001320952,0.045073703,2025
31.496368,0.5065576,-0.050948057,-0.06726099,2025
31.373322,0.40977055,-0.10768146,-0.07144681,2025
36.264526,0.31215337,0.03135059,0.07306537,2025
31.971466,0.5094631,-0.06391849,-0.051401433,2025
35.239105,0.2583327,0.10287209,0.046092544,2025
37.05066,0.2101251,0.0965098,0.09273287,2025
34.329926,0.22546023,0.07161569,0.020829648,2025
34.480316,0.22505665,0.06529562,0.025100434,2025
36.531128,0.21773843,0.076460995,0.07983007,2025
29.872833,0.5462098,-0.15741795,-0.12526472,2025
36.14145,0.26002127,0.043973844,0.06990875,2025
33.707855,0.37614498,0.020692298,0.002759296,2025
33.690765,0.43436378,-0.030723538,0.0022534395,2025
25.210663,0.6350899,-0.27017546,-0.33335826,2025
36.10385,0.28968894,-0.0017821646,0.06894018,2025
32.415833,0.49422485,-0.0504494,-0.036988493,2025
34.67856,0.3194508,0.08054662,0.03067351,2025
34.52475,0.5240539,-0.11590813,0.026355136,2025
37.112183,0.36045924,0.100631855,0.09423691,2025
36.056,0.31104413,0.06258346,0.06770453,2025
36.59265,0.23983808,0.10944968,0.08137716,2025
31.54422,0.39136076,0.025430096,-0.065641984,2025
28.389404,0.5641667,-0.16521241,-0.18406308,2025
35.680023,0.22147062,0.081427746,0.05788051,2025
34.637543,0.28114346,0.015025422,0.029525694,2025
31.404083,0.4525722,0.020647213,-0.07039728,2025
30.730743,0.48648438,-0.016325455,-0.0938507,2025
34.466644,0.28295645,0.025155377,0.024713721,2025
32.928528,0.42505717,0.0016776022,-0.02084264,2025
32.446594,0.24274497,0.09948397,-0.03600535,2025
35.006683,0.27755347,0.012490384,0.03975921,2025
30.710236,0.52583015,-0.18057719,-0.09458116,2025
32.460266,0.48037452,-0.05455041,-0.035568997,2025
32.696106,0.3159063,0.066189416,-0.02809935,2025
35.744965,0.30216023,0.06697521,0.05959215,2025
29.667755,0.5066526,-0.11501307,-0.1330431,2025
34.75717,0.3357528,0.039221536,0.03286592,2025
34.24106,0.39984524,-0.0042146603,0.018288368,2025
34.42221,0.25966015,0.048098896,0.023454782,2025
36.220093,0.28332898,0.10006354,0.07192824,2025
26.700897,0.6187391,-0.27582404,-0.25894067,2025
27.281952,0.6300525,-0.24676406,-0.23212758,2025
32.562805,0.36661708,0.026180405,-0.03230803,2025
34.165863,0.43829334,-0.031670276,0.016127728,2025
27.565643,0.6206901,-0.20301062,-0.21944715,2025
36.72937,0.35244572,0.14365043,0.08479658,2025
34.063324,0.42882523,-0.04699024,0.013166029,2025
32.173157,0.5204665,-0.08805434,-0.04481029,2025
32.241516,0.3478285,-0.019247971,-0.042595055,2025
36.599487,0.22746116,-0.010314529,0.081548735,2025
28.601318,0.63026154,-0.24193001,-0.17529006,2025
33.66684,0.42530137,-0.011955729,0.0015443779,2025
35.73471,0.355608,0.055644114,0.059322305,2025
34.651215,0.2757423,0.054797094,0.0299086,2025
31.383575,0.48214325,-0.07400272,-0.07109674,2025
30.549591,0.53663915,-0.15810746,-0.100337,2025
25.682343,0.61909455,-0.27201954,-0.3088699,2025
33.1644,0.46700937,-0.010701778,-0.013582248,2025
38.02481,0.29759064,0.22068903,0.115976,2025
35.29721,0.19839434,0.08715736,0.047662843,2025
26.711151,0.60065615,-0.20161806,-0.2584574,2025
32.747375,0.37177008,-0.050479904,-0.02648975,2025
31.079376,0.40457407,0.022453701,-0.08158044,2025
33.74887,0.27346405,0.08300768,0.003971261,2025
34.603363,0.2270263,0.1358417,0.0285671,2025
33.824066,0.27089506,0.10317104,0.006185563,2025
27.042694,0.604801,-0.25231,-0.24302872,2025
33.80356,0.39041442,-0.035105336,0.0055826395,2025
32.600403,0.3846781,0.042567253,-0.031117482,2025
35.102386,0.3427408,-0.008466286,0.04237721,2025
35.03061,0.31636587,0.025523081,0.040415052,2025
36.26111,0.21418232,0.12529331,0.072978,2025
35.410004,0.2719342,0.015221692,0.05069636,2025
34.01889,0.33044657,0.05728861,0.01187708,2025
35.826996,0.27977815,0.0046756514,0.061745353,2025
29.28836,0.6011409,-0.22929107,-0.14772028,2025
36.414917,0.35207358,0.0041957987,0.07689354,2025
34.9144,0.45165485,0.016937377,0.03722112,2025
36.76355,0.18712823,0.12317111,0.08564746,2025
31.81424,0.4213812,-0.060262024,-0.05659748,2025
32.962708,0.45446056,-0.021265492,-0.019784108,2025
31.810822,0.42664006,-0.032184634,-0.056711007,2025
27.599823,0.5486005,-0.17840408,-0.217937,2025
32.432922,0.515142,-0.10906757,-0.03644207,2025
34.815277,0.24327166,0.091152094,0.03448003,2025
32.661926,0.3815518,-0.024223689,-0.029175224,2025
32.494446,0.31217572,0.059454713,-0.034479722,2025
33.089172,0.48718315,-0.009244725,-0.015886554,2025
36.199554,0.223072,0.04679247,0.071401685,2025
33.01056,0.39944428,0.056681484,-0.018305846,2025
31.783478,0.37673792,0.02131859,-0.05762011,2025
34.15561,0.41483927,-0.013318993,0.015832359,2025
33.974457,0.31383315,0.13329709,0.010584761,2025
33.06183,0.34717956,-0.006388413,-0.016726742,2025
37.409576,0.30238628,0.006541106,0.10143743,2025
34.705902,0.32856715,0.06192079,0.031437214,2025
33.981293,0.24744728,0.03610189,0.0107838,2025
35.844086,0.35285679,0.06869926,0.062192697,2025
35.594574,0.3643331,-0.026911076,0.055618834,2025
28.854248,0.53531903,-0.11805292,-0.16498774,2025
35.092133,0.3657531,-0.029751187,0.042097393,2025
30.628204,0.5317126,-0.08661129,-0.09751277,2025
34.6102,0.2195762,0.097855106,0.028758971,2025
35.898773,0.16939448,0.06613663,0.063621335,2025
35.91928,0.1830724,0.077829294,0.06415595,2025
33.44809,0.44305512,0.05038227,-0.0049855066,2025
31.564728,0.41952482,-0.012795511,-0.06494963,2025
27.869843,0.6055907,-0.25255513,-0.2061369,2025
26.707733,0.59642,-0.24544999,-0.25861844,2025
35.77231,0.33363807,0.05694913,0.060310982,2025
37.23526,0.30069494,0.19285536,0.097230814,2025
32.815735,0.34776843,0.026298994,-0.02435144,2025
31.800568,0.48127916,-0.060615253,-0.057051737,2025
30.915314,0.5502601,-0.08890348,-0.08732021,2025
36.69519,0.23049878,0.016328115,0.08394411,2025
31.909943,0.4090068,0.023668554,-0.05342857,2025
33.318207,0.36554605,0.012797971,-0.008903195,2025
30.915314,0.5835347,-0.174865,-0.08732021,2025
32.583313,0.28835416,0.09633174,-0.0316583,2025
34.552094,0.3271814,-0.010311668,0.027125657,2025
26.400116,0.61134386,-0.25349197,-0.273284,2025
